2025-04-14 09:36:01: {"timestamp":"2025-04-14T12:36:01.209Z","level":"error","message":"Erro em requisição externa","error":"Request failed with status code 502"}
2025-04-14 09:36:38: {"timestamp":"2025-04-14T12:36:38.074Z","level":"error","message":"Erro em requisição externa","error":"Request failed with status code 502"}
2025-04-14 09:38:05: {"timestamp":"2025-04-14T12:38:05.160Z","level":"error","message":"Erro em requisição externa","error":"Request failed with status code 502"}
2025-04-14 09:38:20: {"timestamp":"2025-04-14T12:38:20.861Z","level":"error","message":"Erro em requisição externa","error":"timeout of 3000ms exceeded"}
2025-04-14 09:38:22: {"timestamp":"2025-04-14T12:38:22.859Z","level":"error","message":"Erro em requisição externa","error":"timeout of 3000ms exceeded"}
2025-04-14 09:38:27: {"timestamp":"2025-04-14T12:38:27.862Z","level":"error","message":"Erro em requisição externa","error":"timeout of 3000ms exceeded"}
2025-04-14 09:39:47: {"timestamp":"2025-04-14T12:39:47.932Z","level":"error","message":"Erro em requisição externa","error":"timeout of 3000ms exceeded"}
2025-04-14 09:39:49: {"timestamp":"2025-04-14T12:39:49.931Z","level":"error","message":"Erro em requisição externa","error":"timeout of 3000ms exceeded"}
2025-04-14 09:39:51: {"timestamp":"2025-04-14T12:39:51.930Z","level":"error","message":"Erro em requisição externa","error":"timeout of 3000ms exceeded"}
2025-04-14 09:39:53: {"timestamp":"2025-04-14T12:39:53.933Z","level":"error","message":"Erro em requisição externa","error":"timeout of 3000ms exceeded"}
2025-04-14 09:39:54: {"timestamp":"2025-04-14T12:39:54.934Z","level":"error","message":"Erro em requisição externa","error":"timeout of 3000ms exceeded"}
2025-04-14 09:39:55: {"timestamp":"2025-04-14T12:39:55.937Z","level":"error","message":"Erro em requisição externa","error":"timeout of 3000ms exceeded"}
2025-04-14 09:39:56: {"timestamp":"2025-04-14T12:39:56.939Z","level":"error","message":"Erro em requisição externa","error":"timeout of 3000ms exceeded"}
2025-04-14 09:39:58: {"timestamp":"2025-04-14T12:39:58.940Z","level":"error","message":"Erro em requisição externa","error":"timeout of 3000ms exceeded"}
2025-04-14 09:40:04: {"timestamp":"2025-04-14T12:40:04.946Z","level":"error","message":"Erro em requisição externa","error":"timeout of 3000ms exceeded"}
2025-04-14 09:40:07: {"timestamp":"2025-04-14T12:40:07.951Z","level":"error","message":"Erro em requisição externa","error":"timeout of 3000ms exceeded"}
2025-04-14 09:42:04: TypeError: Resource is not a constructor
2025-04-14 09:42:04:     at Object.<anonymous> (/repo/nodejs/demo-app/tracing.js:14:13)
2025-04-14 09:42:04:     at Module._compile (node:internal/modules/cjs/loader:1364:14)
2025-04-14 09:42:04:     at Module._extensions..js (node:internal/modules/cjs/loader:1422:10)
2025-04-14 09:42:04:     at Module.load (node:internal/modules/cjs/loader:1203:32)
2025-04-14 09:42:04:     at Module._load (node:internal/modules/cjs/loader:1019:12)
2025-04-14 09:42:04:     at Module.require (node:internal/modules/cjs/loader:1231:19)
2025-04-14 09:42:04:     at Hook._require.Module.require (/nix/store/shfv23xyd45wxv8w4ax04abmvmf1m78w-pm2-5.4.2/lib/node_modules/pm2/node_modules/require-in-the-middle/index.js:101:39)
2025-04-14 09:42:04:     at require (node:internal/modules/helpers:177:18)
2025-04-14 09:42:04:     at Object.<anonymous> (/repo/nodejs/demo-app/app.js:2:1)
2025-04-14 09:42:04:     at Module._compile (node:internal/modules/cjs/loader:1364:14)
2025-04-14 09:42:05: TypeError: Resource is not a constructor
2025-04-14 09:42:05:     at Object.<anonymous> (/repo/nodejs/demo-app/tracing.js:14:13)
2025-04-14 09:42:05:     at Module._compile (node:internal/modules/cjs/loader:1364:14)
2025-04-14 09:42:05:     at Module._extensions..js (node:internal/modules/cjs/loader:1422:10)
2025-04-14 09:42:05:     at Module.load (node:internal/modules/cjs/loader:1203:32)
2025-04-14 09:42:05:     at Module._load (node:internal/modules/cjs/loader:1019:12)
2025-04-14 09:42:05:     at Module.require (node:internal/modules/cjs/loader:1231:19)
2025-04-14 09:42:05:     at Hook._require.Module.require (/nix/store/shfv23xyd45wxv8w4ax04abmvmf1m78w-pm2-5.4.2/lib/node_modules/pm2/node_modules/require-in-the-middle/index.js:101:39)
2025-04-14 09:42:05:     at require (node:internal/modules/helpers:177:18)
2025-04-14 09:42:05:     at Object.<anonymous> (/repo/nodejs/demo-app/app.js:2:1)
2025-04-14 09:42:05:     at Module._compile (node:internal/modules/cjs/loader:1364:14)
2025-04-14 09:42:05: TypeError: Resource is not a constructor
2025-04-14 09:42:05:     at Object.<anonymous> (/repo/nodejs/demo-app/tracing.js:14:13)
2025-04-14 09:42:05:     at Module._compile (node:internal/modules/cjs/loader:1364:14)
2025-04-14 09:42:05:     at Module._extensions..js (node:internal/modules/cjs/loader:1422:10)
2025-04-14 09:42:05:     at Module.load (node:internal/modules/cjs/loader:1203:32)
2025-04-14 09:42:05:     at Module._load (node:internal/modules/cjs/loader:1019:12)
2025-04-14 09:42:05:     at Module.require (node:internal/modules/cjs/loader:1231:19)
2025-04-14 09:42:05:     at Hook._require.Module.require (/nix/store/shfv23xyd45wxv8w4ax04abmvmf1m78w-pm2-5.4.2/lib/node_modules/pm2/node_modules/require-in-the-middle/index.js:101:39)
2025-04-14 09:42:05:     at require (node:internal/modules/helpers:177:18)
2025-04-14 09:42:05:     at Object.<anonymous> (/repo/nodejs/demo-app/app.js:2:1)
2025-04-14 09:42:05:     at Module._compile (node:internal/modules/cjs/loader:1364:14)
2025-04-14 09:42:05: TypeError: Resource is not a constructor
2025-04-14 09:42:05:     at Object.<anonymous> (/repo/nodejs/demo-app/tracing.js:14:13)
2025-04-14 09:42:05:     at Module._compile (node:internal/modules/cjs/loader:1364:14)
2025-04-14 09:42:05:     at Module._extensions..js (node:internal/modules/cjs/loader:1422:10)
2025-04-14 09:42:05:     at Module.load (node:internal/modules/cjs/loader:1203:32)
2025-04-14 09:42:05:     at Module._load (node:internal/modules/cjs/loader:1019:12)
2025-04-14 09:42:05:     at Module.require (node:internal/modules/cjs/loader:1231:19)
2025-04-14 09:42:05:     at Hook._require.Module.require (/nix/store/shfv23xyd45wxv8w4ax04abmvmf1m78w-pm2-5.4.2/lib/node_modules/pm2/node_modules/require-in-the-middle/index.js:101:39)
2025-04-14 09:42:05:     at require (node:internal/modules/helpers:177:18)
2025-04-14 09:42:05:     at Object.<anonymous> (/repo/nodejs/demo-app/app.js:2:1)
2025-04-14 09:42:05:     at Module._compile (node:internal/modules/cjs/loader:1364:14)
2025-04-14 09:42:06: TypeError: Resource is not a constructor
2025-04-14 09:42:06:     at Object.<anonymous> (/repo/nodejs/demo-app/tracing.js:14:13)
2025-04-14 09:42:06:     at Module._compile (node:internal/modules/cjs/loader:1364:14)
2025-04-14 09:42:06:     at Module._extensions..js (node:internal/modules/cjs/loader:1422:10)
2025-04-14 09:42:06:     at Module.load (node:internal/modules/cjs/loader:1203:32)
2025-04-14 09:42:06:     at Module._load (node:internal/modules/cjs/loader:1019:12)
2025-04-14 09:42:06:     at Module.require (node:internal/modules/cjs/loader:1231:19)
2025-04-14 09:42:06:     at Hook._require.Module.require (/nix/store/shfv23xyd45wxv8w4ax04abmvmf1m78w-pm2-5.4.2/lib/node_modules/pm2/node_modules/require-in-the-middle/index.js:101:39)
2025-04-14 09:42:06:     at require (node:internal/modules/helpers:177:18)
2025-04-14 09:42:06:     at Object.<anonymous> (/repo/nodejs/demo-app/app.js:2:1)
2025-04-14 09:42:06:     at Module._compile (node:internal/modules/cjs/loader:1364:14)
2025-04-14 09:42:06: TypeError: Resource is not a constructor
2025-04-14 09:42:06:     at Object.<anonymous> (/repo/nodejs/demo-app/tracing.js:14:13)
2025-04-14 09:42:06:     at Module._compile (node:internal/modules/cjs/loader:1364:14)
2025-04-14 09:42:06:     at Module._extensions..js (node:internal/modules/cjs/loader:1422:10)
2025-04-14 09:42:06:     at Module.load (node:internal/modules/cjs/loader:1203:32)
2025-04-14 09:42:06:     at Module._load (node:internal/modules/cjs/loader:1019:12)
2025-04-14 09:42:06:     at Module.require (node:internal/modules/cjs/loader:1231:19)
2025-04-14 09:42:06:     at Hook._require.Module.require (/nix/store/shfv23xyd45wxv8w4ax04abmvmf1m78w-pm2-5.4.2/lib/node_modules/pm2/node_modules/require-in-the-middle/index.js:101:39)
2025-04-14 09:42:06:     at require (node:internal/modules/helpers:177:18)
2025-04-14 09:42:06:     at Object.<anonymous> (/repo/nodejs/demo-app/app.js:2:1)
2025-04-14 09:42:06:     at Module._compile (node:internal/modules/cjs/loader:1364:14)
2025-04-14 09:42:07: TypeError: Resource is not a constructor
2025-04-14 09:42:07:     at Object.<anonymous> (/repo/nodejs/demo-app/tracing.js:14:13)
2025-04-14 09:42:07:     at Module._compile (node:internal/modules/cjs/loader:1364:14)
2025-04-14 09:42:07:     at Module._extensions..js (node:internal/modules/cjs/loader:1422:10)
2025-04-14 09:42:07:     at Module.load (node:internal/modules/cjs/loader:1203:32)
2025-04-14 09:42:07:     at Module._load (node:internal/modules/cjs/loader:1019:12)
2025-04-14 09:42:07:     at Module.require (node:internal/modules/cjs/loader:1231:19)
2025-04-14 09:42:07:     at Hook._require.Module.require (/nix/store/shfv23xyd45wxv8w4ax04abmvmf1m78w-pm2-5.4.2/lib/node_modules/pm2/node_modules/require-in-the-middle/index.js:101:39)
2025-04-14 09:42:07:     at require (node:internal/modules/helpers:177:18)
2025-04-14 09:42:07:     at Object.<anonymous> (/repo/nodejs/demo-app/app.js:2:1)
2025-04-14 09:42:07:     at Module._compile (node:internal/modules/cjs/loader:1364:14)
2025-04-14 09:42:07: TypeError: Resource is not a constructor
2025-04-14 09:42:07:     at Object.<anonymous> (/repo/nodejs/demo-app/tracing.js:14:13)
2025-04-14 09:42:07:     at Module._compile (node:internal/modules/cjs/loader:1364:14)
2025-04-14 09:42:07:     at Module._extensions..js (node:internal/modules/cjs/loader:1422:10)
2025-04-14 09:42:07:     at Module.load (node:internal/modules/cjs/loader:1203:32)
2025-04-14 09:42:07:     at Module._load (node:internal/modules/cjs/loader:1019:12)
2025-04-14 09:42:07:     at Module.require (node:internal/modules/cjs/loader:1231:19)
2025-04-14 09:42:07:     at Hook._require.Module.require (/nix/store/shfv23xyd45wxv8w4ax04abmvmf1m78w-pm2-5.4.2/lib/node_modules/pm2/node_modules/require-in-the-middle/index.js:101:39)
2025-04-14 09:42:07:     at require (node:internal/modules/helpers:177:18)
2025-04-14 09:42:07:     at Object.<anonymous> (/repo/nodejs/demo-app/app.js:2:1)
2025-04-14 09:42:07:     at Module._compile (node:internal/modules/cjs/loader:1364:14)
2025-04-14 09:42:08: TypeError: Resource is not a constructor
2025-04-14 09:42:08:     at Object.<anonymous> (/repo/nodejs/demo-app/tracing.js:14:13)
2025-04-14 09:42:08:     at Module._compile (node:internal/modules/cjs/loader:1364:14)
2025-04-14 09:42:08:     at Module._extensions..js (node:internal/modules/cjs/loader:1422:10)
2025-04-14 09:42:08:     at Module.load (node:internal/modules/cjs/loader:1203:32)
2025-04-14 09:42:08:     at Module._load (node:internal/modules/cjs/loader:1019:12)
2025-04-14 09:42:08:     at Module.require (node:internal/modules/cjs/loader:1231:19)
2025-04-14 09:42:08:     at Hook._require.Module.require (/nix/store/shfv23xyd45wxv8w4ax04abmvmf1m78w-pm2-5.4.2/lib/node_modules/pm2/node_modules/require-in-the-middle/index.js:101:39)
2025-04-14 09:42:08:     at require (node:internal/modules/helpers:177:18)
2025-04-14 09:42:08:     at Object.<anonymous> (/repo/nodejs/demo-app/app.js:2:1)
2025-04-14 09:42:08:     at Module._compile (node:internal/modules/cjs/loader:1364:14)
2025-04-14 09:42:09: TypeError: Resource is not a constructor
2025-04-14 09:42:09:     at Object.<anonymous> (/repo/nodejs/demo-app/tracing.js:14:13)
2025-04-14 09:42:09:     at Module._compile (node:internal/modules/cjs/loader:1364:14)
2025-04-14 09:42:09:     at Module._extensions..js (node:internal/modules/cjs/loader:1422:10)
2025-04-14 09:42:09:     at Module.load (node:internal/modules/cjs/loader:1203:32)
2025-04-14 09:42:09:     at Module._load (node:internal/modules/cjs/loader:1019:12)
2025-04-14 09:42:09:     at Module.require (node:internal/modules/cjs/loader:1231:19)
2025-04-14 09:42:09:     at Hook._require.Module.require (/nix/store/shfv23xyd45wxv8w4ax04abmvmf1m78w-pm2-5.4.2/lib/node_modules/pm2/node_modules/require-in-the-middle/index.js:101:39)
2025-04-14 09:42:09:     at require (node:internal/modules/helpers:177:18)
2025-04-14 09:42:09:     at Object.<anonymous> (/repo/nodejs/demo-app/app.js:2:1)
2025-04-14 09:42:09:     at Module._compile (node:internal/modules/cjs/loader:1364:14)
2025-04-14 09:42:09: TypeError: Resource is not a constructor
2025-04-14 09:42:09:     at Object.<anonymous> (/repo/nodejs/demo-app/tracing.js:14:13)
2025-04-14 09:42:09:     at Module._compile (node:internal/modules/cjs/loader:1364:14)
2025-04-14 09:42:09:     at Module._extensions..js (node:internal/modules/cjs/loader:1422:10)
2025-04-14 09:42:09:     at Module.load (node:internal/modules/cjs/loader:1203:32)
2025-04-14 09:42:09:     at Module._load (node:internal/modules/cjs/loader:1019:12)
2025-04-14 09:42:09:     at Module.require (node:internal/modules/cjs/loader:1231:19)
2025-04-14 09:42:09:     at Hook._require.Module.require (/nix/store/shfv23xyd45wxv8w4ax04abmvmf1m78w-pm2-5.4.2/lib/node_modules/pm2/node_modules/require-in-the-middle/index.js:101:39)
2025-04-14 09:42:09:     at require (node:internal/modules/helpers:177:18)
2025-04-14 09:42:09:     at Object.<anonymous> (/repo/nodejs/demo-app/app.js:2:1)
2025-04-14 09:42:09:     at Module._compile (node:internal/modules/cjs/loader:1364:14)
2025-04-14 09:42:09: TypeError: Resource is not a constructor
2025-04-14 09:42:09:     at Object.<anonymous> (/repo/nodejs/demo-app/tracing.js:14:13)
2025-04-14 09:42:09:     at Module._compile (node:internal/modules/cjs/loader:1364:14)
2025-04-14 09:42:09:     at Module._extensions..js (node:internal/modules/cjs/loader:1422:10)
2025-04-14 09:42:09:     at Module.load (node:internal/modules/cjs/loader:1203:32)
2025-04-14 09:42:09:     at Module._load (node:internal/modules/cjs/loader:1019:12)
2025-04-14 09:42:09:     at Module.require (node:internal/modules/cjs/loader:1231:19)
2025-04-14 09:42:09:     at Hook._require.Module.require (/nix/store/shfv23xyd45wxv8w4ax04abmvmf1m78w-pm2-5.4.2/lib/node_modules/pm2/node_modules/require-in-the-middle/index.js:101:39)
2025-04-14 09:42:09:     at require (node:internal/modules/helpers:177:18)
2025-04-14 09:42:09:     at Object.<anonymous> (/repo/nodejs/demo-app/app.js:2:1)
2025-04-14 09:42:09:     at Module._compile (node:internal/modules/cjs/loader:1364:14)
2025-04-14 09:42:10: TypeError: Resource is not a constructor
2025-04-14 09:42:10:     at Object.<anonymous> (/repo/nodejs/demo-app/tracing.js:14:13)
2025-04-14 09:42:10:     at Module._compile (node:internal/modules/cjs/loader:1364:14)
2025-04-14 09:42:10:     at Module._extensions..js (node:internal/modules/cjs/loader:1422:10)
2025-04-14 09:42:10:     at Module.load (node:internal/modules/cjs/loader:1203:32)
2025-04-14 09:42:10:     at Module._load (node:internal/modules/cjs/loader:1019:12)
2025-04-14 09:42:10:     at Module.require (node:internal/modules/cjs/loader:1231:19)
2025-04-14 09:42:10:     at Hook._require.Module.require (/nix/store/shfv23xyd45wxv8w4ax04abmvmf1m78w-pm2-5.4.2/lib/node_modules/pm2/node_modules/require-in-the-middle/index.js:101:39)
2025-04-14 09:42:10:     at require (node:internal/modules/helpers:177:18)
2025-04-14 09:42:10:     at Object.<anonymous> (/repo/nodejs/demo-app/app.js:2:1)
2025-04-14 09:42:10:     at Module._compile (node:internal/modules/cjs/loader:1364:14)
2025-04-14 09:42:10: TypeError: Resource is not a constructor
2025-04-14 09:42:10:     at Object.<anonymous> (/repo/nodejs/demo-app/tracing.js:14:13)
2025-04-14 09:42:10:     at Module._compile (node:internal/modules/cjs/loader:1364:14)
2025-04-14 09:42:10:     at Module._extensions..js (node:internal/modules/cjs/loader:1422:10)
2025-04-14 09:42:10:     at Module.load (node:internal/modules/cjs/loader:1203:32)
2025-04-14 09:42:10:     at Module._load (node:internal/modules/cjs/loader:1019:12)
2025-04-14 09:42:10:     at Module.require (node:internal/modules/cjs/loader:1231:19)
2025-04-14 09:42:10:     at Hook._require.Module.require (/nix/store/shfv23xyd45wxv8w4ax04abmvmf1m78w-pm2-5.4.2/lib/node_modules/pm2/node_modules/require-in-the-middle/index.js:101:39)
2025-04-14 09:42:10:     at require (node:internal/modules/helpers:177:18)
2025-04-14 09:42:10:     at Object.<anonymous> (/repo/nodejs/demo-app/app.js:2:1)
2025-04-14 09:42:10:     at Module._compile (node:internal/modules/cjs/loader:1364:14)
2025-04-14 09:42:11: TypeError: Resource is not a constructor
2025-04-14 09:42:11:     at Object.<anonymous> (/repo/nodejs/demo-app/tracing.js:14:13)
2025-04-14 09:42:11:     at Module._compile (node:internal/modules/cjs/loader:1364:14)
2025-04-14 09:42:11:     at Module._extensions..js (node:internal/modules/cjs/loader:1422:10)
2025-04-14 09:42:11:     at Module.load (node:internal/modules/cjs/loader:1203:32)
2025-04-14 09:42:11:     at Module._load (node:internal/modules/cjs/loader:1019:12)
2025-04-14 09:42:11:     at Module.require (node:internal/modules/cjs/loader:1231:19)
2025-04-14 09:42:11:     at Hook._require.Module.require (/nix/store/shfv23xyd45wxv8w4ax04abmvmf1m78w-pm2-5.4.2/lib/node_modules/pm2/node_modules/require-in-the-middle/index.js:101:39)
2025-04-14 09:42:11:     at require (node:internal/modules/helpers:177:18)
2025-04-14 09:42:11:     at Object.<anonymous> (/repo/nodejs/demo-app/app.js:2:1)
2025-04-14 09:42:11:     at Module._compile (node:internal/modules/cjs/loader:1364:14)
2025-04-14 09:42:11: TypeError: Resource is not a constructor
2025-04-14 09:42:11:     at Object.<anonymous> (/repo/nodejs/demo-app/tracing.js:14:13)
2025-04-14 09:42:11:     at Module._compile (node:internal/modules/cjs/loader:1364:14)
2025-04-14 09:42:11:     at Module._extensions..js (node:internal/modules/cjs/loader:1422:10)
2025-04-14 09:42:11:     at Module.load (node:internal/modules/cjs/loader:1203:32)
2025-04-14 09:42:11:     at Module._load (node:internal/modules/cjs/loader:1019:12)
2025-04-14 09:42:11:     at Module.require (node:internal/modules/cjs/loader:1231:19)
2025-04-14 09:42:11:     at Hook._require.Module.require (/nix/store/shfv23xyd45wxv8w4ax04abmvmf1m78w-pm2-5.4.2/lib/node_modules/pm2/node_modules/require-in-the-middle/index.js:101:39)
2025-04-14 09:42:11:     at require (node:internal/modules/helpers:177:18)
2025-04-14 09:42:11:     at Object.<anonymous> (/repo/nodejs/demo-app/app.js:2:1)
2025-04-14 09:42:11:     at Module._compile (node:internal/modules/cjs/loader:1364:14)
2025-04-14 09:43:17: Error: Cannot find module '@opentelemetry/resources/build/src/resource'
2025-04-14 09:43:17: Require stack:
2025-04-14 09:43:17: - /repo/nodejs/demo-app/tracing.js
2025-04-14 09:43:17: - /repo/nodejs/demo-app/app.js
2025-04-14 09:43:17:     at Module._resolveFilename (node:internal/modules/cjs/loader:1140:15)
2025-04-14 09:43:17:     at Hook._require.Module.require (/nix/store/shfv23xyd45wxv8w4ax04abmvmf1m78w-pm2-5.4.2/lib/node_modules/pm2/node_modules/require-in-the-middle/index.js:81:25)
2025-04-14 09:43:17:     at require (node:internal/modules/helpers:177:18)
2025-04-14 09:43:17:     at Object.<anonymous> (/repo/nodejs/demo-app/tracing.js:9:22)
2025-04-14 09:43:17:     at Module._compile (node:internal/modules/cjs/loader:1364:14)
2025-04-14 09:43:17:     at Module._extensions..js (node:internal/modules/cjs/loader:1422:10)
2025-04-14 09:43:17:     at Module.load (node:internal/modules/cjs/loader:1203:32)
2025-04-14 09:43:17:     at Module._load (node:internal/modules/cjs/loader:1019:12)
2025-04-14 09:43:17:     at Module.require (node:internal/modules/cjs/loader:1231:19)
2025-04-14 09:43:17:     at Hook._require.Module.require (/nix/store/shfv23xyd45wxv8w4ax04abmvmf1m78w-pm2-5.4.2/lib/node_modules/pm2/node_modules/require-in-the-middle/index.js:101:39) {
2025-04-14 09:43:17:   code: 'MODULE_NOT_FOUND',
2025-04-14 09:43:17:   requireStack: [
2025-04-14 09:43:17:     '/repo/nodejs/demo-app/tracing.js',
2025-04-14 09:43:17:     '/repo/nodejs/demo-app/app.js'
2025-04-14 09:43:17:   ]
2025-04-14 09:43:17: }
2025-04-14 09:43:17: Error: Cannot find module '@opentelemetry/resources/build/src/resource'
2025-04-14 09:43:17: Require stack:
2025-04-14 09:43:17: - /repo/nodejs/demo-app/tracing.js
2025-04-14 09:43:17: - /repo/nodejs/demo-app/app.js
2025-04-14 09:43:17:     at Module._resolveFilename (node:internal/modules/cjs/loader:1140:15)
2025-04-14 09:43:17:     at Hook._require.Module.require (/nix/store/shfv23xyd45wxv8w4ax04abmvmf1m78w-pm2-5.4.2/lib/node_modules/pm2/node_modules/require-in-the-middle/index.js:81:25)
2025-04-14 09:43:17:     at require (node:internal/modules/helpers:177:18)
2025-04-14 09:43:17:     at Object.<anonymous> (/repo/nodejs/demo-app/tracing.js:9:22)
2025-04-14 09:43:17:     at Module._compile (node:internal/modules/cjs/loader:1364:14)
2025-04-14 09:43:17:     at Module._extensions..js (node:internal/modules/cjs/loader:1422:10)
2025-04-14 09:43:17:     at Module.load (node:internal/modules/cjs/loader:1203:32)
2025-04-14 09:43:17:     at Module._load (node:internal/modules/cjs/loader:1019:12)
2025-04-14 09:43:17:     at Module.require (node:internal/modules/cjs/loader:1231:19)
2025-04-14 09:43:17:     at Hook._require.Module.require (/nix/store/shfv23xyd45wxv8w4ax04abmvmf1m78w-pm2-5.4.2/lib/node_modules/pm2/node_modules/require-in-the-middle/index.js:101:39) {
2025-04-14 09:43:17:   code: 'MODULE_NOT_FOUND',
2025-04-14 09:43:17:   requireStack: [
2025-04-14 09:43:17:     '/repo/nodejs/demo-app/tracing.js',
2025-04-14 09:43:17:     '/repo/nodejs/demo-app/app.js'
2025-04-14 09:43:17:   ]
2025-04-14 09:43:17: }
2025-04-14 09:43:17: Error: Cannot find module '@opentelemetry/resources/build/src/resource'
2025-04-14 09:43:17: Require stack:
2025-04-14 09:43:17: - /repo/nodejs/demo-app/tracing.js
2025-04-14 09:43:17: - /repo/nodejs/demo-app/app.js
2025-04-14 09:43:17:     at Module._resolveFilename (node:internal/modules/cjs/loader:1140:15)
2025-04-14 09:43:17:     at Hook._require.Module.require (/nix/store/shfv23xyd45wxv8w4ax04abmvmf1m78w-pm2-5.4.2/lib/node_modules/pm2/node_modules/require-in-the-middle/index.js:81:25)
2025-04-14 09:43:17:     at require (node:internal/modules/helpers:177:18)
2025-04-14 09:43:17:     at Object.<anonymous> (/repo/nodejs/demo-app/tracing.js:9:22)
2025-04-14 09:43:17:     at Module._compile (node:internal/modules/cjs/loader:1364:14)
2025-04-14 09:43:17:     at Module._extensions..js (node:internal/modules/cjs/loader:1422:10)
2025-04-14 09:43:17:     at Module.load (node:internal/modules/cjs/loader:1203:32)
2025-04-14 09:43:17:     at Module._load (node:internal/modules/cjs/loader:1019:12)
2025-04-14 09:43:17:     at Module.require (node:internal/modules/cjs/loader:1231:19)
2025-04-14 09:43:17:     at Hook._require.Module.require (/nix/store/shfv23xyd45wxv8w4ax04abmvmf1m78w-pm2-5.4.2/lib/node_modules/pm2/node_modules/require-in-the-middle/index.js:101:39) {
2025-04-14 09:43:17:   code: 'MODULE_NOT_FOUND',
2025-04-14 09:43:17:   requireStack: [
2025-04-14 09:43:17:     '/repo/nodejs/demo-app/tracing.js',
2025-04-14 09:43:17:     '/repo/nodejs/demo-app/app.js'
2025-04-14 09:43:17:   ]
2025-04-14 09:43:17: }
2025-04-14 09:43:17: Error: Cannot find module '@opentelemetry/resources/build/src/resource'
2025-04-14 09:43:17: Require stack:
2025-04-14 09:43:17: - /repo/nodejs/demo-app/tracing.js
2025-04-14 09:43:17: - /repo/nodejs/demo-app/app.js
2025-04-14 09:43:17:     at Module._resolveFilename (node:internal/modules/cjs/loader:1140:15)
2025-04-14 09:43:17:     at Hook._require.Module.require (/nix/store/shfv23xyd45wxv8w4ax04abmvmf1m78w-pm2-5.4.2/lib/node_modules/pm2/node_modules/require-in-the-middle/index.js:81:25)
2025-04-14 09:43:17:     at require (node:internal/modules/helpers:177:18)
2025-04-14 09:43:17:     at Object.<anonymous> (/repo/nodejs/demo-app/tracing.js:9:22)
2025-04-14 09:43:17:     at Module._compile (node:internal/modules/cjs/loader:1364:14)
2025-04-14 09:43:17:     at Module._extensions..js (node:internal/modules/cjs/loader:1422:10)
2025-04-14 09:43:17:     at Module.load (node:internal/modules/cjs/loader:1203:32)
2025-04-14 09:43:17:     at Module._load (node:internal/modules/cjs/loader:1019:12)
2025-04-14 09:43:17:     at Module.require (node:internal/modules/cjs/loader:1231:19)
2025-04-14 09:43:17:     at Hook._require.Module.require (/nix/store/shfv23xyd45wxv8w4ax04abmvmf1m78w-pm2-5.4.2/lib/node_modules/pm2/node_modules/require-in-the-middle/index.js:101:39) {
2025-04-14 09:43:17:   code: 'MODULE_NOT_FOUND',
2025-04-14 09:43:17:   requireStack: [
2025-04-14 09:43:17:     '/repo/nodejs/demo-app/tracing.js',
2025-04-14 09:43:17:     '/repo/nodejs/demo-app/app.js'
2025-04-14 09:43:17:   ]
2025-04-14 09:43:17: }
2025-04-14 09:43:18: Error: Cannot find module '@opentelemetry/resources/build/src/resource'
2025-04-14 09:43:18: Require stack:
2025-04-14 09:43:18: - /repo/nodejs/demo-app/tracing.js
2025-04-14 09:43:18: - /repo/nodejs/demo-app/app.js
2025-04-14 09:43:18:     at Module._resolveFilename (node:internal/modules/cjs/loader:1140:15)
2025-04-14 09:43:18:     at Hook._require.Module.require (/nix/store/shfv23xyd45wxv8w4ax04abmvmf1m78w-pm2-5.4.2/lib/node_modules/pm2/node_modules/require-in-the-middle/index.js:81:25)
2025-04-14 09:43:18:     at require (node:internal/modules/helpers:177:18)
2025-04-14 09:43:18:     at Object.<anonymous> (/repo/nodejs/demo-app/tracing.js:9:22)
2025-04-14 09:43:18:     at Module._compile (node:internal/modules/cjs/loader:1364:14)
2025-04-14 09:43:18:     at Module._extensions..js (node:internal/modules/cjs/loader:1422:10)
2025-04-14 09:43:18:     at Module.load (node:internal/modules/cjs/loader:1203:32)
2025-04-14 09:43:18:     at Module._load (node:internal/modules/cjs/loader:1019:12)
2025-04-14 09:43:18:     at Module.require (node:internal/modules/cjs/loader:1231:19)
2025-04-14 09:43:18:     at Hook._require.Module.require (/nix/store/shfv23xyd45wxv8w4ax04abmvmf1m78w-pm2-5.4.2/lib/node_modules/pm2/node_modules/require-in-the-middle/index.js:101:39) {
2025-04-14 09:43:18:   code: 'MODULE_NOT_FOUND',
2025-04-14 09:43:18:   requireStack: [
2025-04-14 09:43:18:     '/repo/nodejs/demo-app/tracing.js',
2025-04-14 09:43:18:     '/repo/nodejs/demo-app/app.js'
2025-04-14 09:43:18:   ]
2025-04-14 09:43:18: }
2025-04-14 09:43:18: Error: Cannot find module '@opentelemetry/resources/build/src/resource'
2025-04-14 09:43:18: Require stack:
2025-04-14 09:43:18: - /repo/nodejs/demo-app/tracing.js
2025-04-14 09:43:18: - /repo/nodejs/demo-app/app.js
2025-04-14 09:43:18:     at Module._resolveFilename (node:internal/modules/cjs/loader:1140:15)
2025-04-14 09:43:18:     at Hook._require.Module.require (/nix/store/shfv23xyd45wxv8w4ax04abmvmf1m78w-pm2-5.4.2/lib/node_modules/pm2/node_modules/require-in-the-middle/index.js:81:25)
2025-04-14 09:43:18:     at require (node:internal/modules/helpers:177:18)
2025-04-14 09:43:18:     at Object.<anonymous> (/repo/nodejs/demo-app/tracing.js:9:22)
2025-04-14 09:43:18:     at Module._compile (node:internal/modules/cjs/loader:1364:14)
2025-04-14 09:43:18:     at Module._extensions..js (node:internal/modules/cjs/loader:1422:10)
2025-04-14 09:43:18:     at Module.load (node:internal/modules/cjs/loader:1203:32)
2025-04-14 09:43:18:     at Module._load (node:internal/modules/cjs/loader:1019:12)
2025-04-14 09:43:18:     at Module.require (node:internal/modules/cjs/loader:1231:19)
2025-04-14 09:43:18:     at Hook._require.Module.require (/nix/store/shfv23xyd45wxv8w4ax04abmvmf1m78w-pm2-5.4.2/lib/node_modules/pm2/node_modules/require-in-the-middle/index.js:101:39) {
2025-04-14 09:43:18:   code: 'MODULE_NOT_FOUND',
2025-04-14 09:43:18:   requireStack: [
2025-04-14 09:43:18:     '/repo/nodejs/demo-app/tracing.js',
2025-04-14 09:43:18:     '/repo/nodejs/demo-app/app.js'
2025-04-14 09:43:18:   ]
2025-04-14 09:43:18: }
2025-04-14 09:43:18: Error: Cannot find module '@opentelemetry/resources/build/src/resource'
2025-04-14 09:43:18: Require stack:
2025-04-14 09:43:18: - /repo/nodejs/demo-app/tracing.js
2025-04-14 09:43:18: - /repo/nodejs/demo-app/app.js
2025-04-14 09:43:18:     at Module._resolveFilename (node:internal/modules/cjs/loader:1140:15)
2025-04-14 09:43:18:     at Hook._require.Module.require (/nix/store/shfv23xyd45wxv8w4ax04abmvmf1m78w-pm2-5.4.2/lib/node_modules/pm2/node_modules/require-in-the-middle/index.js:81:25)
2025-04-14 09:43:18:     at require (node:internal/modules/helpers:177:18)
2025-04-14 09:43:18:     at Object.<anonymous> (/repo/nodejs/demo-app/tracing.js:9:22)
2025-04-14 09:43:18:     at Module._compile (node:internal/modules/cjs/loader:1364:14)
2025-04-14 09:43:18:     at Module._extensions..js (node:internal/modules/cjs/loader:1422:10)
2025-04-14 09:43:18:     at Module.load (node:internal/modules/cjs/loader:1203:32)
2025-04-14 09:43:18:     at Module._load (node:internal/modules/cjs/loader:1019:12)
2025-04-14 09:43:18:     at Module.require (node:internal/modules/cjs/loader:1231:19)
2025-04-14 09:43:18:     at Hook._require.Module.require (/nix/store/shfv23xyd45wxv8w4ax04abmvmf1m78w-pm2-5.4.2/lib/node_modules/pm2/node_modules/require-in-the-middle/index.js:101:39) {
2025-04-14 09:43:18:   code: 'MODULE_NOT_FOUND',
2025-04-14 09:43:18:   requireStack: [
2025-04-14 09:43:18:     '/repo/nodejs/demo-app/tracing.js',
2025-04-14 09:43:18:     '/repo/nodejs/demo-app/app.js'
2025-04-14 09:43:18:   ]
2025-04-14 09:43:18: }
2025-04-14 09:43:18: Error: Cannot find module '@opentelemetry/resources/build/src/resource'
2025-04-14 09:43:18: Require stack:
2025-04-14 09:43:18: - /repo/nodejs/demo-app/tracing.js
2025-04-14 09:43:18: - /repo/nodejs/demo-app/app.js
2025-04-14 09:43:18:     at Module._resolveFilename (node:internal/modules/cjs/loader:1140:15)
2025-04-14 09:43:18:     at Hook._require.Module.require (/nix/store/shfv23xyd45wxv8w4ax04abmvmf1m78w-pm2-5.4.2/lib/node_modules/pm2/node_modules/require-in-the-middle/index.js:81:25)
2025-04-14 09:43:18:     at require (node:internal/modules/helpers:177:18)
2025-04-14 09:43:18:     at Object.<anonymous> (/repo/nodejs/demo-app/tracing.js:9:22)
2025-04-14 09:43:18:     at Module._compile (node:internal/modules/cjs/loader:1364:14)
2025-04-14 09:43:18:     at Module._extensions..js (node:internal/modules/cjs/loader:1422:10)
2025-04-14 09:43:18:     at Module.load (node:internal/modules/cjs/loader:1203:32)
2025-04-14 09:43:18:     at Module._load (node:internal/modules/cjs/loader:1019:12)
2025-04-14 09:43:18:     at Module.require (node:internal/modules/cjs/loader:1231:19)
2025-04-14 09:43:18:     at Hook._require.Module.require (/nix/store/shfv23xyd45wxv8w4ax04abmvmf1m78w-pm2-5.4.2/lib/node_modules/pm2/node_modules/require-in-the-middle/index.js:101:39) {
2025-04-14 09:43:18:   code: 'MODULE_NOT_FOUND',
2025-04-14 09:43:18:   requireStack: [
2025-04-14 09:43:18:     '/repo/nodejs/demo-app/tracing.js',
2025-04-14 09:43:18:     '/repo/nodejs/demo-app/app.js'
2025-04-14 09:43:18:   ]
2025-04-14 09:43:18: }
2025-04-14 09:43:18: Error: Cannot find module '@opentelemetry/resources/build/src/resource'
2025-04-14 09:43:18: Require stack:
2025-04-14 09:43:18: - /repo/nodejs/demo-app/tracing.js
2025-04-14 09:43:18: - /repo/nodejs/demo-app/app.js
2025-04-14 09:43:18:     at Module._resolveFilename (node:internal/modules/cjs/loader:1140:15)
2025-04-14 09:43:18:     at Hook._require.Module.require (/nix/store/shfv23xyd45wxv8w4ax04abmvmf1m78w-pm2-5.4.2/lib/node_modules/pm2/node_modules/require-in-the-middle/index.js:81:25)
2025-04-14 09:43:18:     at require (node:internal/modules/helpers:177:18)
2025-04-14 09:43:18:     at Object.<anonymous> (/repo/nodejs/demo-app/tracing.js:9:22)
2025-04-14 09:43:18:     at Module._compile (node:internal/modules/cjs/loader:1364:14)
2025-04-14 09:43:18:     at Module._extensions..js (node:internal/modules/cjs/loader:1422:10)
2025-04-14 09:43:18:     at Module.load (node:internal/modules/cjs/loader:1203:32)
2025-04-14 09:43:18:     at Module._load (node:internal/modules/cjs/loader:1019:12)
2025-04-14 09:43:18:     at Module.require (node:internal/modules/cjs/loader:1231:19)
2025-04-14 09:43:18:     at Hook._require.Module.require (/nix/store/shfv23xyd45wxv8w4ax04abmvmf1m78w-pm2-5.4.2/lib/node_modules/pm2/node_modules/require-in-the-middle/index.js:101:39) {
2025-04-14 09:43:18:   code: 'MODULE_NOT_FOUND',
2025-04-14 09:43:18:   requireStack: [
2025-04-14 09:43:18:     '/repo/nodejs/demo-app/tracing.js',
2025-04-14 09:43:18:     '/repo/nodejs/demo-app/app.js'
2025-04-14 09:43:18:   ]
2025-04-14 09:43:18: }
2025-04-14 09:43:18: Error: Cannot find module '@opentelemetry/resources/build/src/resource'
2025-04-14 09:43:18: Require stack:
2025-04-14 09:43:18: - /repo/nodejs/demo-app/tracing.js
2025-04-14 09:43:18: - /repo/nodejs/demo-app/app.js
2025-04-14 09:43:18:     at Module._resolveFilename (node:internal/modules/cjs/loader:1140:15)
2025-04-14 09:43:18:     at Hook._require.Module.require (/nix/store/shfv23xyd45wxv8w4ax04abmvmf1m78w-pm2-5.4.2/lib/node_modules/pm2/node_modules/require-in-the-middle/index.js:81:25)
2025-04-14 09:43:18:     at require (node:internal/modules/helpers:177:18)
2025-04-14 09:43:18:     at Object.<anonymous> (/repo/nodejs/demo-app/tracing.js:9:22)
2025-04-14 09:43:18:     at Module._compile (node:internal/modules/cjs/loader:1364:14)
2025-04-14 09:43:18:     at Module._extensions..js (node:internal/modules/cjs/loader:1422:10)
2025-04-14 09:43:18:     at Module.load (node:internal/modules/cjs/loader:1203:32)
2025-04-14 09:43:18:     at Module._load (node:internal/modules/cjs/loader:1019:12)
2025-04-14 09:43:18:     at Module.require (node:internal/modules/cjs/loader:1231:19)
2025-04-14 09:43:18:     at Hook._require.Module.require (/nix/store/shfv23xyd45wxv8w4ax04abmvmf1m78w-pm2-5.4.2/lib/node_modules/pm2/node_modules/require-in-the-middle/index.js:101:39) {
2025-04-14 09:43:18:   code: 'MODULE_NOT_FOUND',
2025-04-14 09:43:18:   requireStack: [
2025-04-14 09:43:18:     '/repo/nodejs/demo-app/tracing.js',
2025-04-14 09:43:18:     '/repo/nodejs/demo-app/app.js'
2025-04-14 09:43:18:   ]
2025-04-14 09:43:18: }
2025-04-14 09:43:18: Error: Cannot find module '@opentelemetry/resources/build/src/resource'
2025-04-14 09:43:18: Require stack:
2025-04-14 09:43:18: - /repo/nodejs/demo-app/tracing.js
2025-04-14 09:43:18: - /repo/nodejs/demo-app/app.js
2025-04-14 09:43:18:     at Module._resolveFilename (node:internal/modules/cjs/loader:1140:15)
2025-04-14 09:43:18:     at Hook._require.Module.require (/nix/store/shfv23xyd45wxv8w4ax04abmvmf1m78w-pm2-5.4.2/lib/node_modules/pm2/node_modules/require-in-the-middle/index.js:81:25)
2025-04-14 09:43:18:     at require (node:internal/modules/helpers:177:18)
2025-04-14 09:43:18:     at Object.<anonymous> (/repo/nodejs/demo-app/tracing.js:9:22)
2025-04-14 09:43:18:     at Module._compile (node:internal/modules/cjs/loader:1364:14)
2025-04-14 09:43:18:     at Module._extensions..js (node:internal/modules/cjs/loader:1422:10)
2025-04-14 09:43:18:     at Module.load (node:internal/modules/cjs/loader:1203:32)
2025-04-14 09:43:18:     at Module._load (node:internal/modules/cjs/loader:1019:12)
2025-04-14 09:43:18:     at Module.require (node:internal/modules/cjs/loader:1231:19)
2025-04-14 09:43:18:     at Hook._require.Module.require (/nix/store/shfv23xyd45wxv8w4ax04abmvmf1m78w-pm2-5.4.2/lib/node_modules/pm2/node_modules/require-in-the-middle/index.js:101:39) {
2025-04-14 09:43:18:   code: 'MODULE_NOT_FOUND',
2025-04-14 09:43:18:   requireStack: [
2025-04-14 09:43:18:     '/repo/nodejs/demo-app/tracing.js',
2025-04-14 09:43:18:     '/repo/nodejs/demo-app/app.js'
2025-04-14 09:43:18:   ]
2025-04-14 09:43:18: }
2025-04-14 09:43:18: Error: Cannot find module '@opentelemetry/resources/build/src/resource'
2025-04-14 09:43:18: Require stack:
2025-04-14 09:43:18: - /repo/nodejs/demo-app/tracing.js
2025-04-14 09:43:18: - /repo/nodejs/demo-app/app.js
2025-04-14 09:43:18:     at Module._resolveFilename (node:internal/modules/cjs/loader:1140:15)
2025-04-14 09:43:18:     at Hook._require.Module.require (/nix/store/shfv23xyd45wxv8w4ax04abmvmf1m78w-pm2-5.4.2/lib/node_modules/pm2/node_modules/require-in-the-middle/index.js:81:25)
2025-04-14 09:43:18:     at require (node:internal/modules/helpers:177:18)
2025-04-14 09:43:18:     at Object.<anonymous> (/repo/nodejs/demo-app/tracing.js:9:22)
2025-04-14 09:43:18:     at Module._compile (node:internal/modules/cjs/loader:1364:14)
2025-04-14 09:43:18:     at Module._extensions..js (node:internal/modules/cjs/loader:1422:10)
2025-04-14 09:43:18:     at Module.load (node:internal/modules/cjs/loader:1203:32)
2025-04-14 09:43:18:     at Module._load (node:internal/modules/cjs/loader:1019:12)
2025-04-14 09:43:18:     at Module.require (node:internal/modules/cjs/loader:1231:19)
2025-04-14 09:43:18:     at Hook._require.Module.require (/nix/store/shfv23xyd45wxv8w4ax04abmvmf1m78w-pm2-5.4.2/lib/node_modules/pm2/node_modules/require-in-the-middle/index.js:101:39) {
2025-04-14 09:43:18:   code: 'MODULE_NOT_FOUND',
2025-04-14 09:43:18:   requireStack: [
2025-04-14 09:43:18:     '/repo/nodejs/demo-app/tracing.js',
2025-04-14 09:43:18:     '/repo/nodejs/demo-app/app.js'
2025-04-14 09:43:18:   ]
2025-04-14 09:43:18: }
2025-04-14 09:43:19: Error: Cannot find module '@opentelemetry/resources/build/src/resource'
2025-04-14 09:43:19: Require stack:
2025-04-14 09:43:19: - /repo/nodejs/demo-app/tracing.js
2025-04-14 09:43:19: - /repo/nodejs/demo-app/app.js
2025-04-14 09:43:19:     at Module._resolveFilename (node:internal/modules/cjs/loader:1140:15)
2025-04-14 09:43:19:     at Hook._require.Module.require (/nix/store/shfv23xyd45wxv8w4ax04abmvmf1m78w-pm2-5.4.2/lib/node_modules/pm2/node_modules/require-in-the-middle/index.js:81:25)
2025-04-14 09:43:19:     at require (node:internal/modules/helpers:177:18)
2025-04-14 09:43:19:     at Object.<anonymous> (/repo/nodejs/demo-app/tracing.js:9:22)
2025-04-14 09:43:19:     at Module._compile (node:internal/modules/cjs/loader:1364:14)
2025-04-14 09:43:19:     at Module._extensions..js (node:internal/modules/cjs/loader:1422:10)
2025-04-14 09:43:19:     at Module.load (node:internal/modules/cjs/loader:1203:32)
2025-04-14 09:43:19:     at Module._load (node:internal/modules/cjs/loader:1019:12)
2025-04-14 09:43:19:     at Module.require (node:internal/modules/cjs/loader:1231:19)
2025-04-14 09:43:19:     at Hook._require.Module.require (/nix/store/shfv23xyd45wxv8w4ax04abmvmf1m78w-pm2-5.4.2/lib/node_modules/pm2/node_modules/require-in-the-middle/index.js:101:39) {
2025-04-14 09:43:19:   code: 'MODULE_NOT_FOUND',
2025-04-14 09:43:19:   requireStack: [
2025-04-14 09:43:19:     '/repo/nodejs/demo-app/tracing.js',
2025-04-14 09:43:19:     '/repo/nodejs/demo-app/app.js'
2025-04-14 09:43:19:   ]
2025-04-14 09:43:19: }
2025-04-14 09:43:19: Error: Cannot find module '@opentelemetry/resources/build/src/resource'
2025-04-14 09:43:19: Require stack:
2025-04-14 09:43:19: - /repo/nodejs/demo-app/tracing.js
2025-04-14 09:43:19: - /repo/nodejs/demo-app/app.js
2025-04-14 09:43:19:     at Module._resolveFilename (node:internal/modules/cjs/loader:1140:15)
2025-04-14 09:43:19:     at Hook._require.Module.require (/nix/store/shfv23xyd45wxv8w4ax04abmvmf1m78w-pm2-5.4.2/lib/node_modules/pm2/node_modules/require-in-the-middle/index.js:81:25)
2025-04-14 09:43:19:     at require (node:internal/modules/helpers:177:18)
2025-04-14 09:43:19:     at Object.<anonymous> (/repo/nodejs/demo-app/tracing.js:9:22)
2025-04-14 09:43:19:     at Module._compile (node:internal/modules/cjs/loader:1364:14)
2025-04-14 09:43:19:     at Module._extensions..js (node:internal/modules/cjs/loader:1422:10)
2025-04-14 09:43:19:     at Module.load (node:internal/modules/cjs/loader:1203:32)
2025-04-14 09:43:19:     at Module._load (node:internal/modules/cjs/loader:1019:12)
2025-04-14 09:43:19:     at Module.require (node:internal/modules/cjs/loader:1231:19)
2025-04-14 09:43:19:     at Hook._require.Module.require (/nix/store/shfv23xyd45wxv8w4ax04abmvmf1m78w-pm2-5.4.2/lib/node_modules/pm2/node_modules/require-in-the-middle/index.js:101:39) {
2025-04-14 09:43:19:   code: 'MODULE_NOT_FOUND',
2025-04-14 09:43:19:   requireStack: [
2025-04-14 09:43:19:     '/repo/nodejs/demo-app/tracing.js',
2025-04-14 09:43:19:     '/repo/nodejs/demo-app/app.js'
2025-04-14 09:43:19:   ]
2025-04-14 09:43:19: }
2025-04-14 09:43:19: Error: Cannot find module '@opentelemetry/resources/build/src/resource'
2025-04-14 09:43:19: Require stack:
2025-04-14 09:43:19: - /repo/nodejs/demo-app/tracing.js
2025-04-14 09:43:19: - /repo/nodejs/demo-app/app.js
2025-04-14 09:43:19:     at Module._resolveFilename (node:internal/modules/cjs/loader:1140:15)
2025-04-14 09:43:19:     at Hook._require.Module.require (/nix/store/shfv23xyd45wxv8w4ax04abmvmf1m78w-pm2-5.4.2/lib/node_modules/pm2/node_modules/require-in-the-middle/index.js:81:25)
2025-04-14 09:43:19:     at require (node:internal/modules/helpers:177:18)
2025-04-14 09:43:19:     at Object.<anonymous> (/repo/nodejs/demo-app/tracing.js:9:22)
2025-04-14 09:43:19:     at Module._compile (node:internal/modules/cjs/loader:1364:14)
2025-04-14 09:43:19:     at Module._extensions..js (node:internal/modules/cjs/loader:1422:10)
2025-04-14 09:43:19:     at Module.load (node:internal/modules/cjs/loader:1203:32)
2025-04-14 09:43:19:     at Module._load (node:internal/modules/cjs/loader:1019:12)
2025-04-14 09:43:19:     at Module.require (node:internal/modules/cjs/loader:1231:19)
2025-04-14 09:43:19:     at Hook._require.Module.require (/nix/store/shfv23xyd45wxv8w4ax04abmvmf1m78w-pm2-5.4.2/lib/node_modules/pm2/node_modules/require-in-the-middle/index.js:101:39) {
2025-04-14 09:43:19:   code: 'MODULE_NOT_FOUND',
2025-04-14 09:43:19:   requireStack: [
2025-04-14 09:43:19:     '/repo/nodejs/demo-app/tracing.js',
2025-04-14 09:43:19:     '/repo/nodejs/demo-app/app.js'
2025-04-14 09:43:19:   ]
2025-04-14 09:43:19: }
2025-04-14 09:43:19: Error: Cannot find module '@opentelemetry/resources/build/src/resource'
2025-04-14 09:43:19: Require stack:
2025-04-14 09:43:19: - /repo/nodejs/demo-app/tracing.js
2025-04-14 09:43:19: - /repo/nodejs/demo-app/app.js
2025-04-14 09:43:19:     at Module._resolveFilename (node:internal/modules/cjs/loader:1140:15)
2025-04-14 09:43:19:     at Hook._require.Module.require (/nix/store/shfv23xyd45wxv8w4ax04abmvmf1m78w-pm2-5.4.2/lib/node_modules/pm2/node_modules/require-in-the-middle/index.js:81:25)
2025-04-14 09:43:19:     at require (node:internal/modules/helpers:177:18)
2025-04-14 09:43:19:     at Object.<anonymous> (/repo/nodejs/demo-app/tracing.js:9:22)
2025-04-14 09:43:19:     at Module._compile (node:internal/modules/cjs/loader:1364:14)
2025-04-14 09:43:19:     at Module._extensions..js (node:internal/modules/cjs/loader:1422:10)
2025-04-14 09:43:19:     at Module.load (node:internal/modules/cjs/loader:1203:32)
2025-04-14 09:43:19:     at Module._load (node:internal/modules/cjs/loader:1019:12)
2025-04-14 09:43:19:     at Module.require (node:internal/modules/cjs/loader:1231:19)
2025-04-14 09:43:19:     at Hook._require.Module.require (/nix/store/shfv23xyd45wxv8w4ax04abmvmf1m78w-pm2-5.4.2/lib/node_modules/pm2/node_modules/require-in-the-middle/index.js:101:39) {
2025-04-14 09:43:19:   code: 'MODULE_NOT_FOUND',
2025-04-14 09:43:19:   requireStack: [
2025-04-14 09:43:19:     '/repo/nodejs/demo-app/tracing.js',
2025-04-14 09:43:19:     '/repo/nodejs/demo-app/app.js'
2025-04-14 09:43:19:   ]
2025-04-14 09:43:19: }
2025-04-14 09:43:19: Error: Cannot find module '@opentelemetry/resources/build/src/resource'
2025-04-14 09:43:19: Require stack:
2025-04-14 09:43:19: - /repo/nodejs/demo-app/tracing.js
2025-04-14 09:43:19: - /repo/nodejs/demo-app/app.js
2025-04-14 09:43:19:     at Module._resolveFilename (node:internal/modules/cjs/loader:1140:15)
2025-04-14 09:43:19:     at Hook._require.Module.require (/nix/store/shfv23xyd45wxv8w4ax04abmvmf1m78w-pm2-5.4.2/lib/node_modules/pm2/node_modules/require-in-the-middle/index.js:81:25)
2025-04-14 09:43:19:     at require (node:internal/modules/helpers:177:18)
2025-04-14 09:43:19:     at Object.<anonymous> (/repo/nodejs/demo-app/tracing.js:9:22)
2025-04-14 09:43:19:     at Module._compile (node:internal/modules/cjs/loader:1364:14)
2025-04-14 09:43:19:     at Module._extensions..js (node:internal/modules/cjs/loader:1422:10)
2025-04-14 09:43:19:     at Module.load (node:internal/modules/cjs/loader:1203:32)
2025-04-14 09:43:19:     at Module._load (node:internal/modules/cjs/loader:1019:12)
2025-04-14 09:43:19:     at Module.require (node:internal/modules/cjs/loader:1231:19)
2025-04-14 09:43:19:     at Hook._require.Module.require (/nix/store/shfv23xyd45wxv8w4ax04abmvmf1m78w-pm2-5.4.2/lib/node_modules/pm2/node_modules/require-in-the-middle/index.js:101:39) {
2025-04-14 09:43:19:   code: 'MODULE_NOT_FOUND',
2025-04-14 09:43:19:   requireStack: [
2025-04-14 09:43:19:     '/repo/nodejs/demo-app/tracing.js',
2025-04-14 09:43:19:     '/repo/nodejs/demo-app/app.js'
2025-04-14 09:43:19:   ]
2025-04-14 09:43:19: }
2025-04-14 09:43:19: Error: Cannot find module '@opentelemetry/resources/build/src/resource'
2025-04-14 09:43:19: Require stack:
2025-04-14 09:43:19: - /repo/nodejs/demo-app/tracing.js
2025-04-14 09:43:19: - /repo/nodejs/demo-app/app.js
2025-04-14 09:43:19:     at Module._resolveFilename (node:internal/modules/cjs/loader:1140:15)
2025-04-14 09:43:19:     at Hook._require.Module.require (/nix/store/shfv23xyd45wxv8w4ax04abmvmf1m78w-pm2-5.4.2/lib/node_modules/pm2/node_modules/require-in-the-middle/index.js:81:25)
2025-04-14 09:43:19:     at require (node:internal/modules/helpers:177:18)
2025-04-14 09:43:19:     at Object.<anonymous> (/repo/nodejs/demo-app/tracing.js:9:22)
2025-04-14 09:43:19:     at Module._compile (node:internal/modules/cjs/loader:1364:14)
2025-04-14 09:43:19:     at Module._extensions..js (node:internal/modules/cjs/loader:1422:10)
2025-04-14 09:43:19:     at Module.load (node:internal/modules/cjs/loader:1203:32)
2025-04-14 09:43:19:     at Module._load (node:internal/modules/cjs/loader:1019:12)
2025-04-14 09:43:19:     at Module.require (node:internal/modules/cjs/loader:1231:19)
2025-04-14 09:43:19:     at Hook._require.Module.require (/nix/store/shfv23xyd45wxv8w4ax04abmvmf1m78w-pm2-5.4.2/lib/node_modules/pm2/node_modules/require-in-the-middle/index.js:101:39) {
2025-04-14 09:43:19:   code: 'MODULE_NOT_FOUND',
2025-04-14 09:43:19:   requireStack: [
2025-04-14 09:43:19:     '/repo/nodejs/demo-app/tracing.js',
2025-04-14 09:43:19:     '/repo/nodejs/demo-app/app.js'
2025-04-14 09:43:19:   ]
2025-04-14 09:43:19: }
2025-04-14 09:43:19: Error: Cannot find module '@opentelemetry/resources/build/src/resource'
2025-04-14 09:43:19: Require stack:
2025-04-14 09:43:19: - /repo/nodejs/demo-app/tracing.js
2025-04-14 09:43:19: - /repo/nodejs/demo-app/app.js
2025-04-14 09:43:19:     at Module._resolveFilename (node:internal/modules/cjs/loader:1140:15)
2025-04-14 09:43:19:     at Hook._require.Module.require (/nix/store/shfv23xyd45wxv8w4ax04abmvmf1m78w-pm2-5.4.2/lib/node_modules/pm2/node_modules/require-in-the-middle/index.js:81:25)
2025-04-14 09:43:19:     at require (node:internal/modules/helpers:177:18)
2025-04-14 09:43:19:     at Object.<anonymous> (/repo/nodejs/demo-app/tracing.js:9:22)
2025-04-14 09:43:19:     at Module._compile (node:internal/modules/cjs/loader:1364:14)
2025-04-14 09:43:19:     at Module._extensions..js (node:internal/modules/cjs/loader:1422:10)
2025-04-14 09:43:19:     at Module.load (node:internal/modules/cjs/loader:1203:32)
2025-04-14 09:43:19:     at Module._load (node:internal/modules/cjs/loader:1019:12)
2025-04-14 09:43:19:     at Module.require (node:internal/modules/cjs/loader:1231:19)
2025-04-14 09:43:19:     at Hook._require.Module.require (/nix/store/shfv23xyd45wxv8w4ax04abmvmf1m78w-pm2-5.4.2/lib/node_modules/pm2/node_modules/require-in-the-middle/index.js:101:39) {
2025-04-14 09:43:19:   code: 'MODULE_NOT_FOUND',
2025-04-14 09:43:19:   requireStack: [
2025-04-14 09:43:19:     '/repo/nodejs/demo-app/tracing.js',
2025-04-14 09:43:19:     '/repo/nodejs/demo-app/app.js'
2025-04-14 09:43:19:   ]
2025-04-14 09:43:19: }
2025-04-14 09:43:19: Error: Cannot find module '@opentelemetry/resources/build/src/resource'
2025-04-14 09:43:19: Require stack:
2025-04-14 09:43:19: - /repo/nodejs/demo-app/tracing.js
2025-04-14 09:43:19: - /repo/nodejs/demo-app/app.js
2025-04-14 09:43:19:     at Module._resolveFilename (node:internal/modules/cjs/loader:1140:15)
2025-04-14 09:43:19:     at Hook._require.Module.require (/nix/store/shfv23xyd45wxv8w4ax04abmvmf1m78w-pm2-5.4.2/lib/node_modules/pm2/node_modules/require-in-the-middle/index.js:81:25)
2025-04-14 09:43:19:     at require (node:internal/modules/helpers:177:18)
2025-04-14 09:43:19:     at Object.<anonymous> (/repo/nodejs/demo-app/tracing.js:9:22)
2025-04-14 09:43:19:     at Module._compile (node:internal/modules/cjs/loader:1364:14)
2025-04-14 09:43:19:     at Module._extensions..js (node:internal/modules/cjs/loader:1422:10)
2025-04-14 09:43:19:     at Module.load (node:internal/modules/cjs/loader:1203:32)
2025-04-14 09:43:19:     at Module._load (node:internal/modules/cjs/loader:1019:12)
2025-04-14 09:43:19:     at Module.require (node:internal/modules/cjs/loader:1231:19)
2025-04-14 09:43:19:     at Hook._require.Module.require (/nix/store/shfv23xyd45wxv8w4ax04abmvmf1m78w-pm2-5.4.2/lib/node_modules/pm2/node_modules/require-in-the-middle/index.js:101:39) {
2025-04-14 09:43:19:   code: 'MODULE_NOT_FOUND',
2025-04-14 09:43:19:   requireStack: [
2025-04-14 09:43:19:     '/repo/nodejs/demo-app/tracing.js',
2025-04-14 09:43:19:     '/repo/nodejs/demo-app/app.js'
2025-04-14 09:43:19:   ]
2025-04-14 09:43:19: }
2025-04-14 09:43:20: Error: Cannot find module '@opentelemetry/resources/build/src/resource'
2025-04-14 09:43:20: Require stack:
2025-04-14 09:43:20: - /repo/nodejs/demo-app/tracing.js
2025-04-14 09:43:20: - /repo/nodejs/demo-app/app.js
2025-04-14 09:43:20:     at Module._resolveFilename (node:internal/modules/cjs/loader:1140:15)
2025-04-14 09:43:20:     at Hook._require.Module.require (/nix/store/shfv23xyd45wxv8w4ax04abmvmf1m78w-pm2-5.4.2/lib/node_modules/pm2/node_modules/require-in-the-middle/index.js:81:25)
2025-04-14 09:43:20:     at require (node:internal/modules/helpers:177:18)
2025-04-14 09:43:20:     at Object.<anonymous> (/repo/nodejs/demo-app/tracing.js:9:22)
2025-04-14 09:43:20:     at Module._compile (node:internal/modules/cjs/loader:1364:14)
2025-04-14 09:43:20:     at Module._extensions..js (node:internal/modules/cjs/loader:1422:10)
2025-04-14 09:43:20:     at Module.load (node:internal/modules/cjs/loader:1203:32)
2025-04-14 09:43:20:     at Module._load (node:internal/modules/cjs/loader:1019:12)
2025-04-14 09:43:20:     at Module.require (node:internal/modules/cjs/loader:1231:19)
2025-04-14 09:43:20:     at Hook._require.Module.require (/nix/store/shfv23xyd45wxv8w4ax04abmvmf1m78w-pm2-5.4.2/lib/node_modules/pm2/node_modules/require-in-the-middle/index.js:101:39) {
2025-04-14 09:43:20:   code: 'MODULE_NOT_FOUND',
2025-04-14 09:43:20:   requireStack: [
2025-04-14 09:43:20:     '/repo/nodejs/demo-app/tracing.js',
2025-04-14 09:43:20:     '/repo/nodejs/demo-app/app.js'
2025-04-14 09:43:20:   ]
2025-04-14 09:43:20: }
2025-04-14 09:43:20: Error: Cannot find module '@opentelemetry/resources/build/src/resource'
2025-04-14 09:43:20: Require stack:
2025-04-14 09:43:20: - /repo/nodejs/demo-app/tracing.js
2025-04-14 09:43:20: - /repo/nodejs/demo-app/app.js
2025-04-14 09:43:20:     at Module._resolveFilename (node:internal/modules/cjs/loader:1140:15)
2025-04-14 09:43:20:     at Hook._require.Module.require (/nix/store/shfv23xyd45wxv8w4ax04abmvmf1m78w-pm2-5.4.2/lib/node_modules/pm2/node_modules/require-in-the-middle/index.js:81:25)
2025-04-14 09:43:20:     at require (node:internal/modules/helpers:177:18)
2025-04-14 09:43:20:     at Object.<anonymous> (/repo/nodejs/demo-app/tracing.js:9:22)
2025-04-14 09:43:20:     at Module._compile (node:internal/modules/cjs/loader:1364:14)
2025-04-14 09:43:20:     at Module._extensions..js (node:internal/modules/cjs/loader:1422:10)
2025-04-14 09:43:20:     at Module.load (node:internal/modules/cjs/loader:1203:32)
2025-04-14 09:43:20:     at Module._load (node:internal/modules/cjs/loader:1019:12)
2025-04-14 09:43:20:     at Module.require (node:internal/modules/cjs/loader:1231:19)
2025-04-14 09:43:20:     at Hook._require.Module.require (/nix/store/shfv23xyd45wxv8w4ax04abmvmf1m78w-pm2-5.4.2/lib/node_modules/pm2/node_modules/require-in-the-middle/index.js:101:39) {
2025-04-14 09:43:20:   code: 'MODULE_NOT_FOUND',
2025-04-14 09:43:20:   requireStack: [
2025-04-14 09:43:20:     '/repo/nodejs/demo-app/tracing.js',
2025-04-14 09:43:20:     '/repo/nodejs/demo-app/app.js'
2025-04-14 09:43:20:   ]
2025-04-14 09:43:20: }
2025-04-14 09:43:20: Error: Cannot find module '@opentelemetry/resources/build/src/resource'
2025-04-14 09:43:20: Require stack:
2025-04-14 09:43:20: - /repo/nodejs/demo-app/tracing.js
2025-04-14 09:43:20: - /repo/nodejs/demo-app/app.js
2025-04-14 09:43:20:     at Module._resolveFilename (node:internal/modules/cjs/loader:1140:15)
2025-04-14 09:43:20:     at Hook._require.Module.require (/nix/store/shfv23xyd45wxv8w4ax04abmvmf1m78w-pm2-5.4.2/lib/node_modules/pm2/node_modules/require-in-the-middle/index.js:81:25)
2025-04-14 09:43:20:     at require (node:internal/modules/helpers:177:18)
2025-04-14 09:43:20:     at Object.<anonymous> (/repo/nodejs/demo-app/tracing.js:9:22)
2025-04-14 09:43:20:     at Module._compile (node:internal/modules/cjs/loader:1364:14)
2025-04-14 09:43:20:     at Module._extensions..js (node:internal/modules/cjs/loader:1422:10)
2025-04-14 09:43:20:     at Module.load (node:internal/modules/cjs/loader:1203:32)
2025-04-14 09:43:20:     at Module._load (node:internal/modules/cjs/loader:1019:12)
2025-04-14 09:43:20:     at Module.require (node:internal/modules/cjs/loader:1231:19)
2025-04-14 09:43:20:     at Hook._require.Module.require (/nix/store/shfv23xyd45wxv8w4ax04abmvmf1m78w-pm2-5.4.2/lib/node_modules/pm2/node_modules/require-in-the-middle/index.js:101:39) {
2025-04-14 09:43:20:   code: 'MODULE_NOT_FOUND',
2025-04-14 09:43:20:   requireStack: [
2025-04-14 09:43:20:     '/repo/nodejs/demo-app/tracing.js',
2025-04-14 09:43:20:     '/repo/nodejs/demo-app/app.js'
2025-04-14 09:43:20:   ]
2025-04-14 09:43:20: }
2025-04-14 09:43:20: Error: Cannot find module '@opentelemetry/resources/build/src/resource'
2025-04-14 09:43:20: Require stack:
2025-04-14 09:43:20: - /repo/nodejs/demo-app/tracing.js
2025-04-14 09:43:20: - /repo/nodejs/demo-app/app.js
2025-04-14 09:43:20:     at Module._resolveFilename (node:internal/modules/cjs/loader:1140:15)
2025-04-14 09:43:20:     at Hook._require.Module.require (/nix/store/shfv23xyd45wxv8w4ax04abmvmf1m78w-pm2-5.4.2/lib/node_modules/pm2/node_modules/require-in-the-middle/index.js:81:25)
2025-04-14 09:43:20:     at require (node:internal/modules/helpers:177:18)
2025-04-14 09:43:20:     at Object.<anonymous> (/repo/nodejs/demo-app/tracing.js:9:22)
2025-04-14 09:43:20:     at Module._compile (node:internal/modules/cjs/loader:1364:14)
2025-04-14 09:43:20:     at Module._extensions..js (node:internal/modules/cjs/loader:1422:10)
2025-04-14 09:43:20:     at Module.load (node:internal/modules/cjs/loader:1203:32)
2025-04-14 09:43:20:     at Module._load (node:internal/modules/cjs/loader:1019:12)
2025-04-14 09:43:20:     at Module.require (node:internal/modules/cjs/loader:1231:19)
2025-04-14 09:43:20:     at Hook._require.Module.require (/nix/store/shfv23xyd45wxv8w4ax04abmvmf1m78w-pm2-5.4.2/lib/node_modules/pm2/node_modules/require-in-the-middle/index.js:101:39) {
2025-04-14 09:43:20:   code: 'MODULE_NOT_FOUND',
2025-04-14 09:43:20:   requireStack: [
2025-04-14 09:43:20:     '/repo/nodejs/demo-app/tracing.js',
2025-04-14 09:43:20:     '/repo/nodejs/demo-app/app.js'
2025-04-14 09:43:20:   ]
2025-04-14 09:43:20: }
2025-04-14 09:43:20: Error: Cannot find module '@opentelemetry/resources/build/src/resource'
2025-04-14 09:43:20: Require stack:
2025-04-14 09:43:20: - /repo/nodejs/demo-app/tracing.js
2025-04-14 09:43:20: - /repo/nodejs/demo-app/app.js
2025-04-14 09:43:20:     at Module._resolveFilename (node:internal/modules/cjs/loader:1140:15)
2025-04-14 09:43:20:     at Hook._require.Module.require (/nix/store/shfv23xyd45wxv8w4ax04abmvmf1m78w-pm2-5.4.2/lib/node_modules/pm2/node_modules/require-in-the-middle/index.js:81:25)
2025-04-14 09:43:20:     at require (node:internal/modules/helpers:177:18)
2025-04-14 09:43:20:     at Object.<anonymous> (/repo/nodejs/demo-app/tracing.js:9:22)
2025-04-14 09:43:20:     at Module._compile (node:internal/modules/cjs/loader:1364:14)
2025-04-14 09:43:20:     at Module._extensions..js (node:internal/modules/cjs/loader:1422:10)
2025-04-14 09:43:20:     at Module.load (node:internal/modules/cjs/loader:1203:32)
2025-04-14 09:43:20:     at Module._load (node:internal/modules/cjs/loader:1019:12)
2025-04-14 09:43:20:     at Module.require (node:internal/modules/cjs/loader:1231:19)
2025-04-14 09:43:20:     at Hook._require.Module.require (/nix/store/shfv23xyd45wxv8w4ax04abmvmf1m78w-pm2-5.4.2/lib/node_modules/pm2/node_modules/require-in-the-middle/index.js:101:39) {
2025-04-14 09:43:20:   code: 'MODULE_NOT_FOUND',
2025-04-14 09:43:20:   requireStack: [
2025-04-14 09:43:20:     '/repo/nodejs/demo-app/tracing.js',
2025-04-14 09:43:20:     '/repo/nodejs/demo-app/app.js'
2025-04-14 09:43:20:   ]
2025-04-14 09:43:20: }
2025-04-14 09:43:20: Error: Cannot find module '@opentelemetry/resources/build/src/resource'
2025-04-14 09:43:20: Require stack:
2025-04-14 09:43:20: - /repo/nodejs/demo-app/tracing.js
2025-04-14 09:43:20: - /repo/nodejs/demo-app/app.js
2025-04-14 09:43:20:     at Module._resolveFilename (node:internal/modules/cjs/loader:1140:15)
2025-04-14 09:43:20:     at Hook._require.Module.require (/nix/store/shfv23xyd45wxv8w4ax04abmvmf1m78w-pm2-5.4.2/lib/node_modules/pm2/node_modules/require-in-the-middle/index.js:81:25)
2025-04-14 09:43:20:     at require (node:internal/modules/helpers:177:18)
2025-04-14 09:43:20:     at Object.<anonymous> (/repo/nodejs/demo-app/tracing.js:9:22)
2025-04-14 09:43:20:     at Module._compile (node:internal/modules/cjs/loader:1364:14)
2025-04-14 09:43:20:     at Module._extensions..js (node:internal/modules/cjs/loader:1422:10)
2025-04-14 09:43:20:     at Module.load (node:internal/modules/cjs/loader:1203:32)
2025-04-14 09:43:20:     at Module._load (node:internal/modules/cjs/loader:1019:12)
2025-04-14 09:43:20:     at Module.require (node:internal/modules/cjs/loader:1231:19)
2025-04-14 09:43:20:     at Hook._require.Module.require (/nix/store/shfv23xyd45wxv8w4ax04abmvmf1m78w-pm2-5.4.2/lib/node_modules/pm2/node_modules/require-in-the-middle/index.js:101:39) {
2025-04-14 09:43:20:   code: 'MODULE_NOT_FOUND',
2025-04-14 09:43:20:   requireStack: [
2025-04-14 09:43:20:     '/repo/nodejs/demo-app/tracing.js',
2025-04-14 09:43:20:     '/repo/nodejs/demo-app/app.js'
2025-04-14 09:43:20:   ]
2025-04-14 09:43:20: }
2025-04-14 09:43:21: Error: Cannot find module '@opentelemetry/resources/build/src/resource'
2025-04-14 09:43:21: Require stack:
2025-04-14 09:43:21: - /repo/nodejs/demo-app/tracing.js
2025-04-14 09:43:21: - /repo/nodejs/demo-app/app.js
2025-04-14 09:43:21:     at Module._resolveFilename (node:internal/modules/cjs/loader:1140:15)
2025-04-14 09:43:21:     at Hook._require.Module.require (/nix/store/shfv23xyd45wxv8w4ax04abmvmf1m78w-pm2-5.4.2/lib/node_modules/pm2/node_modules/require-in-the-middle/index.js:81:25)
2025-04-14 09:43:21:     at require (node:internal/modules/helpers:177:18)
2025-04-14 09:43:21:     at Object.<anonymous> (/repo/nodejs/demo-app/tracing.js:9:22)
2025-04-14 09:43:21:     at Module._compile (node:internal/modules/cjs/loader:1364:14)
2025-04-14 09:43:21:     at Module._extensions..js (node:internal/modules/cjs/loader:1422:10)
2025-04-14 09:43:21:     at Module.load (node:internal/modules/cjs/loader:1203:32)
2025-04-14 09:43:21:     at Module._load (node:internal/modules/cjs/loader:1019:12)
2025-04-14 09:43:21:     at Module.require (node:internal/modules/cjs/loader:1231:19)
2025-04-14 09:43:21:     at Hook._require.Module.require (/nix/store/shfv23xyd45wxv8w4ax04abmvmf1m78w-pm2-5.4.2/lib/node_modules/pm2/node_modules/require-in-the-middle/index.js:101:39) {
2025-04-14 09:43:21:   code: 'MODULE_NOT_FOUND',
2025-04-14 09:43:21:   requireStack: [
2025-04-14 09:43:21:     '/repo/nodejs/demo-app/tracing.js',
2025-04-14 09:43:21:     '/repo/nodejs/demo-app/app.js'
2025-04-14 09:43:21:   ]
2025-04-14 09:43:21: }
2025-04-14 09:43:21: Error: Cannot find module '@opentelemetry/resources/build/src/resource'
2025-04-14 09:43:21: Require stack:
2025-04-14 09:43:21: - /repo/nodejs/demo-app/tracing.js
2025-04-14 09:43:21: - /repo/nodejs/demo-app/app.js
2025-04-14 09:43:21:     at Module._resolveFilename (node:internal/modules/cjs/loader:1140:15)
2025-04-14 09:43:21:     at Hook._require.Module.require (/nix/store/shfv23xyd45wxv8w4ax04abmvmf1m78w-pm2-5.4.2/lib/node_modules/pm2/node_modules/require-in-the-middle/index.js:81:25)
2025-04-14 09:43:21:     at require (node:internal/modules/helpers:177:18)
2025-04-14 09:43:21:     at Object.<anonymous> (/repo/nodejs/demo-app/tracing.js:9:22)
2025-04-14 09:43:21:     at Module._compile (node:internal/modules/cjs/loader:1364:14)
2025-04-14 09:43:21:     at Module._extensions..js (node:internal/modules/cjs/loader:1422:10)
2025-04-14 09:43:21:     at Module.load (node:internal/modules/cjs/loader:1203:32)
2025-04-14 09:43:21:     at Module._load (node:internal/modules/cjs/loader:1019:12)
2025-04-14 09:43:21:     at Module.require (node:internal/modules/cjs/loader:1231:19)
2025-04-14 09:43:21:     at Hook._require.Module.require (/nix/store/shfv23xyd45wxv8w4ax04abmvmf1m78w-pm2-5.4.2/lib/node_modules/pm2/node_modules/require-in-the-middle/index.js:101:39) {
2025-04-14 09:43:21:   code: 'MODULE_NOT_FOUND',
2025-04-14 09:43:21:   requireStack: [
2025-04-14 09:43:21:     '/repo/nodejs/demo-app/tracing.js',
2025-04-14 09:43:21:     '/repo/nodejs/demo-app/app.js'
2025-04-14 09:43:21:   ]
2025-04-14 09:43:21: }
2025-04-14 09:43:21: Error: Cannot find module '@opentelemetry/resources/build/src/resource'
2025-04-14 09:43:21: Require stack:
2025-04-14 09:43:21: - /repo/nodejs/demo-app/tracing.js
2025-04-14 09:43:21: - /repo/nodejs/demo-app/app.js
2025-04-14 09:43:21:     at Module._resolveFilename (node:internal/modules/cjs/loader:1140:15)
2025-04-14 09:43:21:     at Hook._require.Module.require (/nix/store/shfv23xyd45wxv8w4ax04abmvmf1m78w-pm2-5.4.2/lib/node_modules/pm2/node_modules/require-in-the-middle/index.js:81:25)
2025-04-14 09:43:21:     at require (node:internal/modules/helpers:177:18)
2025-04-14 09:43:21:     at Object.<anonymous> (/repo/nodejs/demo-app/tracing.js:9:22)
2025-04-14 09:43:21:     at Module._compile (node:internal/modules/cjs/loader:1364:14)
2025-04-14 09:43:21:     at Module._extensions..js (node:internal/modules/cjs/loader:1422:10)
2025-04-14 09:43:21:     at Module.load (node:internal/modules/cjs/loader:1203:32)
2025-04-14 09:43:21:     at Module._load (node:internal/modules/cjs/loader:1019:12)
2025-04-14 09:43:21:     at Module.require (node:internal/modules/cjs/loader:1231:19)
2025-04-14 09:43:21:     at Hook._require.Module.require (/nix/store/shfv23xyd45wxv8w4ax04abmvmf1m78w-pm2-5.4.2/lib/node_modules/pm2/node_modules/require-in-the-middle/index.js:101:39) {
2025-04-14 09:43:21:   code: 'MODULE_NOT_FOUND',
2025-04-14 09:43:21:   requireStack: [
2025-04-14 09:43:21:     '/repo/nodejs/demo-app/tracing.js',
2025-04-14 09:43:21:     '/repo/nodejs/demo-app/app.js'
2025-04-14 09:43:21:   ]
2025-04-14 09:43:21: }
2025-04-14 09:43:21: Error: Cannot find module '@opentelemetry/resources/build/src/resource'
2025-04-14 09:43:21: Require stack:
2025-04-14 09:43:21: - /repo/nodejs/demo-app/tracing.js
2025-04-14 09:43:21: - /repo/nodejs/demo-app/app.js
2025-04-14 09:43:21:     at Module._resolveFilename (node:internal/modules/cjs/loader:1140:15)
2025-04-14 09:43:21:     at Hook._require.Module.require (/nix/store/shfv23xyd45wxv8w4ax04abmvmf1m78w-pm2-5.4.2/lib/node_modules/pm2/node_modules/require-in-the-middle/index.js:81:25)
2025-04-14 09:43:21:     at require (node:internal/modules/helpers:177:18)
2025-04-14 09:43:21:     at Object.<anonymous> (/repo/nodejs/demo-app/tracing.js:9:22)
2025-04-14 09:43:21:     at Module._compile (node:internal/modules/cjs/loader:1364:14)
2025-04-14 09:43:21:     at Module._extensions..js (node:internal/modules/cjs/loader:1422:10)
2025-04-14 09:43:21:     at Module.load (node:internal/modules/cjs/loader:1203:32)
2025-04-14 09:43:21:     at Module._load (node:internal/modules/cjs/loader:1019:12)
2025-04-14 09:43:21:     at Module.require (node:internal/modules/cjs/loader:1231:19)
2025-04-14 09:43:21:     at Hook._require.Module.require (/nix/store/shfv23xyd45wxv8w4ax04abmvmf1m78w-pm2-5.4.2/lib/node_modules/pm2/node_modules/require-in-the-middle/index.js:101:39) {
2025-04-14 09:43:21:   code: 'MODULE_NOT_FOUND',
2025-04-14 09:43:21:   requireStack: [
2025-04-14 09:43:21:     '/repo/nodejs/demo-app/tracing.js',
2025-04-14 09:43:21:     '/repo/nodejs/demo-app/app.js'
2025-04-14 09:43:21:   ]
2025-04-14 09:43:21: }
2025-04-14 09:43:21: Error: Cannot find module '@opentelemetry/resources/build/src/resource'
2025-04-14 09:43:21: Require stack:
2025-04-14 09:43:21: - /repo/nodejs/demo-app/tracing.js
2025-04-14 09:43:21: - /repo/nodejs/demo-app/app.js
2025-04-14 09:43:21:     at Module._resolveFilename (node:internal/modules/cjs/loader:1140:15)
2025-04-14 09:43:21:     at Hook._require.Module.require (/nix/store/shfv23xyd45wxv8w4ax04abmvmf1m78w-pm2-5.4.2/lib/node_modules/pm2/node_modules/require-in-the-middle/index.js:81:25)
2025-04-14 09:43:21:     at require (node:internal/modules/helpers:177:18)
2025-04-14 09:43:21:     at Object.<anonymous> (/repo/nodejs/demo-app/tracing.js:9:22)
2025-04-14 09:43:21:     at Module._compile (node:internal/modules/cjs/loader:1364:14)
2025-04-14 09:43:21:     at Module._extensions..js (node:internal/modules/cjs/loader:1422:10)
2025-04-14 09:43:21:     at Module.load (node:internal/modules/cjs/loader:1203:32)
2025-04-14 09:43:21:     at Module._load (node:internal/modules/cjs/loader:1019:12)
2025-04-14 09:43:21:     at Module.require (node:internal/modules/cjs/loader:1231:19)
2025-04-14 09:43:21:     at Hook._require.Module.require (/nix/store/shfv23xyd45wxv8w4ax04abmvmf1m78w-pm2-5.4.2/lib/node_modules/pm2/node_modules/require-in-the-middle/index.js:101:39) {
2025-04-14 09:43:21:   code: 'MODULE_NOT_FOUND',
2025-04-14 09:43:21:   requireStack: [
2025-04-14 09:43:21:     '/repo/nodejs/demo-app/tracing.js',
2025-04-14 09:43:21:     '/repo/nodejs/demo-app/app.js'
2025-04-14 09:43:21:   ]
2025-04-14 09:43:21: }
2025-04-14 09:43:21: Error: Cannot find module '@opentelemetry/resources/build/src/resource'
2025-04-14 09:43:21: Require stack:
2025-04-14 09:43:21: - /repo/nodejs/demo-app/tracing.js
2025-04-14 09:43:21: - /repo/nodejs/demo-app/app.js
2025-04-14 09:43:21:     at Module._resolveFilename (node:internal/modules/cjs/loader:1140:15)
2025-04-14 09:43:21:     at Hook._require.Module.require (/nix/store/shfv23xyd45wxv8w4ax04abmvmf1m78w-pm2-5.4.2/lib/node_modules/pm2/node_modules/require-in-the-middle/index.js:81:25)
2025-04-14 09:43:21:     at require (node:internal/modules/helpers:177:18)
2025-04-14 09:43:21:     at Object.<anonymous> (/repo/nodejs/demo-app/tracing.js:9:22)
2025-04-14 09:43:21:     at Module._compile (node:internal/modules/cjs/loader:1364:14)
2025-04-14 09:43:21:     at Module._extensions..js (node:internal/modules/cjs/loader:1422:10)
2025-04-14 09:43:21:     at Module.load (node:internal/modules/cjs/loader:1203:32)
2025-04-14 09:43:21:     at Module._load (node:internal/modules/cjs/loader:1019:12)
2025-04-14 09:43:21:     at Module.require (node:internal/modules/cjs/loader:1231:19)
2025-04-14 09:43:21:     at Hook._require.Module.require (/nix/store/shfv23xyd45wxv8w4ax04abmvmf1m78w-pm2-5.4.2/lib/node_modules/pm2/node_modules/require-in-the-middle/index.js:101:39) {
2025-04-14 09:43:21:   code: 'MODULE_NOT_FOUND',
2025-04-14 09:43:21:   requireStack: [
2025-04-14 09:43:21:     '/repo/nodejs/demo-app/tracing.js',
2025-04-14 09:43:21:     '/repo/nodejs/demo-app/app.js'
2025-04-14 09:43:21:   ]
2025-04-14 09:43:21: }
2025-04-14 09:43:22: Error: Cannot find module '@opentelemetry/resources/build/src/resource'
2025-04-14 09:43:22: Require stack:
2025-04-14 09:43:22: - /repo/nodejs/demo-app/tracing.js
2025-04-14 09:43:22: - /repo/nodejs/demo-app/app.js
2025-04-14 09:43:22:     at Module._resolveFilename (node:internal/modules/cjs/loader:1140:15)
2025-04-14 09:43:22:     at Hook._require.Module.require (/nix/store/shfv23xyd45wxv8w4ax04abmvmf1m78w-pm2-5.4.2/lib/node_modules/pm2/node_modules/require-in-the-middle/index.js:81:25)
2025-04-14 09:43:22:     at require (node:internal/modules/helpers:177:18)
2025-04-14 09:43:22:     at Object.<anonymous> (/repo/nodejs/demo-app/tracing.js:9:22)
2025-04-14 09:43:22:     at Module._compile (node:internal/modules/cjs/loader:1364:14)
2025-04-14 09:43:22:     at Module._extensions..js (node:internal/modules/cjs/loader:1422:10)
2025-04-14 09:43:22:     at Module.load (node:internal/modules/cjs/loader:1203:32)
2025-04-14 09:43:22:     at Module._load (node:internal/modules/cjs/loader:1019:12)
2025-04-14 09:43:22:     at Module.require (node:internal/modules/cjs/loader:1231:19)
2025-04-14 09:43:22:     at Hook._require.Module.require (/nix/store/shfv23xyd45wxv8w4ax04abmvmf1m78w-pm2-5.4.2/lib/node_modules/pm2/node_modules/require-in-the-middle/index.js:101:39) {
2025-04-14 09:43:22:   code: 'MODULE_NOT_FOUND',
2025-04-14 09:43:22:   requireStack: [
2025-04-14 09:43:22:     '/repo/nodejs/demo-app/tracing.js',
2025-04-14 09:43:22:     '/repo/nodejs/demo-app/app.js'
2025-04-14 09:43:22:   ]
2025-04-14 09:43:22: }
2025-04-14 09:43:22: Error: Cannot find module '@opentelemetry/resources/build/src/resource'
2025-04-14 09:43:22: Require stack:
2025-04-14 09:43:22: - /repo/nodejs/demo-app/tracing.js
2025-04-14 09:43:22: - /repo/nodejs/demo-app/app.js
2025-04-14 09:43:22:     at Module._resolveFilename (node:internal/modules/cjs/loader:1140:15)
2025-04-14 09:43:22:     at Hook._require.Module.require (/nix/store/shfv23xyd45wxv8w4ax04abmvmf1m78w-pm2-5.4.2/lib/node_modules/pm2/node_modules/require-in-the-middle/index.js:81:25)
2025-04-14 09:43:22:     at require (node:internal/modules/helpers:177:18)
2025-04-14 09:43:22:     at Object.<anonymous> (/repo/nodejs/demo-app/tracing.js:9:22)
2025-04-14 09:43:22:     at Module._compile (node:internal/modules/cjs/loader:1364:14)
2025-04-14 09:43:22:     at Module._extensions..js (node:internal/modules/cjs/loader:1422:10)
2025-04-14 09:43:22:     at Module.load (node:internal/modules/cjs/loader:1203:32)
2025-04-14 09:43:22:     at Module._load (node:internal/modules/cjs/loader:1019:12)
2025-04-14 09:43:22:     at Module.require (node:internal/modules/cjs/loader:1231:19)
2025-04-14 09:43:22:     at Hook._require.Module.require (/nix/store/shfv23xyd45wxv8w4ax04abmvmf1m78w-pm2-5.4.2/lib/node_modules/pm2/node_modules/require-in-the-middle/index.js:101:39) {
2025-04-14 09:43:22:   code: 'MODULE_NOT_FOUND',
2025-04-14 09:43:22:   requireStack: [
2025-04-14 09:43:22:     '/repo/nodejs/demo-app/tracing.js',
2025-04-14 09:43:22:     '/repo/nodejs/demo-app/app.js'
2025-04-14 09:43:22:   ]
2025-04-14 09:43:22: }
2025-04-14 09:43:22: Error: Cannot find module '@opentelemetry/resources/build/src/resource'
2025-04-14 09:43:22: Require stack:
2025-04-14 09:43:22: - /repo/nodejs/demo-app/tracing.js
2025-04-14 09:43:22: - /repo/nodejs/demo-app/app.js
2025-04-14 09:43:22:     at Module._resolveFilename (node:internal/modules/cjs/loader:1140:15)
2025-04-14 09:43:22:     at Hook._require.Module.require (/nix/store/shfv23xyd45wxv8w4ax04abmvmf1m78w-pm2-5.4.2/lib/node_modules/pm2/node_modules/require-in-the-middle/index.js:81:25)
2025-04-14 09:43:22:     at require (node:internal/modules/helpers:177:18)
2025-04-14 09:43:22:     at Object.<anonymous> (/repo/nodejs/demo-app/tracing.js:9:22)
2025-04-14 09:43:22:     at Module._compile (node:internal/modules/cjs/loader:1364:14)
2025-04-14 09:43:22:     at Module._extensions..js (node:internal/modules/cjs/loader:1422:10)
2025-04-14 09:43:22:     at Module.load (node:internal/modules/cjs/loader:1203:32)
2025-04-14 09:43:22:     at Module._load (node:internal/modules/cjs/loader:1019:12)
2025-04-14 09:43:22:     at Module.require (node:internal/modules/cjs/loader:1231:19)
2025-04-14 09:43:22:     at Hook._require.Module.require (/nix/store/shfv23xyd45wxv8w4ax04abmvmf1m78w-pm2-5.4.2/lib/node_modules/pm2/node_modules/require-in-the-middle/index.js:101:39) {
2025-04-14 09:43:22:   code: 'MODULE_NOT_FOUND',
2025-04-14 09:43:22:   requireStack: [
2025-04-14 09:43:22:     '/repo/nodejs/demo-app/tracing.js',
2025-04-14 09:43:22:     '/repo/nodejs/demo-app/app.js'
2025-04-14 09:43:22:   ]
2025-04-14 09:43:22: }
2025-04-14 09:43:22: Error: Cannot find module '@opentelemetry/resources/build/src/resource'
2025-04-14 09:43:22: Require stack:
2025-04-14 09:43:22: - /repo/nodejs/demo-app/tracing.js
2025-04-14 09:43:22: - /repo/nodejs/demo-app/app.js
2025-04-14 09:43:22:     at Module._resolveFilename (node:internal/modules/cjs/loader:1140:15)
2025-04-14 09:43:22:     at Hook._require.Module.require (/nix/store/shfv23xyd45wxv8w4ax04abmvmf1m78w-pm2-5.4.2/lib/node_modules/pm2/node_modules/require-in-the-middle/index.js:81:25)
2025-04-14 09:43:22:     at require (node:internal/modules/helpers:177:18)
2025-04-14 09:43:22:     at Object.<anonymous> (/repo/nodejs/demo-app/tracing.js:9:22)
2025-04-14 09:43:22:     at Module._compile (node:internal/modules/cjs/loader:1364:14)
2025-04-14 09:43:22:     at Module._extensions..js (node:internal/modules/cjs/loader:1422:10)
2025-04-14 09:43:22:     at Module.load (node:internal/modules/cjs/loader:1203:32)
2025-04-14 09:43:22:     at Module._load (node:internal/modules/cjs/loader:1019:12)
2025-04-14 09:43:22:     at Module.require (node:internal/modules/cjs/loader:1231:19)
2025-04-14 09:43:22:     at Hook._require.Module.require (/nix/store/shfv23xyd45wxv8w4ax04abmvmf1m78w-pm2-5.4.2/lib/node_modules/pm2/node_modules/require-in-the-middle/index.js:101:39) {
2025-04-14 09:43:22:   code: 'MODULE_NOT_FOUND',
2025-04-14 09:43:22:   requireStack: [
2025-04-14 09:43:22:     '/repo/nodejs/demo-app/tracing.js',
2025-04-14 09:43:22:     '/repo/nodejs/demo-app/app.js'
2025-04-14 09:43:22:   ]
2025-04-14 09:43:22: }
2025-04-14 09:43:23: Error: Cannot find module '@opentelemetry/resources/build/src/resource'
2025-04-14 09:43:23: Require stack:
2025-04-14 09:43:23: - /repo/nodejs/demo-app/tracing.js
2025-04-14 09:43:23: - /repo/nodejs/demo-app/app.js
2025-04-14 09:43:23:     at Module._resolveFilename (node:internal/modules/cjs/loader:1140:15)
2025-04-14 09:43:23:     at Hook._require.Module.require (/nix/store/shfv23xyd45wxv8w4ax04abmvmf1m78w-pm2-5.4.2/lib/node_modules/pm2/node_modules/require-in-the-middle/index.js:81:25)
2025-04-14 09:43:23:     at require (node:internal/modules/helpers:177:18)
2025-04-14 09:43:23:     at Object.<anonymous> (/repo/nodejs/demo-app/tracing.js:9:22)
2025-04-14 09:43:23:     at Module._compile (node:internal/modules/cjs/loader:1364:14)
2025-04-14 09:43:23:     at Module._extensions..js (node:internal/modules/cjs/loader:1422:10)
2025-04-14 09:43:23:     at Module.load (node:internal/modules/cjs/loader:1203:32)
2025-04-14 09:43:23:     at Module._load (node:internal/modules/cjs/loader:1019:12)
2025-04-14 09:43:23:     at Module.require (node:internal/modules/cjs/loader:1231:19)
2025-04-14 09:43:23:     at Hook._require.Module.require (/nix/store/shfv23xyd45wxv8w4ax04abmvmf1m78w-pm2-5.4.2/lib/node_modules/pm2/node_modules/require-in-the-middle/index.js:101:39) {
2025-04-14 09:43:23:   code: 'MODULE_NOT_FOUND',
2025-04-14 09:43:23:   requireStack: [
2025-04-14 09:43:23:     '/repo/nodejs/demo-app/tracing.js',
2025-04-14 09:43:23:     '/repo/nodejs/demo-app/app.js'
2025-04-14 09:43:23:   ]
2025-04-14 09:43:23: }
2025-04-14 09:43:23: Error: Cannot find module '@opentelemetry/resources/build/src/resource'
2025-04-14 09:43:23: Require stack:
2025-04-14 09:43:23: - /repo/nodejs/demo-app/tracing.js
2025-04-14 09:43:23: - /repo/nodejs/demo-app/app.js
2025-04-14 09:43:23:     at Module._resolveFilename (node:internal/modules/cjs/loader:1140:15)
2025-04-14 09:43:23:     at Hook._require.Module.require (/nix/store/shfv23xyd45wxv8w4ax04abmvmf1m78w-pm2-5.4.2/lib/node_modules/pm2/node_modules/require-in-the-middle/index.js:81:25)
2025-04-14 09:43:23:     at require (node:internal/modules/helpers:177:18)
2025-04-14 09:43:23:     at Object.<anonymous> (/repo/nodejs/demo-app/tracing.js:9:22)
2025-04-14 09:43:23:     at Module._compile (node:internal/modules/cjs/loader:1364:14)
2025-04-14 09:43:23:     at Module._extensions..js (node:internal/modules/cjs/loader:1422:10)
2025-04-14 09:43:23:     at Module.load (node:internal/modules/cjs/loader:1203:32)
2025-04-14 09:43:23:     at Module._load (node:internal/modules/cjs/loader:1019:12)
2025-04-14 09:43:23:     at Module.require (node:internal/modules/cjs/loader:1231:19)
2025-04-14 09:43:23:     at Hook._require.Module.require (/nix/store/shfv23xyd45wxv8w4ax04abmvmf1m78w-pm2-5.4.2/lib/node_modules/pm2/node_modules/require-in-the-middle/index.js:101:39) {
2025-04-14 09:43:23:   code: 'MODULE_NOT_FOUND',
2025-04-14 09:43:23:   requireStack: [
2025-04-14 09:43:23:     '/repo/nodejs/demo-app/tracing.js',
2025-04-14 09:43:23:     '/repo/nodejs/demo-app/app.js'
2025-04-14 09:43:23:   ]
2025-04-14 09:43:23: }
2025-04-14 09:43:23: Error: Cannot find module '@opentelemetry/resources/build/src/resource'
2025-04-14 09:43:23: Require stack:
2025-04-14 09:43:23: - /repo/nodejs/demo-app/tracing.js
2025-04-14 09:43:23: - /repo/nodejs/demo-app/app.js
2025-04-14 09:43:23:     at Module._resolveFilename (node:internal/modules/cjs/loader:1140:15)
2025-04-14 09:43:23:     at Hook._require.Module.require (/nix/store/shfv23xyd45wxv8w4ax04abmvmf1m78w-pm2-5.4.2/lib/node_modules/pm2/node_modules/require-in-the-middle/index.js:81:25)
2025-04-14 09:43:23:     at require (node:internal/modules/helpers:177:18)
2025-04-14 09:43:23:     at Object.<anonymous> (/repo/nodejs/demo-app/tracing.js:9:22)
2025-04-14 09:43:23:     at Module._compile (node:internal/modules/cjs/loader:1364:14)
2025-04-14 09:43:23:     at Module._extensions..js (node:internal/modules/cjs/loader:1422:10)
2025-04-14 09:43:23:     at Module.load (node:internal/modules/cjs/loader:1203:32)
2025-04-14 09:43:23:     at Module._load (node:internal/modules/cjs/loader:1019:12)
2025-04-14 09:43:23:     at Module.require (node:internal/modules/cjs/loader:1231:19)
2025-04-14 09:43:23:     at Hook._require.Module.require (/nix/store/shfv23xyd45wxv8w4ax04abmvmf1m78w-pm2-5.4.2/lib/node_modules/pm2/node_modules/require-in-the-middle/index.js:101:39) {
2025-04-14 09:43:23:   code: 'MODULE_NOT_FOUND',
2025-04-14 09:43:23:   requireStack: [
2025-04-14 09:43:23:     '/repo/nodejs/demo-app/tracing.js',
2025-04-14 09:43:23:     '/repo/nodejs/demo-app/app.js'
2025-04-14 09:43:23:   ]
2025-04-14 09:43:23: }
2025-04-14 09:43:23: Error: Cannot find module '@opentelemetry/resources/build/src/resource'
2025-04-14 09:43:23: Require stack:
2025-04-14 09:43:23: - /repo/nodejs/demo-app/tracing.js
2025-04-14 09:43:23: - /repo/nodejs/demo-app/app.js
2025-04-14 09:43:23:     at Module._resolveFilename (node:internal/modules/cjs/loader:1140:15)
2025-04-14 09:43:23:     at Hook._require.Module.require (/nix/store/shfv23xyd45wxv8w4ax04abmvmf1m78w-pm2-5.4.2/lib/node_modules/pm2/node_modules/require-in-the-middle/index.js:81:25)
2025-04-14 09:43:23:     at require (node:internal/modules/helpers:177:18)
2025-04-14 09:43:23:     at Object.<anonymous> (/repo/nodejs/demo-app/tracing.js:9:22)
2025-04-14 09:43:23:     at Module._compile (node:internal/modules/cjs/loader:1364:14)
2025-04-14 09:43:23:     at Module._extensions..js (node:internal/modules/cjs/loader:1422:10)
2025-04-14 09:43:23:     at Module.load (node:internal/modules/cjs/loader:1203:32)
2025-04-14 09:43:23:     at Module._load (node:internal/modules/cjs/loader:1019:12)
2025-04-14 09:43:23:     at Module.require (node:internal/modules/cjs/loader:1231:19)
2025-04-14 09:43:23:     at Hook._require.Module.require (/nix/store/shfv23xyd45wxv8w4ax04abmvmf1m78w-pm2-5.4.2/lib/node_modules/pm2/node_modules/require-in-the-middle/index.js:101:39) {
2025-04-14 09:43:23:   code: 'MODULE_NOT_FOUND',
2025-04-14 09:43:23:   requireStack: [
2025-04-14 09:43:23:     '/repo/nodejs/demo-app/tracing.js',
2025-04-14 09:43:23:     '/repo/nodejs/demo-app/app.js'
2025-04-14 09:43:23:   ]
2025-04-14 09:43:23: }
2025-04-14 09:43:23: Error: Cannot find module '@opentelemetry/resources/build/src/resource'
2025-04-14 09:43:23: Require stack:
2025-04-14 09:43:23: - /repo/nodejs/demo-app/tracing.js
2025-04-14 09:43:23: - /repo/nodejs/demo-app/app.js
2025-04-14 09:43:23:     at Module._resolveFilename (node:internal/modules/cjs/loader:1140:15)
2025-04-14 09:43:23:     at Hook._require.Module.require (/nix/store/shfv23xyd45wxv8w4ax04abmvmf1m78w-pm2-5.4.2/lib/node_modules/pm2/node_modules/require-in-the-middle/index.js:81:25)
2025-04-14 09:43:23:     at require (node:internal/modules/helpers:177:18)
2025-04-14 09:43:23:     at Object.<anonymous> (/repo/nodejs/demo-app/tracing.js:9:22)
2025-04-14 09:43:23:     at Module._compile (node:internal/modules/cjs/loader:1364:14)
2025-04-14 09:43:23:     at Module._extensions..js (node:internal/modules/cjs/loader:1422:10)
2025-04-14 09:43:23:     at Module.load (node:internal/modules/cjs/loader:1203:32)
2025-04-14 09:43:23:     at Module._load (node:internal/modules/cjs/loader:1019:12)
2025-04-14 09:43:23:     at Module.require (node:internal/modules/cjs/loader:1231:19)
2025-04-14 09:43:23:     at Hook._require.Module.require (/nix/store/shfv23xyd45wxv8w4ax04abmvmf1m78w-pm2-5.4.2/lib/node_modules/pm2/node_modules/require-in-the-middle/index.js:101:39) {
2025-04-14 09:43:23:   code: 'MODULE_NOT_FOUND',
2025-04-14 09:43:23:   requireStack: [
2025-04-14 09:43:23:     '/repo/nodejs/demo-app/tracing.js',
2025-04-14 09:43:23:     '/repo/nodejs/demo-app/app.js'
2025-04-14 09:43:23:   ]
2025-04-14 09:43:23: }
2025-04-14 09:43:24: Error: Cannot find module '@opentelemetry/resources/build/src/resource'
2025-04-14 09:43:24: Require stack:
2025-04-14 09:43:24: - /repo/nodejs/demo-app/tracing.js
2025-04-14 09:43:24: - /repo/nodejs/demo-app/app.js
2025-04-14 09:43:24:     at Module._resolveFilename (node:internal/modules/cjs/loader:1140:15)
2025-04-14 09:43:24:     at Hook._require.Module.require (/nix/store/shfv23xyd45wxv8w4ax04abmvmf1m78w-pm2-5.4.2/lib/node_modules/pm2/node_modules/require-in-the-middle/index.js:81:25)
2025-04-14 09:43:24:     at require (node:internal/modules/helpers:177:18)
2025-04-14 09:43:24:     at Object.<anonymous> (/repo/nodejs/demo-app/tracing.js:9:22)
2025-04-14 09:43:24:     at Module._compile (node:internal/modules/cjs/loader:1364:14)
2025-04-14 09:43:24:     at Module._extensions..js (node:internal/modules/cjs/loader:1422:10)
2025-04-14 09:43:24:     at Module.load (node:internal/modules/cjs/loader:1203:32)
2025-04-14 09:43:24:     at Module._load (node:internal/modules/cjs/loader:1019:12)
2025-04-14 09:43:24:     at Module.require (node:internal/modules/cjs/loader:1231:19)
2025-04-14 09:43:24:     at Hook._require.Module.require (/nix/store/shfv23xyd45wxv8w4ax04abmvmf1m78w-pm2-5.4.2/lib/node_modules/pm2/node_modules/require-in-the-middle/index.js:101:39) {
2025-04-14 09:43:24:   code: 'MODULE_NOT_FOUND',
2025-04-14 09:43:24:   requireStack: [
2025-04-14 09:43:24:     '/repo/nodejs/demo-app/tracing.js',
2025-04-14 09:43:24:     '/repo/nodejs/demo-app/app.js'
2025-04-14 09:43:24:   ]
2025-04-14 09:43:24: }
2025-04-14 09:43:24: Error: Cannot find module '@opentelemetry/resources/build/src/resource'
2025-04-14 09:43:24: Require stack:
2025-04-14 09:43:24: - /repo/nodejs/demo-app/tracing.js
2025-04-14 09:43:24: - /repo/nodejs/demo-app/app.js
2025-04-14 09:43:24:     at Module._resolveFilename (node:internal/modules/cjs/loader:1140:15)
2025-04-14 09:43:24:     at Hook._require.Module.require (/nix/store/shfv23xyd45wxv8w4ax04abmvmf1m78w-pm2-5.4.2/lib/node_modules/pm2/node_modules/require-in-the-middle/index.js:81:25)
2025-04-14 09:43:24:     at require (node:internal/modules/helpers:177:18)
2025-04-14 09:43:24:     at Object.<anonymous> (/repo/nodejs/demo-app/tracing.js:9:22)
2025-04-14 09:43:24:     at Module._compile (node:internal/modules/cjs/loader:1364:14)
2025-04-14 09:43:24:     at Module._extensions..js (node:internal/modules/cjs/loader:1422:10)
2025-04-14 09:43:24:     at Module.load (node:internal/modules/cjs/loader:1203:32)
2025-04-14 09:43:24:     at Module._load (node:internal/modules/cjs/loader:1019:12)
2025-04-14 09:43:24:     at Module.require (node:internal/modules/cjs/loader:1231:19)
2025-04-14 09:43:24:     at Hook._require.Module.require (/nix/store/shfv23xyd45wxv8w4ax04abmvmf1m78w-pm2-5.4.2/lib/node_modules/pm2/node_modules/require-in-the-middle/index.js:101:39) {
2025-04-14 09:43:24:   code: 'MODULE_NOT_FOUND',
2025-04-14 09:43:24:   requireStack: [
2025-04-14 09:43:24:     '/repo/nodejs/demo-app/tracing.js',
2025-04-14 09:43:24:     '/repo/nodejs/demo-app/app.js'
2025-04-14 09:43:24:   ]
2025-04-14 09:43:24: }
2025-04-14 09:43:24: Error: Cannot find module '@opentelemetry/resources/build/src/resource'
2025-04-14 09:43:24: Require stack:
2025-04-14 09:43:24: - /repo/nodejs/demo-app/tracing.js
2025-04-14 09:43:24: - /repo/nodejs/demo-app/app.js
2025-04-14 09:43:24:     at Module._resolveFilename (node:internal/modules/cjs/loader:1140:15)
2025-04-14 09:43:24:     at Hook._require.Module.require (/nix/store/shfv23xyd45wxv8w4ax04abmvmf1m78w-pm2-5.4.2/lib/node_modules/pm2/node_modules/require-in-the-middle/index.js:81:25)
2025-04-14 09:43:24:     at require (node:internal/modules/helpers:177:18)
2025-04-14 09:43:24:     at Object.<anonymous> (/repo/nodejs/demo-app/tracing.js:9:22)
2025-04-14 09:43:24:     at Module._compile (node:internal/modules/cjs/loader:1364:14)
2025-04-14 09:43:24:     at Module._extensions..js (node:internal/modules/cjs/loader:1422:10)
2025-04-14 09:43:24:     at Module.load (node:internal/modules/cjs/loader:1203:32)
2025-04-14 09:43:24:     at Module._load (node:internal/modules/cjs/loader:1019:12)
2025-04-14 09:43:24:     at Module.require (node:internal/modules/cjs/loader:1231:19)
2025-04-14 09:43:24:     at Hook._require.Module.require (/nix/store/shfv23xyd45wxv8w4ax04abmvmf1m78w-pm2-5.4.2/lib/node_modules/pm2/node_modules/require-in-the-middle/index.js:101:39) {
2025-04-14 09:43:24:   code: 'MODULE_NOT_FOUND',
2025-04-14 09:43:24:   requireStack: [
2025-04-14 09:43:24:     '/repo/nodejs/demo-app/tracing.js',
2025-04-14 09:43:24:     '/repo/nodejs/demo-app/app.js'
2025-04-14 09:43:24:   ]
2025-04-14 09:43:24: }
2025-04-14 09:43:24: Error: Cannot find module '@opentelemetry/resources/build/src/resource'
2025-04-14 09:43:24: Require stack:
2025-04-14 09:43:24: - /repo/nodejs/demo-app/tracing.js
2025-04-14 09:43:24: - /repo/nodejs/demo-app/app.js
2025-04-14 09:43:24:     at Module._resolveFilename (node:internal/modules/cjs/loader:1140:15)
2025-04-14 09:43:24:     at Hook._require.Module.require (/nix/store/shfv23xyd45wxv8w4ax04abmvmf1m78w-pm2-5.4.2/lib/node_modules/pm2/node_modules/require-in-the-middle/index.js:81:25)
2025-04-14 09:43:24:     at require (node:internal/modules/helpers:177:18)
2025-04-14 09:43:24:     at Object.<anonymous> (/repo/nodejs/demo-app/tracing.js:9:22)
2025-04-14 09:43:24:     at Module._compile (node:internal/modules/cjs/loader:1364:14)
2025-04-14 09:43:24:     at Module._extensions..js (node:internal/modules/cjs/loader:1422:10)
2025-04-14 09:43:24:     at Module.load (node:internal/modules/cjs/loader:1203:32)
2025-04-14 09:43:24:     at Module._load (node:internal/modules/cjs/loader:1019:12)
2025-04-14 09:43:24:     at Module.require (node:internal/modules/cjs/loader:1231:19)
2025-04-14 09:43:24:     at Hook._require.Module.require (/nix/store/shfv23xyd45wxv8w4ax04abmvmf1m78w-pm2-5.4.2/lib/node_modules/pm2/node_modules/require-in-the-middle/index.js:101:39) {
2025-04-14 09:43:24:   code: 'MODULE_NOT_FOUND',
2025-04-14 09:43:24:   requireStack: [
2025-04-14 09:43:24:     '/repo/nodejs/demo-app/tracing.js',
2025-04-14 09:43:24:     '/repo/nodejs/demo-app/app.js'
2025-04-14 09:43:24:   ]
2025-04-14 09:43:24: }
2025-04-14 09:43:24: Error: Cannot find module '@opentelemetry/resources/build/src/resource'
2025-04-14 09:43:24: Require stack:
2025-04-14 09:43:24: - /repo/nodejs/demo-app/tracing.js
2025-04-14 09:43:24: - /repo/nodejs/demo-app/app.js
2025-04-14 09:43:24:     at Module._resolveFilename (node:internal/modules/cjs/loader:1140:15)
2025-04-14 09:43:24:     at Hook._require.Module.require (/nix/store/shfv23xyd45wxv8w4ax04abmvmf1m78w-pm2-5.4.2/lib/node_modules/pm2/node_modules/require-in-the-middle/index.js:81:25)
2025-04-14 09:43:24:     at require (node:internal/modules/helpers:177:18)
2025-04-14 09:43:24:     at Object.<anonymous> (/repo/nodejs/demo-app/tracing.js:9:22)
2025-04-14 09:43:24:     at Module._compile (node:internal/modules/cjs/loader:1364:14)
2025-04-14 09:43:24:     at Module._extensions..js (node:internal/modules/cjs/loader:1422:10)
2025-04-14 09:43:24:     at Module.load (node:internal/modules/cjs/loader:1203:32)
2025-04-14 09:43:24:     at Module._load (node:internal/modules/cjs/loader:1019:12)
2025-04-14 09:43:24:     at Module.require (node:internal/modules/cjs/loader:1231:19)
2025-04-14 09:43:24:     at Hook._require.Module.require (/nix/store/shfv23xyd45wxv8w4ax04abmvmf1m78w-pm2-5.4.2/lib/node_modules/pm2/node_modules/require-in-the-middle/index.js:101:39) {
2025-04-14 09:43:24:   code: 'MODULE_NOT_FOUND',
2025-04-14 09:43:24:   requireStack: [
2025-04-14 09:43:24:     '/repo/nodejs/demo-app/tracing.js',
2025-04-14 09:43:24:     '/repo/nodejs/demo-app/app.js'
2025-04-14 09:43:24:   ]
2025-04-14 09:43:24: }
2025-04-14 09:43:24: Error: Cannot find module '@opentelemetry/resources/build/src/resource'
2025-04-14 09:43:24: Require stack:
2025-04-14 09:43:24: - /repo/nodejs/demo-app/tracing.js
2025-04-14 09:43:24: - /repo/nodejs/demo-app/app.js
2025-04-14 09:43:24:     at Module._resolveFilename (node:internal/modules/cjs/loader:1140:15)
2025-04-14 09:43:24:     at Hook._require.Module.require (/nix/store/shfv23xyd45wxv8w4ax04abmvmf1m78w-pm2-5.4.2/lib/node_modules/pm2/node_modules/require-in-the-middle/index.js:81:25)
2025-04-14 09:43:24:     at require (node:internal/modules/helpers:177:18)
2025-04-14 09:43:24:     at Object.<anonymous> (/repo/nodejs/demo-app/tracing.js:9:22)
2025-04-14 09:43:24:     at Module._compile (node:internal/modules/cjs/loader:1364:14)
2025-04-14 09:43:24:     at Module._extensions..js (node:internal/modules/cjs/loader:1422:10)
2025-04-14 09:43:24:     at Module.load (node:internal/modules/cjs/loader:1203:32)
2025-04-14 09:43:24:     at Module._load (node:internal/modules/cjs/loader:1019:12)
2025-04-14 09:43:24:     at Module.require (node:internal/modules/cjs/loader:1231:19)
2025-04-14 09:43:24:     at Hook._require.Module.require (/nix/store/shfv23xyd45wxv8w4ax04abmvmf1m78w-pm2-5.4.2/lib/node_modules/pm2/node_modules/require-in-the-middle/index.js:101:39) {
2025-04-14 09:43:24:   code: 'MODULE_NOT_FOUND',
2025-04-14 09:43:24:   requireStack: [
2025-04-14 09:43:24:     '/repo/nodejs/demo-app/tracing.js',
2025-04-14 09:43:24:     '/repo/nodejs/demo-app/app.js'
2025-04-14 09:43:24:   ]
2025-04-14 09:43:24: }
2025-04-14 09:43:24: Error: Cannot find module '@opentelemetry/resources/build/src/resource'
2025-04-14 09:43:24: Require stack:
2025-04-14 09:43:24: - /repo/nodejs/demo-app/tracing.js
2025-04-14 09:43:24: - /repo/nodejs/demo-app/app.js
2025-04-14 09:43:24:     at Module._resolveFilename (node:internal/modules/cjs/loader:1140:15)
2025-04-14 09:43:24:     at Hook._require.Module.require (/nix/store/shfv23xyd45wxv8w4ax04abmvmf1m78w-pm2-5.4.2/lib/node_modules/pm2/node_modules/require-in-the-middle/index.js:81:25)
2025-04-14 09:43:24:     at require (node:internal/modules/helpers:177:18)
2025-04-14 09:43:24:     at Object.<anonymous> (/repo/nodejs/demo-app/tracing.js:9:22)
2025-04-14 09:43:24:     at Module._compile (node:internal/modules/cjs/loader:1364:14)
2025-04-14 09:43:24:     at Module._extensions..js (node:internal/modules/cjs/loader:1422:10)
2025-04-14 09:43:24:     at Module.load (node:internal/modules/cjs/loader:1203:32)
2025-04-14 09:43:24:     at Module._load (node:internal/modules/cjs/loader:1019:12)
2025-04-14 09:43:24:     at Module.require (node:internal/modules/cjs/loader:1231:19)
2025-04-14 09:43:24:     at Hook._require.Module.require (/nix/store/shfv23xyd45wxv8w4ax04abmvmf1m78w-pm2-5.4.2/lib/node_modules/pm2/node_modules/require-in-the-middle/index.js:101:39) {
2025-04-14 09:43:24:   code: 'MODULE_NOT_FOUND',
2025-04-14 09:43:24:   requireStack: [
2025-04-14 09:43:24:     '/repo/nodejs/demo-app/tracing.js',
2025-04-14 09:43:24:     '/repo/nodejs/demo-app/app.js'
2025-04-14 09:43:24:   ]
2025-04-14 09:43:24: }
2025-04-14 09:43:24: Error: Cannot find module '@opentelemetry/resources/build/src/resource'
2025-04-14 09:43:24: Require stack:
2025-04-14 09:43:24: - /repo/nodejs/demo-app/tracing.js
2025-04-14 09:43:24: - /repo/nodejs/demo-app/app.js
2025-04-14 09:43:24:     at Module._resolveFilename (node:internal/modules/cjs/loader:1140:15)
2025-04-14 09:43:24:     at Hook._require.Module.require (/nix/store/shfv23xyd45wxv8w4ax04abmvmf1m78w-pm2-5.4.2/lib/node_modules/pm2/node_modules/require-in-the-middle/index.js:81:25)
2025-04-14 09:43:24:     at require (node:internal/modules/helpers:177:18)
2025-04-14 09:43:24:     at Object.<anonymous> (/repo/nodejs/demo-app/tracing.js:9:22)
2025-04-14 09:43:24:     at Module._compile (node:internal/modules/cjs/loader:1364:14)
2025-04-14 09:43:24:     at Module._extensions..js (node:internal/modules/cjs/loader:1422:10)
2025-04-14 09:43:24:     at Module.load (node:internal/modules/cjs/loader:1203:32)
2025-04-14 09:43:24:     at Module._load (node:internal/modules/cjs/loader:1019:12)
2025-04-14 09:43:24:     at Module.require (node:internal/modules/cjs/loader:1231:19)
2025-04-14 09:43:24:     at Hook._require.Module.require (/nix/store/shfv23xyd45wxv8w4ax04abmvmf1m78w-pm2-5.4.2/lib/node_modules/pm2/node_modules/require-in-the-middle/index.js:101:39) {
2025-04-14 09:43:24:   code: 'MODULE_NOT_FOUND',
2025-04-14 09:43:24:   requireStack: [
2025-04-14 09:43:24:     '/repo/nodejs/demo-app/tracing.js',
2025-04-14 09:43:24:     '/repo/nodejs/demo-app/app.js'
2025-04-14 09:43:24:   ]
2025-04-14 09:43:24: }
2025-04-14 09:43:24: Error: Cannot find module '@opentelemetry/resources/build/src/resource'
2025-04-14 09:43:24: Require stack:
2025-04-14 09:43:24: - /repo/nodejs/demo-app/tracing.js
2025-04-14 09:43:24: - /repo/nodejs/demo-app/app.js
2025-04-14 09:43:24:     at Module._resolveFilename (node:internal/modules/cjs/loader:1140:15)
2025-04-14 09:43:24:     at Hook._require.Module.require (/nix/store/shfv23xyd45wxv8w4ax04abmvmf1m78w-pm2-5.4.2/lib/node_modules/pm2/node_modules/require-in-the-middle/index.js:81:25)
2025-04-14 09:43:24:     at require (node:internal/modules/helpers:177:18)
2025-04-14 09:43:24:     at Object.<anonymous> (/repo/nodejs/demo-app/tracing.js:9:22)
2025-04-14 09:43:24:     at Module._compile (node:internal/modules/cjs/loader:1364:14)
2025-04-14 09:43:24:     at Module._extensions..js (node:internal/modules/cjs/loader:1422:10)
2025-04-14 09:43:24:     at Module.load (node:internal/modules/cjs/loader:1203:32)
2025-04-14 09:43:24:     at Module._load (node:internal/modules/cjs/loader:1019:12)
2025-04-14 09:43:24:     at Module.require (node:internal/modules/cjs/loader:1231:19)
2025-04-14 09:43:24:     at Hook._require.Module.require (/nix/store/shfv23xyd45wxv8w4ax04abmvmf1m78w-pm2-5.4.2/lib/node_modules/pm2/node_modules/require-in-the-middle/index.js:101:39) {
2025-04-14 09:43:24:   code: 'MODULE_NOT_FOUND',
2025-04-14 09:43:24:   requireStack: [
2025-04-14 09:43:24:     '/repo/nodejs/demo-app/tracing.js',
2025-04-14 09:43:24:     '/repo/nodejs/demo-app/app.js'
2025-04-14 09:43:24:   ]
2025-04-14 09:43:24: }
2025-04-14 09:43:25: Error: Cannot find module '@opentelemetry/resources/build/src/resource'
2025-04-14 09:43:25: Require stack:
2025-04-14 09:43:25: - /repo/nodejs/demo-app/tracing.js
2025-04-14 09:43:25: - /repo/nodejs/demo-app/app.js
2025-04-14 09:43:25:     at Module._resolveFilename (node:internal/modules/cjs/loader:1140:15)
2025-04-14 09:43:25:     at Hook._require.Module.require (/nix/store/shfv23xyd45wxv8w4ax04abmvmf1m78w-pm2-5.4.2/lib/node_modules/pm2/node_modules/require-in-the-middle/index.js:81:25)
2025-04-14 09:43:25:     at require (node:internal/modules/helpers:177:18)
2025-04-14 09:43:25:     at Object.<anonymous> (/repo/nodejs/demo-app/tracing.js:9:22)
2025-04-14 09:43:25:     at Module._compile (node:internal/modules/cjs/loader:1364:14)
2025-04-14 09:43:25:     at Module._extensions..js (node:internal/modules/cjs/loader:1422:10)
2025-04-14 09:43:25:     at Module.load (node:internal/modules/cjs/loader:1203:32)
2025-04-14 09:43:25:     at Module._load (node:internal/modules/cjs/loader:1019:12)
2025-04-14 09:43:25:     at Module.require (node:internal/modules/cjs/loader:1231:19)
2025-04-14 09:43:25:     at Hook._require.Module.require (/nix/store/shfv23xyd45wxv8w4ax04abmvmf1m78w-pm2-5.4.2/lib/node_modules/pm2/node_modules/require-in-the-middle/index.js:101:39) {
2025-04-14 09:43:25:   code: 'MODULE_NOT_FOUND',
2025-04-14 09:43:25:   requireStack: [
2025-04-14 09:43:25:     '/repo/nodejs/demo-app/tracing.js',
2025-04-14 09:43:25:     '/repo/nodejs/demo-app/app.js'
2025-04-14 09:43:25:   ]
2025-04-14 09:43:25: }
2025-04-14 09:43:25: Error: Cannot find module '@opentelemetry/resources/build/src/resource'
2025-04-14 09:43:25: Require stack:
2025-04-14 09:43:25: - /repo/nodejs/demo-app/tracing.js
2025-04-14 09:43:25: - /repo/nodejs/demo-app/app.js
2025-04-14 09:43:25:     at Module._resolveFilename (node:internal/modules/cjs/loader:1140:15)
2025-04-14 09:43:25:     at Hook._require.Module.require (/nix/store/shfv23xyd45wxv8w4ax04abmvmf1m78w-pm2-5.4.2/lib/node_modules/pm2/node_modules/require-in-the-middle/index.js:81:25)
2025-04-14 09:43:25:     at require (node:internal/modules/helpers:177:18)
2025-04-14 09:43:25:     at Object.<anonymous> (/repo/nodejs/demo-app/tracing.js:9:22)
2025-04-14 09:43:25:     at Module._compile (node:internal/modules/cjs/loader:1364:14)
2025-04-14 09:43:25:     at Module._extensions..js (node:internal/modules/cjs/loader:1422:10)
2025-04-14 09:43:25:     at Module.load (node:internal/modules/cjs/loader:1203:32)
2025-04-14 09:43:25:     at Module._load (node:internal/modules/cjs/loader:1019:12)
2025-04-14 09:43:25:     at Module.require (node:internal/modules/cjs/loader:1231:19)
2025-04-14 09:43:25:     at Hook._require.Module.require (/nix/store/shfv23xyd45wxv8w4ax04abmvmf1m78w-pm2-5.4.2/lib/node_modules/pm2/node_modules/require-in-the-middle/index.js:101:39) {
2025-04-14 09:43:25:   code: 'MODULE_NOT_FOUND',
2025-04-14 09:43:25:   requireStack: [
2025-04-14 09:43:25:     '/repo/nodejs/demo-app/tracing.js',
2025-04-14 09:43:25:     '/repo/nodejs/demo-app/app.js'
2025-04-14 09:43:25:   ]
2025-04-14 09:43:25: }
2025-04-14 09:43:25: Error: Cannot find module '@opentelemetry/resources/build/src/resource'
2025-04-14 09:43:25: Require stack:
2025-04-14 09:43:25: - /repo/nodejs/demo-app/tracing.js
2025-04-14 09:43:25: - /repo/nodejs/demo-app/app.js
2025-04-14 09:43:25:     at Module._resolveFilename (node:internal/modules/cjs/loader:1140:15)
2025-04-14 09:43:25:     at Hook._require.Module.require (/nix/store/shfv23xyd45wxv8w4ax04abmvmf1m78w-pm2-5.4.2/lib/node_modules/pm2/node_modules/require-in-the-middle/index.js:81:25)
2025-04-14 09:43:25:     at require (node:internal/modules/helpers:177:18)
2025-04-14 09:43:25:     at Object.<anonymous> (/repo/nodejs/demo-app/tracing.js:9:22)
2025-04-14 09:43:25:     at Module._compile (node:internal/modules/cjs/loader:1364:14)
2025-04-14 09:43:25:     at Module._extensions..js (node:internal/modules/cjs/loader:1422:10)
2025-04-14 09:43:25:     at Module.load (node:internal/modules/cjs/loader:1203:32)
2025-04-14 09:43:25:     at Module._load (node:internal/modules/cjs/loader:1019:12)
2025-04-14 09:43:25:     at Module.require (node:internal/modules/cjs/loader:1231:19)
2025-04-14 09:43:25:     at Hook._require.Module.require (/nix/store/shfv23xyd45wxv8w4ax04abmvmf1m78w-pm2-5.4.2/lib/node_modules/pm2/node_modules/require-in-the-middle/index.js:101:39) {
2025-04-14 09:43:25:   code: 'MODULE_NOT_FOUND',
2025-04-14 09:43:25:   requireStack: [
2025-04-14 09:43:25:     '/repo/nodejs/demo-app/tracing.js',
2025-04-14 09:43:25:     '/repo/nodejs/demo-app/app.js'
2025-04-14 09:43:25:   ]
2025-04-14 09:43:25: }
2025-04-14 09:43:25: Error: Cannot find module '@opentelemetry/resources/build/src/resource'
2025-04-14 09:43:25: Require stack:
2025-04-14 09:43:25: - /repo/nodejs/demo-app/tracing.js
2025-04-14 09:43:25: - /repo/nodejs/demo-app/app.js
2025-04-14 09:43:25:     at Module._resolveFilename (node:internal/modules/cjs/loader:1140:15)
2025-04-14 09:43:25:     at Hook._require.Module.require (/nix/store/shfv23xyd45wxv8w4ax04abmvmf1m78w-pm2-5.4.2/lib/node_modules/pm2/node_modules/require-in-the-middle/index.js:81:25)
2025-04-14 09:43:25:     at require (node:internal/modules/helpers:177:18)
2025-04-14 09:43:25:     at Object.<anonymous> (/repo/nodejs/demo-app/tracing.js:9:22)
2025-04-14 09:43:25:     at Module._compile (node:internal/modules/cjs/loader:1364:14)
2025-04-14 09:43:25:     at Module._extensions..js (node:internal/modules/cjs/loader:1422:10)
2025-04-14 09:43:25:     at Module.load (node:internal/modules/cjs/loader:1203:32)
2025-04-14 09:43:25:     at Module._load (node:internal/modules/cjs/loader:1019:12)
2025-04-14 09:43:25:     at Module.require (node:internal/modules/cjs/loader:1231:19)
2025-04-14 09:43:25:     at Hook._require.Module.require (/nix/store/shfv23xyd45wxv8w4ax04abmvmf1m78w-pm2-5.4.2/lib/node_modules/pm2/node_modules/require-in-the-middle/index.js:101:39) {
2025-04-14 09:43:25:   code: 'MODULE_NOT_FOUND',
2025-04-14 09:43:25:   requireStack: [
2025-04-14 09:43:25:     '/repo/nodejs/demo-app/tracing.js',
2025-04-14 09:43:25:     '/repo/nodejs/demo-app/app.js'
2025-04-14 09:43:25:   ]
2025-04-14 09:43:25: }
2025-04-14 09:43:25: Error: Cannot find module '@opentelemetry/resources/build/src/resource'
2025-04-14 09:43:25: Require stack:
2025-04-14 09:43:25: - /repo/nodejs/demo-app/tracing.js
2025-04-14 09:43:25: - /repo/nodejs/demo-app/app.js
2025-04-14 09:43:25:     at Module._resolveFilename (node:internal/modules/cjs/loader:1140:15)
2025-04-14 09:43:25:     at Hook._require.Module.require (/nix/store/shfv23xyd45wxv8w4ax04abmvmf1m78w-pm2-5.4.2/lib/node_modules/pm2/node_modules/require-in-the-middle/index.js:81:25)
2025-04-14 09:43:25:     at require (node:internal/modules/helpers:177:18)
2025-04-14 09:43:25:     at Object.<anonymous> (/repo/nodejs/demo-app/tracing.js:9:22)
2025-04-14 09:43:25:     at Module._compile (node:internal/modules/cjs/loader:1364:14)
2025-04-14 09:43:25:     at Module._extensions..js (node:internal/modules/cjs/loader:1422:10)
2025-04-14 09:43:25:     at Module.load (node:internal/modules/cjs/loader:1203:32)
2025-04-14 09:43:25:     at Module._load (node:internal/modules/cjs/loader:1019:12)
2025-04-14 09:43:25:     at Module.require (node:internal/modules/cjs/loader:1231:19)
2025-04-14 09:43:25:     at Hook._require.Module.require (/nix/store/shfv23xyd45wxv8w4ax04abmvmf1m78w-pm2-5.4.2/lib/node_modules/pm2/node_modules/require-in-the-middle/index.js:101:39) {
2025-04-14 09:43:25:   code: 'MODULE_NOT_FOUND',
2025-04-14 09:43:25:   requireStack: [
2025-04-14 09:43:25:     '/repo/nodejs/demo-app/tracing.js',
2025-04-14 09:43:25:     '/repo/nodejs/demo-app/app.js'
2025-04-14 09:43:25:   ]
2025-04-14 09:43:25: }
2025-04-14 09:43:25: Error: Cannot find module '@opentelemetry/resources/build/src/resource'
2025-04-14 09:43:25: Require stack:
2025-04-14 09:43:25: - /repo/nodejs/demo-app/tracing.js
2025-04-14 09:43:25: - /repo/nodejs/demo-app/app.js
2025-04-14 09:43:25:     at Module._resolveFilename (node:internal/modules/cjs/loader:1140:15)
2025-04-14 09:43:25:     at Hook._require.Module.require (/nix/store/shfv23xyd45wxv8w4ax04abmvmf1m78w-pm2-5.4.2/lib/node_modules/pm2/node_modules/require-in-the-middle/index.js:81:25)
2025-04-14 09:43:25:     at require (node:internal/modules/helpers:177:18)
2025-04-14 09:43:25:     at Object.<anonymous> (/repo/nodejs/demo-app/tracing.js:9:22)
2025-04-14 09:43:25:     at Module._compile (node:internal/modules/cjs/loader:1364:14)
2025-04-14 09:43:25:     at Module._extensions..js (node:internal/modules/cjs/loader:1422:10)
2025-04-14 09:43:25:     at Module.load (node:internal/modules/cjs/loader:1203:32)
2025-04-14 09:43:25:     at Module._load (node:internal/modules/cjs/loader:1019:12)
2025-04-14 09:43:25:     at Module.require (node:internal/modules/cjs/loader:1231:19)
2025-04-14 09:43:25:     at Hook._require.Module.require (/nix/store/shfv23xyd45wxv8w4ax04abmvmf1m78w-pm2-5.4.2/lib/node_modules/pm2/node_modules/require-in-the-middle/index.js:101:39) {
2025-04-14 09:43:25:   code: 'MODULE_NOT_FOUND',
2025-04-14 09:43:25:   requireStack: [
2025-04-14 09:43:25:     '/repo/nodejs/demo-app/tracing.js',
2025-04-14 09:43:25:     '/repo/nodejs/demo-app/app.js'
2025-04-14 09:43:25:   ]
2025-04-14 09:43:25: }
2025-04-14 09:43:25: Error: Cannot find module '@opentelemetry/resources/build/src/resource'
2025-04-14 09:43:25: Require stack:
2025-04-14 09:43:25: - /repo/nodejs/demo-app/tracing.js
2025-04-14 09:43:25: - /repo/nodejs/demo-app/app.js
2025-04-14 09:43:25:     at Module._resolveFilename (node:internal/modules/cjs/loader:1140:15)
2025-04-14 09:43:25:     at Hook._require.Module.require (/nix/store/shfv23xyd45wxv8w4ax04abmvmf1m78w-pm2-5.4.2/lib/node_modules/pm2/node_modules/require-in-the-middle/index.js:81:25)
2025-04-14 09:43:25:     at require (node:internal/modules/helpers:177:18)
2025-04-14 09:43:25:     at Object.<anonymous> (/repo/nodejs/demo-app/tracing.js:9:22)
2025-04-14 09:43:25:     at Module._compile (node:internal/modules/cjs/loader:1364:14)
2025-04-14 09:43:25:     at Module._extensions..js (node:internal/modules/cjs/loader:1422:10)
2025-04-14 09:43:25:     at Module.load (node:internal/modules/cjs/loader:1203:32)
2025-04-14 09:43:25:     at Module._load (node:internal/modules/cjs/loader:1019:12)
2025-04-14 09:43:25:     at Module.require (node:internal/modules/cjs/loader:1231:19)
2025-04-14 09:43:25:     at Hook._require.Module.require (/nix/store/shfv23xyd45wxv8w4ax04abmvmf1m78w-pm2-5.4.2/lib/node_modules/pm2/node_modules/require-in-the-middle/index.js:101:39) {
2025-04-14 09:43:25:   code: 'MODULE_NOT_FOUND',
2025-04-14 09:43:25:   requireStack: [
2025-04-14 09:43:25:     '/repo/nodejs/demo-app/tracing.js',
2025-04-14 09:43:25:     '/repo/nodejs/demo-app/app.js'
2025-04-14 09:43:25:   ]
2025-04-14 09:43:25: }
2025-04-14 09:43:26: Error: Cannot find module '@opentelemetry/resources/build/src/resource'
2025-04-14 09:43:26: Require stack:
2025-04-14 09:43:26: - /repo/nodejs/demo-app/tracing.js
2025-04-14 09:43:26: - /repo/nodejs/demo-app/app.js
2025-04-14 09:43:26:     at Module._resolveFilename (node:internal/modules/cjs/loader:1140:15)
2025-04-14 09:43:26:     at Hook._require.Module.require (/nix/store/shfv23xyd45wxv8w4ax04abmvmf1m78w-pm2-5.4.2/lib/node_modules/pm2/node_modules/require-in-the-middle/index.js:81:25)
2025-04-14 09:43:26:     at require (node:internal/modules/helpers:177:18)
2025-04-14 09:43:26:     at Object.<anonymous> (/repo/nodejs/demo-app/tracing.js:9:22)
2025-04-14 09:43:26:     at Module._compile (node:internal/modules/cjs/loader:1364:14)
2025-04-14 09:43:26:     at Module._extensions..js (node:internal/modules/cjs/loader:1422:10)
2025-04-14 09:43:26:     at Module.load (node:internal/modules/cjs/loader:1203:32)
2025-04-14 09:43:26:     at Module._load (node:internal/modules/cjs/loader:1019:12)
2025-04-14 09:43:26:     at Module.require (node:internal/modules/cjs/loader:1231:19)
2025-04-14 09:43:26:     at Hook._require.Module.require (/nix/store/shfv23xyd45wxv8w4ax04abmvmf1m78w-pm2-5.4.2/lib/node_modules/pm2/node_modules/require-in-the-middle/index.js:101:39) {
2025-04-14 09:43:26:   code: 'MODULE_NOT_FOUND',
2025-04-14 09:43:26:   requireStack: [
2025-04-14 09:43:26:     '/repo/nodejs/demo-app/tracing.js',
2025-04-14 09:43:26:     '/repo/nodejs/demo-app/app.js'
2025-04-14 09:43:26:   ]
2025-04-14 09:43:26: }
2025-04-14 09:43:26: Error: Cannot find module '@opentelemetry/resources/build/src/resource'
2025-04-14 09:43:26: Require stack:
2025-04-14 09:43:26: - /repo/nodejs/demo-app/tracing.js
2025-04-14 09:43:26: - /repo/nodejs/demo-app/app.js
2025-04-14 09:43:26:     at Module._resolveFilename (node:internal/modules/cjs/loader:1140:15)
2025-04-14 09:43:26:     at Hook._require.Module.require (/nix/store/shfv23xyd45wxv8w4ax04abmvmf1m78w-pm2-5.4.2/lib/node_modules/pm2/node_modules/require-in-the-middle/index.js:81:25)
2025-04-14 09:43:26:     at require (node:internal/modules/helpers:177:18)
2025-04-14 09:43:26:     at Object.<anonymous> (/repo/nodejs/demo-app/tracing.js:9:22)
2025-04-14 09:43:26:     at Module._compile (node:internal/modules/cjs/loader:1364:14)
2025-04-14 09:43:26:     at Module._extensions..js (node:internal/modules/cjs/loader:1422:10)
2025-04-14 09:43:26:     at Module.load (node:internal/modules/cjs/loader:1203:32)
2025-04-14 09:43:26:     at Module._load (node:internal/modules/cjs/loader:1019:12)
2025-04-14 09:43:26:     at Module.require (node:internal/modules/cjs/loader:1231:19)
2025-04-14 09:43:26:     at Hook._require.Module.require (/nix/store/shfv23xyd45wxv8w4ax04abmvmf1m78w-pm2-5.4.2/lib/node_modules/pm2/node_modules/require-in-the-middle/index.js:101:39) {
2025-04-14 09:43:26:   code: 'MODULE_NOT_FOUND',
2025-04-14 09:43:26:   requireStack: [
2025-04-14 09:43:26:     '/repo/nodejs/demo-app/tracing.js',
2025-04-14 09:43:26:     '/repo/nodejs/demo-app/app.js'
2025-04-14 09:43:26:   ]
2025-04-14 09:43:26: }
2025-04-14 09:43:26: Error: Cannot find module '@opentelemetry/resources/build/src/resource'
2025-04-14 09:43:26: Require stack:
2025-04-14 09:43:26: - /repo/nodejs/demo-app/tracing.js
2025-04-14 09:43:26: - /repo/nodejs/demo-app/app.js
2025-04-14 09:43:26:     at Module._resolveFilename (node:internal/modules/cjs/loader:1140:15)
2025-04-14 09:43:26:     at Hook._require.Module.require (/nix/store/shfv23xyd45wxv8w4ax04abmvmf1m78w-pm2-5.4.2/lib/node_modules/pm2/node_modules/require-in-the-middle/index.js:81:25)
2025-04-14 09:43:26:     at require (node:internal/modules/helpers:177:18)
2025-04-14 09:43:26:     at Object.<anonymous> (/repo/nodejs/demo-app/tracing.js:9:22)
2025-04-14 09:43:26:     at Module._compile (node:internal/modules/cjs/loader:1364:14)
2025-04-14 09:43:26:     at Module._extensions..js (node:internal/modules/cjs/loader:1422:10)
2025-04-14 09:43:26:     at Module.load (node:internal/modules/cjs/loader:1203:32)
2025-04-14 09:43:26:     at Module._load (node:internal/modules/cjs/loader:1019:12)
2025-04-14 09:43:26:     at Module.require (node:internal/modules/cjs/loader:1231:19)
2025-04-14 09:43:26:     at Hook._require.Module.require (/nix/store/shfv23xyd45wxv8w4ax04abmvmf1m78w-pm2-5.4.2/lib/node_modules/pm2/node_modules/require-in-the-middle/index.js:101:39) {
2025-04-14 09:43:26:   code: 'MODULE_NOT_FOUND',
2025-04-14 09:43:26:   requireStack: [
2025-04-14 09:43:26:     '/repo/nodejs/demo-app/tracing.js',
2025-04-14 09:43:26:     '/repo/nodejs/demo-app/app.js'
2025-04-14 09:43:26:   ]
2025-04-14 09:43:26: }
2025-04-14 09:43:26: Error: Cannot find module '@opentelemetry/resources/build/src/resource'
2025-04-14 09:43:26: Require stack:
2025-04-14 09:43:26: - /repo/nodejs/demo-app/tracing.js
2025-04-14 09:43:26: - /repo/nodejs/demo-app/app.js
2025-04-14 09:43:26:     at Module._resolveFilename (node:internal/modules/cjs/loader:1140:15)
2025-04-14 09:43:26:     at Hook._require.Module.require (/nix/store/shfv23xyd45wxv8w4ax04abmvmf1m78w-pm2-5.4.2/lib/node_modules/pm2/node_modules/require-in-the-middle/index.js:81:25)
2025-04-14 09:43:26:     at require (node:internal/modules/helpers:177:18)
2025-04-14 09:43:26:     at Object.<anonymous> (/repo/nodejs/demo-app/tracing.js:9:22)
2025-04-14 09:43:26:     at Module._compile (node:internal/modules/cjs/loader:1364:14)
2025-04-14 09:43:26:     at Module._extensions..js (node:internal/modules/cjs/loader:1422:10)
2025-04-14 09:43:26:     at Module.load (node:internal/modules/cjs/loader:1203:32)
2025-04-14 09:43:26:     at Module._load (node:internal/modules/cjs/loader:1019:12)
2025-04-14 09:43:26:     at Module.require (node:internal/modules/cjs/loader:1231:19)
2025-04-14 09:43:26:     at Hook._require.Module.require (/nix/store/shfv23xyd45wxv8w4ax04abmvmf1m78w-pm2-5.4.2/lib/node_modules/pm2/node_modules/require-in-the-middle/index.js:101:39) {
2025-04-14 09:43:26:   code: 'MODULE_NOT_FOUND',
2025-04-14 09:43:26:   requireStack: [
2025-04-14 09:43:26:     '/repo/nodejs/demo-app/tracing.js',
2025-04-14 09:43:26:     '/repo/nodejs/demo-app/app.js'
2025-04-14 09:43:26:   ]
2025-04-14 09:43:26: }
2025-04-14 09:43:26: Error: Cannot find module '@opentelemetry/resources/build/src/resource'
2025-04-14 09:43:26: Require stack:
2025-04-14 09:43:26: - /repo/nodejs/demo-app/tracing.js
2025-04-14 09:43:26: - /repo/nodejs/demo-app/app.js
2025-04-14 09:43:26:     at Module._resolveFilename (node:internal/modules/cjs/loader:1140:15)
2025-04-14 09:43:26:     at Hook._require.Module.require (/nix/store/shfv23xyd45wxv8w4ax04abmvmf1m78w-pm2-5.4.2/lib/node_modules/pm2/node_modules/require-in-the-middle/index.js:81:25)
2025-04-14 09:43:26:     at require (node:internal/modules/helpers:177:18)
2025-04-14 09:43:26:     at Object.<anonymous> (/repo/nodejs/demo-app/tracing.js:9:22)
2025-04-14 09:43:26:     at Module._compile (node:internal/modules/cjs/loader:1364:14)
2025-04-14 09:43:26:     at Module._extensions..js (node:internal/modules/cjs/loader:1422:10)
2025-04-14 09:43:26:     at Module.load (node:internal/modules/cjs/loader:1203:32)
2025-04-14 09:43:26:     at Module._load (node:internal/modules/cjs/loader:1019:12)
2025-04-14 09:43:26:     at Module.require (node:internal/modules/cjs/loader:1231:19)
2025-04-14 09:43:26:     at Hook._require.Module.require (/nix/store/shfv23xyd45wxv8w4ax04abmvmf1m78w-pm2-5.4.2/lib/node_modules/pm2/node_modules/require-in-the-middle/index.js:101:39) {
2025-04-14 09:43:26:   code: 'MODULE_NOT_FOUND',
2025-04-14 09:43:26:   requireStack: [
2025-04-14 09:43:26:     '/repo/nodejs/demo-app/tracing.js',
2025-04-14 09:43:26:     '/repo/nodejs/demo-app/app.js'
2025-04-14 09:43:26:   ]
2025-04-14 09:43:26: }
2025-04-14 09:43:27: Error: Cannot find module '@opentelemetry/resources/build/src/resource'
2025-04-14 09:43:27: Require stack:
2025-04-14 09:43:27: - /repo/nodejs/demo-app/tracing.js
2025-04-14 09:43:27: - /repo/nodejs/demo-app/app.js
2025-04-14 09:43:27:     at Module._resolveFilename (node:internal/modules/cjs/loader:1140:15)
2025-04-14 09:43:27:     at Hook._require.Module.require (/nix/store/shfv23xyd45wxv8w4ax04abmvmf1m78w-pm2-5.4.2/lib/node_modules/pm2/node_modules/require-in-the-middle/index.js:81:25)
2025-04-14 09:43:27:     at require (node:internal/modules/helpers:177:18)
2025-04-14 09:43:27:     at Object.<anonymous> (/repo/nodejs/demo-app/tracing.js:9:22)
2025-04-14 09:43:27:     at Module._compile (node:internal/modules/cjs/loader:1364:14)
2025-04-14 09:43:27:     at Module._extensions..js (node:internal/modules/cjs/loader:1422:10)
2025-04-14 09:43:27:     at Module.load (node:internal/modules/cjs/loader:1203:32)
2025-04-14 09:43:27:     at Module._load (node:internal/modules/cjs/loader:1019:12)
2025-04-14 09:43:27:     at Module.require (node:internal/modules/cjs/loader:1231:19)
2025-04-14 09:43:27:     at Hook._require.Module.require (/nix/store/shfv23xyd45wxv8w4ax04abmvmf1m78w-pm2-5.4.2/lib/node_modules/pm2/node_modules/require-in-the-middle/index.js:101:39) {
2025-04-14 09:43:27:   code: 'MODULE_NOT_FOUND',
2025-04-14 09:43:27:   requireStack: [
2025-04-14 09:43:27:     '/repo/nodejs/demo-app/tracing.js',
2025-04-14 09:43:27:     '/repo/nodejs/demo-app/app.js'
2025-04-14 09:43:27:   ]
2025-04-14 09:43:27: }
2025-04-14 09:43:27: Error: Cannot find module '@opentelemetry/resources/build/src/resource'
2025-04-14 09:43:27: Require stack:
2025-04-14 09:43:27: - /repo/nodejs/demo-app/tracing.js
2025-04-14 09:43:27: - /repo/nodejs/demo-app/app.js
2025-04-14 09:43:27:     at Module._resolveFilename (node:internal/modules/cjs/loader:1140:15)
2025-04-14 09:43:27:     at Hook._require.Module.require (/nix/store/shfv23xyd45wxv8w4ax04abmvmf1m78w-pm2-5.4.2/lib/node_modules/pm2/node_modules/require-in-the-middle/index.js:81:25)
2025-04-14 09:43:27:     at require (node:internal/modules/helpers:177:18)
2025-04-14 09:43:27:     at Object.<anonymous> (/repo/nodejs/demo-app/tracing.js:9:22)
2025-04-14 09:43:27:     at Module._compile (node:internal/modules/cjs/loader:1364:14)
2025-04-14 09:43:27:     at Module._extensions..js (node:internal/modules/cjs/loader:1422:10)
2025-04-14 09:43:27:     at Module.load (node:internal/modules/cjs/loader:1203:32)
2025-04-14 09:43:27:     at Module._load (node:internal/modules/cjs/loader:1019:12)
2025-04-14 09:43:27:     at Module.require (node:internal/modules/cjs/loader:1231:19)
2025-04-14 09:43:27:     at Hook._require.Module.require (/nix/store/shfv23xyd45wxv8w4ax04abmvmf1m78w-pm2-5.4.2/lib/node_modules/pm2/node_modules/require-in-the-middle/index.js:101:39) {
2025-04-14 09:43:27:   code: 'MODULE_NOT_FOUND',
2025-04-14 09:43:27:   requireStack: [
2025-04-14 09:43:27:     '/repo/nodejs/demo-app/tracing.js',
2025-04-14 09:43:27:     '/repo/nodejs/demo-app/app.js'
2025-04-14 09:43:27:   ]
2025-04-14 09:43:27: }
2025-04-14 09:43:27: Error: Cannot find module '@opentelemetry/resources/build/src/resource'
2025-04-14 09:43:27: Require stack:
2025-04-14 09:43:27: - /repo/nodejs/demo-app/tracing.js
2025-04-14 09:43:27: - /repo/nodejs/demo-app/app.js
2025-04-14 09:43:27:     at Module._resolveFilename (node:internal/modules/cjs/loader:1140:15)
2025-04-14 09:43:27:     at Hook._require.Module.require (/nix/store/shfv23xyd45wxv8w4ax04abmvmf1m78w-pm2-5.4.2/lib/node_modules/pm2/node_modules/require-in-the-middle/index.js:81:25)
2025-04-14 09:43:27:     at require (node:internal/modules/helpers:177:18)
2025-04-14 09:43:27:     at Object.<anonymous> (/repo/nodejs/demo-app/tracing.js:9:22)
2025-04-14 09:43:27:     at Module._compile (node:internal/modules/cjs/loader:1364:14)
2025-04-14 09:43:27:     at Module._extensions..js (node:internal/modules/cjs/loader:1422:10)
2025-04-14 09:43:27:     at Module.load (node:internal/modules/cjs/loader:1203:32)
2025-04-14 09:43:27:     at Module._load (node:internal/modules/cjs/loader:1019:12)
2025-04-14 09:43:27:     at Module.require (node:internal/modules/cjs/loader:1231:19)
2025-04-14 09:43:27:     at Hook._require.Module.require (/nix/store/shfv23xyd45wxv8w4ax04abmvmf1m78w-pm2-5.4.2/lib/node_modules/pm2/node_modules/require-in-the-middle/index.js:101:39) {
2025-04-14 09:43:27:   code: 'MODULE_NOT_FOUND',
2025-04-14 09:43:27:   requireStack: [
2025-04-14 09:43:27:     '/repo/nodejs/demo-app/tracing.js',
2025-04-14 09:43:27:     '/repo/nodejs/demo-app/app.js'
2025-04-14 09:43:27:   ]
2025-04-14 09:43:27: }
2025-04-14 09:43:27: Error: Cannot find module '@opentelemetry/resources/build/src/resource'
2025-04-14 09:43:27: Require stack:
2025-04-14 09:43:27: - /repo/nodejs/demo-app/tracing.js
2025-04-14 09:43:27: - /repo/nodejs/demo-app/app.js
2025-04-14 09:43:27:     at Module._resolveFilename (node:internal/modules/cjs/loader:1140:15)
2025-04-14 09:43:27:     at Hook._require.Module.require (/nix/store/shfv23xyd45wxv8w4ax04abmvmf1m78w-pm2-5.4.2/lib/node_modules/pm2/node_modules/require-in-the-middle/index.js:81:25)
2025-04-14 09:43:27:     at require (node:internal/modules/helpers:177:18)
2025-04-14 09:43:27:     at Object.<anonymous> (/repo/nodejs/demo-app/tracing.js:9:22)
2025-04-14 09:43:27:     at Module._compile (node:internal/modules/cjs/loader:1364:14)
2025-04-14 09:43:27:     at Module._extensions..js (node:internal/modules/cjs/loader:1422:10)
2025-04-14 09:43:27:     at Module.load (node:internal/modules/cjs/loader:1203:32)
2025-04-14 09:43:27:     at Module._load (node:internal/modules/cjs/loader:1019:12)
2025-04-14 09:43:27:     at Module.require (node:internal/modules/cjs/loader:1231:19)
2025-04-14 09:43:27:     at Hook._require.Module.require (/nix/store/shfv23xyd45wxv8w4ax04abmvmf1m78w-pm2-5.4.2/lib/node_modules/pm2/node_modules/require-in-the-middle/index.js:101:39) {
2025-04-14 09:43:27:   code: 'MODULE_NOT_FOUND',
2025-04-14 09:43:27:   requireStack: [
2025-04-14 09:43:27:     '/repo/nodejs/demo-app/tracing.js',
2025-04-14 09:43:27:     '/repo/nodejs/demo-app/app.js'
2025-04-14 09:43:27:   ]
2025-04-14 09:43:27: }
2025-04-14 09:43:27: Error: Cannot find module '@opentelemetry/resources/build/src/resource'
2025-04-14 09:43:27: Require stack:
2025-04-14 09:43:27: - /repo/nodejs/demo-app/tracing.js
2025-04-14 09:43:27: - /repo/nodejs/demo-app/app.js
2025-04-14 09:43:27:     at Module._resolveFilename (node:internal/modules/cjs/loader:1140:15)
2025-04-14 09:43:27:     at Hook._require.Module.require (/nix/store/shfv23xyd45wxv8w4ax04abmvmf1m78w-pm2-5.4.2/lib/node_modules/pm2/node_modules/require-in-the-middle/index.js:81:25)
2025-04-14 09:43:27:     at require (node:internal/modules/helpers:177:18)
2025-04-14 09:43:27:     at Object.<anonymous> (/repo/nodejs/demo-app/tracing.js:9:22)
2025-04-14 09:43:27:     at Module._compile (node:internal/modules/cjs/loader:1364:14)
2025-04-14 09:43:27:     at Module._extensions..js (node:internal/modules/cjs/loader:1422:10)
2025-04-14 09:43:27:     at Module.load (node:internal/modules/cjs/loader:1203:32)
2025-04-14 09:43:27:     at Module._load (node:internal/modules/cjs/loader:1019:12)
2025-04-14 09:43:27:     at Module.require (node:internal/modules/cjs/loader:1231:19)
2025-04-14 09:43:27:     at Hook._require.Module.require (/nix/store/shfv23xyd45wxv8w4ax04abmvmf1m78w-pm2-5.4.2/lib/node_modules/pm2/node_modules/require-in-the-middle/index.js:101:39) {
2025-04-14 09:43:27:   code: 'MODULE_NOT_FOUND',
2025-04-14 09:43:27:   requireStack: [
2025-04-14 09:43:27:     '/repo/nodejs/demo-app/tracing.js',
2025-04-14 09:43:27:     '/repo/nodejs/demo-app/app.js'
2025-04-14 09:43:27:   ]
2025-04-14 09:43:27: }
2025-04-14 09:43:28: Error: Cannot find module '@opentelemetry/resources/build/src/resource'
2025-04-14 09:43:28: Require stack:
2025-04-14 09:43:28: - /repo/nodejs/demo-app/tracing.js
2025-04-14 09:43:28: - /repo/nodejs/demo-app/app.js
2025-04-14 09:43:28:     at Module._resolveFilename (node:internal/modules/cjs/loader:1140:15)
2025-04-14 09:43:28:     at Hook._require.Module.require (/nix/store/shfv23xyd45wxv8w4ax04abmvmf1m78w-pm2-5.4.2/lib/node_modules/pm2/node_modules/require-in-the-middle/index.js:81:25)
2025-04-14 09:43:28:     at require (node:internal/modules/helpers:177:18)
2025-04-14 09:43:28:     at Object.<anonymous> (/repo/nodejs/demo-app/tracing.js:9:22)
2025-04-14 09:43:28:     at Module._compile (node:internal/modules/cjs/loader:1364:14)
2025-04-14 09:43:28:     at Module._extensions..js (node:internal/modules/cjs/loader:1422:10)
2025-04-14 09:43:28:     at Module.load (node:internal/modules/cjs/loader:1203:32)
2025-04-14 09:43:28:     at Module._load (node:internal/modules/cjs/loader:1019:12)
2025-04-14 09:43:28:     at Module.require (node:internal/modules/cjs/loader:1231:19)
2025-04-14 09:43:28:     at Hook._require.Module.require (/nix/store/shfv23xyd45wxv8w4ax04abmvmf1m78w-pm2-5.4.2/lib/node_modules/pm2/node_modules/require-in-the-middle/index.js:101:39) {
2025-04-14 09:43:28:   code: 'MODULE_NOT_FOUND',
2025-04-14 09:43:28:   requireStack: [
2025-04-14 09:43:28:     '/repo/nodejs/demo-app/tracing.js',
2025-04-14 09:43:28:     '/repo/nodejs/demo-app/app.js'
2025-04-14 09:43:28:   ]
2025-04-14 09:43:28: }
2025-04-14 09:43:36: Error: Cannot find module '@opentelemetry/resources/build/src/resource'
2025-04-14 09:43:36: Require stack:
2025-04-14 09:43:36: - /repo/nodejs/demo-app/tracing.js
2025-04-14 09:43:36: - /repo/nodejs/demo-app/app.js
2025-04-14 09:43:36:     at Module._resolveFilename (node:internal/modules/cjs/loader:1140:15)
2025-04-14 09:43:36:     at Hook._require.Module.require (/nix/store/shfv23xyd45wxv8w4ax04abmvmf1m78w-pm2-5.4.2/lib/node_modules/pm2/node_modules/require-in-the-middle/index.js:81:25)
2025-04-14 09:43:36:     at require (node:internal/modules/helpers:177:18)
2025-04-14 09:43:36:     at Object.<anonymous> (/repo/nodejs/demo-app/tracing.js:9:22)
2025-04-14 09:43:36:     at Module._compile (node:internal/modules/cjs/loader:1364:14)
2025-04-14 09:43:36:     at Module._extensions..js (node:internal/modules/cjs/loader:1422:10)
2025-04-14 09:43:36:     at Module.load (node:internal/modules/cjs/loader:1203:32)
2025-04-14 09:43:36:     at Module._load (node:internal/modules/cjs/loader:1019:12)
2025-04-14 09:43:36:     at Module.require (node:internal/modules/cjs/loader:1231:19)
2025-04-14 09:43:36:     at Hook._require.Module.require (/nix/store/shfv23xyd45wxv8w4ax04abmvmf1m78w-pm2-5.4.2/lib/node_modules/pm2/node_modules/require-in-the-middle/index.js:101:39) {
2025-04-14 09:43:36:   code: 'MODULE_NOT_FOUND',
2025-04-14 09:43:36:   requireStack: [
2025-04-14 09:43:36:     '/repo/nodejs/demo-app/tracing.js',
2025-04-14 09:43:36:     '/repo/nodejs/demo-app/app.js'
2025-04-14 09:43:36:   ]
2025-04-14 09:43:36: }
2025-04-14 09:43:36: Error: Cannot find module '@opentelemetry/resources/build/src/resource'
2025-04-14 09:43:36: Require stack:
2025-04-14 09:43:36: - /repo/nodejs/demo-app/tracing.js
2025-04-14 09:43:36: - /repo/nodejs/demo-app/app.js
2025-04-14 09:43:36:     at Module._resolveFilename (node:internal/modules/cjs/loader:1140:15)
2025-04-14 09:43:36:     at Hook._require.Module.require (/nix/store/shfv23xyd45wxv8w4ax04abmvmf1m78w-pm2-5.4.2/lib/node_modules/pm2/node_modules/require-in-the-middle/index.js:81:25)
2025-04-14 09:43:36:     at require (node:internal/modules/helpers:177:18)
2025-04-14 09:43:36:     at Object.<anonymous> (/repo/nodejs/demo-app/tracing.js:9:22)
2025-04-14 09:43:36:     at Module._compile (node:internal/modules/cjs/loader:1364:14)
2025-04-14 09:43:36:     at Module._extensions..js (node:internal/modules/cjs/loader:1422:10)
2025-04-14 09:43:36:     at Module.load (node:internal/modules/cjs/loader:1203:32)
2025-04-14 09:43:36:     at Module._load (node:internal/modules/cjs/loader:1019:12)
2025-04-14 09:43:36:     at Module.require (node:internal/modules/cjs/loader:1231:19)
2025-04-14 09:43:36:     at Hook._require.Module.require (/nix/store/shfv23xyd45wxv8w4ax04abmvmf1m78w-pm2-5.4.2/lib/node_modules/pm2/node_modules/require-in-the-middle/index.js:101:39) {
2025-04-14 09:43:36:   code: 'MODULE_NOT_FOUND',
2025-04-14 09:43:36:   requireStack: [
2025-04-14 09:43:36:     '/repo/nodejs/demo-app/tracing.js',
2025-04-14 09:43:36:     '/repo/nodejs/demo-app/app.js'
2025-04-14 09:43:36:   ]
2025-04-14 09:43:36: }
2025-04-14 09:43:36: Error: Cannot find module '@opentelemetry/resources/build/src/resource'
2025-04-14 09:43:36: Require stack:
2025-04-14 09:43:36: - /repo/nodejs/demo-app/tracing.js
2025-04-14 09:43:36: - /repo/nodejs/demo-app/app.js
2025-04-14 09:43:36:     at Module._resolveFilename (node:internal/modules/cjs/loader:1140:15)
2025-04-14 09:43:36:     at Hook._require.Module.require (/nix/store/shfv23xyd45wxv8w4ax04abmvmf1m78w-pm2-5.4.2/lib/node_modules/pm2/node_modules/require-in-the-middle/index.js:81:25)
2025-04-14 09:43:36:     at require (node:internal/modules/helpers:177:18)
2025-04-14 09:43:36:     at Object.<anonymous> (/repo/nodejs/demo-app/tracing.js:9:22)
2025-04-14 09:43:36:     at Module._compile (node:internal/modules/cjs/loader:1364:14)
2025-04-14 09:43:36:     at Module._extensions..js (node:internal/modules/cjs/loader:1422:10)
2025-04-14 09:43:36:     at Module.load (node:internal/modules/cjs/loader:1203:32)
2025-04-14 09:43:36:     at Module._load (node:internal/modules/cjs/loader:1019:12)
2025-04-14 09:43:36:     at Module.require (node:internal/modules/cjs/loader:1231:19)
2025-04-14 09:43:36:     at Hook._require.Module.require (/nix/store/shfv23xyd45wxv8w4ax04abmvmf1m78w-pm2-5.4.2/lib/node_modules/pm2/node_modules/require-in-the-middle/index.js:101:39) {
2025-04-14 09:43:36:   code: 'MODULE_NOT_FOUND',
2025-04-14 09:43:36:   requireStack: [
2025-04-14 09:43:36:     '/repo/nodejs/demo-app/tracing.js',
2025-04-14 09:43:36:     '/repo/nodejs/demo-app/app.js'
2025-04-14 09:43:36:   ]
2025-04-14 09:43:36: }
2025-04-14 09:43:36: Error: Cannot find module '@opentelemetry/resources/build/src/resource'
2025-04-14 09:43:36: Require stack:
2025-04-14 09:43:36: - /repo/nodejs/demo-app/tracing.js
2025-04-14 09:43:36: - /repo/nodejs/demo-app/app.js
2025-04-14 09:43:36:     at Module._resolveFilename (node:internal/modules/cjs/loader:1140:15)
2025-04-14 09:43:36:     at Hook._require.Module.require (/nix/store/shfv23xyd45wxv8w4ax04abmvmf1m78w-pm2-5.4.2/lib/node_modules/pm2/node_modules/require-in-the-middle/index.js:81:25)
2025-04-14 09:43:36:     at require (node:internal/modules/helpers:177:18)
2025-04-14 09:43:36:     at Object.<anonymous> (/repo/nodejs/demo-app/tracing.js:9:22)
2025-04-14 09:43:36:     at Module._compile (node:internal/modules/cjs/loader:1364:14)
2025-04-14 09:43:36:     at Module._extensions..js (node:internal/modules/cjs/loader:1422:10)
2025-04-14 09:43:36:     at Module.load (node:internal/modules/cjs/loader:1203:32)
2025-04-14 09:43:36:     at Module._load (node:internal/modules/cjs/loader:1019:12)
2025-04-14 09:43:36:     at Module.require (node:internal/modules/cjs/loader:1231:19)
2025-04-14 09:43:36:     at Hook._require.Module.require (/nix/store/shfv23xyd45wxv8w4ax04abmvmf1m78w-pm2-5.4.2/lib/node_modules/pm2/node_modules/require-in-the-middle/index.js:101:39) {
2025-04-14 09:43:36:   code: 'MODULE_NOT_FOUND',
2025-04-14 09:43:36:   requireStack: [
2025-04-14 09:43:36:     '/repo/nodejs/demo-app/tracing.js',
2025-04-14 09:43:36:     '/repo/nodejs/demo-app/app.js'
2025-04-14 09:43:36:   ]
2025-04-14 09:43:36: }
2025-04-14 09:43:37: Error: Cannot find module '@opentelemetry/resources/build/src/resource'
2025-04-14 09:43:37: Require stack:
2025-04-14 09:43:37: - /repo/nodejs/demo-app/tracing.js
2025-04-14 09:43:37: - /repo/nodejs/demo-app/app.js
2025-04-14 09:43:37:     at Module._resolveFilename (node:internal/modules/cjs/loader:1140:15)
2025-04-14 09:43:37:     at Hook._require.Module.require (/nix/store/shfv23xyd45wxv8w4ax04abmvmf1m78w-pm2-5.4.2/lib/node_modules/pm2/node_modules/require-in-the-middle/index.js:81:25)
2025-04-14 09:43:37:     at require (node:internal/modules/helpers:177:18)
2025-04-14 09:43:37:     at Object.<anonymous> (/repo/nodejs/demo-app/tracing.js:9:22)
2025-04-14 09:43:37:     at Module._compile (node:internal/modules/cjs/loader:1364:14)
2025-04-14 09:43:37:     at Module._extensions..js (node:internal/modules/cjs/loader:1422:10)
2025-04-14 09:43:37:     at Module.load (node:internal/modules/cjs/loader:1203:32)
2025-04-14 09:43:37:     at Module._load (node:internal/modules/cjs/loader:1019:12)
2025-04-14 09:43:37:     at Module.require (node:internal/modules/cjs/loader:1231:19)
2025-04-14 09:43:37:     at Hook._require.Module.require (/nix/store/shfv23xyd45wxv8w4ax04abmvmf1m78w-pm2-5.4.2/lib/node_modules/pm2/node_modules/require-in-the-middle/index.js:101:39) {
2025-04-14 09:43:37:   code: 'MODULE_NOT_FOUND',
2025-04-14 09:43:37:   requireStack: [
2025-04-14 09:43:37:     '/repo/nodejs/demo-app/tracing.js',
2025-04-14 09:43:37:     '/repo/nodejs/demo-app/app.js'
2025-04-14 09:43:37:   ]
2025-04-14 09:43:37: }
2025-04-14 09:43:37: Error: Cannot find module '@opentelemetry/resources/build/src/resource'
2025-04-14 09:43:37: Require stack:
2025-04-14 09:43:37: - /repo/nodejs/demo-app/tracing.js
2025-04-14 09:43:37: - /repo/nodejs/demo-app/app.js
2025-04-14 09:43:37:     at Module._resolveFilename (node:internal/modules/cjs/loader:1140:15)
2025-04-14 09:43:37:     at Hook._require.Module.require (/nix/store/shfv23xyd45wxv8w4ax04abmvmf1m78w-pm2-5.4.2/lib/node_modules/pm2/node_modules/require-in-the-middle/index.js:81:25)
2025-04-14 09:43:37:     at require (node:internal/modules/helpers:177:18)
2025-04-14 09:43:37:     at Object.<anonymous> (/repo/nodejs/demo-app/tracing.js:9:22)
2025-04-14 09:43:37:     at Module._compile (node:internal/modules/cjs/loader:1364:14)
2025-04-14 09:43:37:     at Module._extensions..js (node:internal/modules/cjs/loader:1422:10)
2025-04-14 09:43:37:     at Module.load (node:internal/modules/cjs/loader:1203:32)
2025-04-14 09:43:37:     at Module._load (node:internal/modules/cjs/loader:1019:12)
2025-04-14 09:43:37:     at Module.require (node:internal/modules/cjs/loader:1231:19)
2025-04-14 09:43:37:     at Hook._require.Module.require (/nix/store/shfv23xyd45wxv8w4ax04abmvmf1m78w-pm2-5.4.2/lib/node_modules/pm2/node_modules/require-in-the-middle/index.js:101:39) {
2025-04-14 09:43:37:   code: 'MODULE_NOT_FOUND',
2025-04-14 09:43:37:   requireStack: [
2025-04-14 09:43:37:     '/repo/nodejs/demo-app/tracing.js',
2025-04-14 09:43:37:     '/repo/nodejs/demo-app/app.js'
2025-04-14 09:43:37:   ]
2025-04-14 09:43:37: }
2025-04-14 09:43:37: Error: Cannot find module '@opentelemetry/resources/build/src/resource'
2025-04-14 09:43:37: Require stack:
2025-04-14 09:43:37: - /repo/nodejs/demo-app/tracing.js
2025-04-14 09:43:37: - /repo/nodejs/demo-app/app.js
2025-04-14 09:43:37:     at Module._resolveFilename (node:internal/modules/cjs/loader:1140:15)
2025-04-14 09:43:37:     at Hook._require.Module.require (/nix/store/shfv23xyd45wxv8w4ax04abmvmf1m78w-pm2-5.4.2/lib/node_modules/pm2/node_modules/require-in-the-middle/index.js:81:25)
2025-04-14 09:43:37:     at require (node:internal/modules/helpers:177:18)
2025-04-14 09:43:37:     at Object.<anonymous> (/repo/nodejs/demo-app/tracing.js:9:22)
2025-04-14 09:43:37:     at Module._compile (node:internal/modules/cjs/loader:1364:14)
2025-04-14 09:43:37:     at Module._extensions..js (node:internal/modules/cjs/loader:1422:10)
2025-04-14 09:43:37:     at Module.load (node:internal/modules/cjs/loader:1203:32)
2025-04-14 09:43:37:     at Module._load (node:internal/modules/cjs/loader:1019:12)
2025-04-14 09:43:37:     at Module.require (node:internal/modules/cjs/loader:1231:19)
2025-04-14 09:43:37:     at Hook._require.Module.require (/nix/store/shfv23xyd45wxv8w4ax04abmvmf1m78w-pm2-5.4.2/lib/node_modules/pm2/node_modules/require-in-the-middle/index.js:101:39) {
2025-04-14 09:43:37:   code: 'MODULE_NOT_FOUND',
2025-04-14 09:43:37:   requireStack: [
2025-04-14 09:43:37:     '/repo/nodejs/demo-app/tracing.js',
2025-04-14 09:43:37:     '/repo/nodejs/demo-app/app.js'
2025-04-14 09:43:37:   ]
2025-04-14 09:43:37: }
2025-04-14 09:43:37: Error: Cannot find module '@opentelemetry/resources/build/src/resource'
2025-04-14 09:43:37: Require stack:
2025-04-14 09:43:37: - /repo/nodejs/demo-app/tracing.js
2025-04-14 09:43:37: - /repo/nodejs/demo-app/app.js
2025-04-14 09:43:37:     at Module._resolveFilename (node:internal/modules/cjs/loader:1140:15)
2025-04-14 09:43:37:     at Hook._require.Module.require (/nix/store/shfv23xyd45wxv8w4ax04abmvmf1m78w-pm2-5.4.2/lib/node_modules/pm2/node_modules/require-in-the-middle/index.js:81:25)
2025-04-14 09:43:37:     at require (node:internal/modules/helpers:177:18)
2025-04-14 09:43:37:     at Object.<anonymous> (/repo/nodejs/demo-app/tracing.js:9:22)
2025-04-14 09:43:37:     at Module._compile (node:internal/modules/cjs/loader:1364:14)
2025-04-14 09:43:37:     at Module._extensions..js (node:internal/modules/cjs/loader:1422:10)
2025-04-14 09:43:37:     at Module.load (node:internal/modules/cjs/loader:1203:32)
2025-04-14 09:43:37:     at Module._load (node:internal/modules/cjs/loader:1019:12)
2025-04-14 09:43:37:     at Module.require (node:internal/modules/cjs/loader:1231:19)
2025-04-14 09:43:37:     at Hook._require.Module.require (/nix/store/shfv23xyd45wxv8w4ax04abmvmf1m78w-pm2-5.4.2/lib/node_modules/pm2/node_modules/require-in-the-middle/index.js:101:39) {
2025-04-14 09:43:37:   code: 'MODULE_NOT_FOUND',
2025-04-14 09:43:37:   requireStack: [
2025-04-14 09:43:37:     '/repo/nodejs/demo-app/tracing.js',
2025-04-14 09:43:37:     '/repo/nodejs/demo-app/app.js'
2025-04-14 09:43:37:   ]
2025-04-14 09:43:37: }
2025-04-14 09:43:37: Error: Cannot find module '@opentelemetry/resources/build/src/resource'
2025-04-14 09:43:37: Require stack:
2025-04-14 09:43:37: - /repo/nodejs/demo-app/tracing.js
2025-04-14 09:43:37: - /repo/nodejs/demo-app/app.js
2025-04-14 09:43:37:     at Module._resolveFilename (node:internal/modules/cjs/loader:1140:15)
2025-04-14 09:43:37:     at Hook._require.Module.require (/nix/store/shfv23xyd45wxv8w4ax04abmvmf1m78w-pm2-5.4.2/lib/node_modules/pm2/node_modules/require-in-the-middle/index.js:81:25)
2025-04-14 09:43:37:     at require (node:internal/modules/helpers:177:18)
2025-04-14 09:43:37:     at Object.<anonymous> (/repo/nodejs/demo-app/tracing.js:9:22)
2025-04-14 09:43:37:     at Module._compile (node:internal/modules/cjs/loader:1364:14)
2025-04-14 09:43:37:     at Module._extensions..js (node:internal/modules/cjs/loader:1422:10)
2025-04-14 09:43:37:     at Module.load (node:internal/modules/cjs/loader:1203:32)
2025-04-14 09:43:37:     at Module._load (node:internal/modules/cjs/loader:1019:12)
2025-04-14 09:43:37:     at Module.require (node:internal/modules/cjs/loader:1231:19)
2025-04-14 09:43:37:     at Hook._require.Module.require (/nix/store/shfv23xyd45wxv8w4ax04abmvmf1m78w-pm2-5.4.2/lib/node_modules/pm2/node_modules/require-in-the-middle/index.js:101:39) {
2025-04-14 09:43:37:   code: 'MODULE_NOT_FOUND',
2025-04-14 09:43:37:   requireStack: [
2025-04-14 09:43:37:     '/repo/nodejs/demo-app/tracing.js',
2025-04-14 09:43:37:     '/repo/nodejs/demo-app/app.js'
2025-04-14 09:43:37:   ]
2025-04-14 09:43:37: }
2025-04-14 09:43:37: Error: Cannot find module '@opentelemetry/resources/build/src/resource'
2025-04-14 09:43:37: Require stack:
2025-04-14 09:43:37: - /repo/nodejs/demo-app/tracing.js
2025-04-14 09:43:37: - /repo/nodejs/demo-app/app.js
2025-04-14 09:43:37:     at Module._resolveFilename (node:internal/modules/cjs/loader:1140:15)
2025-04-14 09:43:37:     at Hook._require.Module.require (/nix/store/shfv23xyd45wxv8w4ax04abmvmf1m78w-pm2-5.4.2/lib/node_modules/pm2/node_modules/require-in-the-middle/index.js:81:25)
2025-04-14 09:43:37:     at require (node:internal/modules/helpers:177:18)
2025-04-14 09:43:37:     at Object.<anonymous> (/repo/nodejs/demo-app/tracing.js:9:22)
2025-04-14 09:43:37:     at Module._compile (node:internal/modules/cjs/loader:1364:14)
2025-04-14 09:43:37:     at Module._extensions..js (node:internal/modules/cjs/loader:1422:10)
2025-04-14 09:43:37:     at Module.load (node:internal/modules/cjs/loader:1203:32)
2025-04-14 09:43:37:     at Module._load (node:internal/modules/cjs/loader:1019:12)
2025-04-14 09:43:37:     at Module.require (node:internal/modules/cjs/loader:1231:19)
2025-04-14 09:43:37:     at Hook._require.Module.require (/nix/store/shfv23xyd45wxv8w4ax04abmvmf1m78w-pm2-5.4.2/lib/node_modules/pm2/node_modules/require-in-the-middle/index.js:101:39) {
2025-04-14 09:43:37:   code: 'MODULE_NOT_FOUND',
2025-04-14 09:43:37:   requireStack: [
2025-04-14 09:43:37:     '/repo/nodejs/demo-app/tracing.js',
2025-04-14 09:43:37:     '/repo/nodejs/demo-app/app.js'
2025-04-14 09:43:37:   ]
2025-04-14 09:43:37: }
2025-04-14 09:43:38: Error: Cannot find module '@opentelemetry/resources/build/src/resource'
2025-04-14 09:43:38: Require stack:
2025-04-14 09:43:38: - /repo/nodejs/demo-app/tracing.js
2025-04-14 09:43:38: - /repo/nodejs/demo-app/app.js
2025-04-14 09:43:38:     at Module._resolveFilename (node:internal/modules/cjs/loader:1140:15)
2025-04-14 09:43:38:     at Hook._require.Module.require (/nix/store/shfv23xyd45wxv8w4ax04abmvmf1m78w-pm2-5.4.2/lib/node_modules/pm2/node_modules/require-in-the-middle/index.js:81:25)
2025-04-14 09:43:38:     at require (node:internal/modules/helpers:177:18)
2025-04-14 09:43:38:     at Object.<anonymous> (/repo/nodejs/demo-app/tracing.js:9:22)
2025-04-14 09:43:38:     at Module._compile (node:internal/modules/cjs/loader:1364:14)
2025-04-14 09:43:38:     at Module._extensions..js (node:internal/modules/cjs/loader:1422:10)
2025-04-14 09:43:38:     at Module.load (node:internal/modules/cjs/loader:1203:32)
2025-04-14 09:43:38:     at Module._load (node:internal/modules/cjs/loader:1019:12)
2025-04-14 09:43:38:     at Module.require (node:internal/modules/cjs/loader:1231:19)
2025-04-14 09:43:38:     at Hook._require.Module.require (/nix/store/shfv23xyd45wxv8w4ax04abmvmf1m78w-pm2-5.4.2/lib/node_modules/pm2/node_modules/require-in-the-middle/index.js:101:39) {
2025-04-14 09:43:38:   code: 'MODULE_NOT_FOUND',
2025-04-14 09:43:38:   requireStack: [
2025-04-14 09:43:38:     '/repo/nodejs/demo-app/tracing.js',
2025-04-14 09:43:38:     '/repo/nodejs/demo-app/app.js'
2025-04-14 09:43:38:   ]
2025-04-14 09:43:38: }
2025-04-14 09:43:38: Error: Cannot find module '@opentelemetry/resources/build/src/resource'
2025-04-14 09:43:38: Require stack:
2025-04-14 09:43:38: - /repo/nodejs/demo-app/tracing.js
2025-04-14 09:43:38: - /repo/nodejs/demo-app/app.js
2025-04-14 09:43:38:     at Module._resolveFilename (node:internal/modules/cjs/loader:1140:15)
2025-04-14 09:43:38:     at Hook._require.Module.require (/nix/store/shfv23xyd45wxv8w4ax04abmvmf1m78w-pm2-5.4.2/lib/node_modules/pm2/node_modules/require-in-the-middle/index.js:81:25)
2025-04-14 09:43:38:     at require (node:internal/modules/helpers:177:18)
2025-04-14 09:43:38:     at Object.<anonymous> (/repo/nodejs/demo-app/tracing.js:9:22)
2025-04-14 09:43:38:     at Module._compile (node:internal/modules/cjs/loader:1364:14)
2025-04-14 09:43:38:     at Module._extensions..js (node:internal/modules/cjs/loader:1422:10)
2025-04-14 09:43:38:     at Module.load (node:internal/modules/cjs/loader:1203:32)
2025-04-14 09:43:38:     at Module._load (node:internal/modules/cjs/loader:1019:12)
2025-04-14 09:43:38:     at Module.require (node:internal/modules/cjs/loader:1231:19)
2025-04-14 09:43:38:     at Hook._require.Module.require (/nix/store/shfv23xyd45wxv8w4ax04abmvmf1m78w-pm2-5.4.2/lib/node_modules/pm2/node_modules/require-in-the-middle/index.js:101:39) {
2025-04-14 09:43:38:   code: 'MODULE_NOT_FOUND',
2025-04-14 09:43:38:   requireStack: [
2025-04-14 09:43:38:     '/repo/nodejs/demo-app/tracing.js',
2025-04-14 09:43:38:     '/repo/nodejs/demo-app/app.js'
2025-04-14 09:43:38:   ]
2025-04-14 09:43:38: }
2025-04-14 09:43:38: Error: Cannot find module '@opentelemetry/resources/build/src/resource'
2025-04-14 09:43:38: Require stack:
2025-04-14 09:43:38: - /repo/nodejs/demo-app/tracing.js
2025-04-14 09:43:38: - /repo/nodejs/demo-app/app.js
2025-04-14 09:43:38:     at Module._resolveFilename (node:internal/modules/cjs/loader:1140:15)
2025-04-14 09:43:38:     at Hook._require.Module.require (/nix/store/shfv23xyd45wxv8w4ax04abmvmf1m78w-pm2-5.4.2/lib/node_modules/pm2/node_modules/require-in-the-middle/index.js:81:25)
2025-04-14 09:43:38:     at require (node:internal/modules/helpers:177:18)
2025-04-14 09:43:38:     at Object.<anonymous> (/repo/nodejs/demo-app/tracing.js:9:22)
2025-04-14 09:43:38:     at Module._compile (node:internal/modules/cjs/loader:1364:14)
2025-04-14 09:43:38:     at Module._extensions..js (node:internal/modules/cjs/loader:1422:10)
2025-04-14 09:43:38:     at Module.load (node:internal/modules/cjs/loader:1203:32)
2025-04-14 09:43:38:     at Module._load (node:internal/modules/cjs/loader:1019:12)
2025-04-14 09:43:38:     at Module.require (node:internal/modules/cjs/loader:1231:19)
2025-04-14 09:43:38:     at Hook._require.Module.require (/nix/store/shfv23xyd45wxv8w4ax04abmvmf1m78w-pm2-5.4.2/lib/node_modules/pm2/node_modules/require-in-the-middle/index.js:101:39) {
2025-04-14 09:43:38:   code: 'MODULE_NOT_FOUND',
2025-04-14 09:43:38:   requireStack: [
2025-04-14 09:43:38:     '/repo/nodejs/demo-app/tracing.js',
2025-04-14 09:43:38:     '/repo/nodejs/demo-app/app.js'
2025-04-14 09:43:38:   ]
2025-04-14 09:43:38: }
2025-04-14 09:43:38: Error: Cannot find module '@opentelemetry/resources/build/src/resource'
2025-04-14 09:43:38: Require stack:
2025-04-14 09:43:38: - /repo/nodejs/demo-app/tracing.js
2025-04-14 09:43:38: - /repo/nodejs/demo-app/app.js
2025-04-14 09:43:38:     at Module._resolveFilename (node:internal/modules/cjs/loader:1140:15)
2025-04-14 09:43:38:     at Hook._require.Module.require (/nix/store/shfv23xyd45wxv8w4ax04abmvmf1m78w-pm2-5.4.2/lib/node_modules/pm2/node_modules/require-in-the-middle/index.js:81:25)
2025-04-14 09:43:38:     at require (node:internal/modules/helpers:177:18)
2025-04-14 09:43:38:     at Object.<anonymous> (/repo/nodejs/demo-app/tracing.js:9:22)
2025-04-14 09:43:38:     at Module._compile (node:internal/modules/cjs/loader:1364:14)
2025-04-14 09:43:38:     at Module._extensions..js (node:internal/modules/cjs/loader:1422:10)
2025-04-14 09:43:38:     at Module.load (node:internal/modules/cjs/loader:1203:32)
2025-04-14 09:43:38:     at Module._load (node:internal/modules/cjs/loader:1019:12)
2025-04-14 09:43:38:     at Module.require (node:internal/modules/cjs/loader:1231:19)
2025-04-14 09:43:38:     at Hook._require.Module.require (/nix/store/shfv23xyd45wxv8w4ax04abmvmf1m78w-pm2-5.4.2/lib/node_modules/pm2/node_modules/require-in-the-middle/index.js:101:39) {
2025-04-14 09:43:38:   code: 'MODULE_NOT_FOUND',
2025-04-14 09:43:38:   requireStack: [
2025-04-14 09:43:38:     '/repo/nodejs/demo-app/tracing.js',
2025-04-14 09:43:38:     '/repo/nodejs/demo-app/app.js'
2025-04-14 09:43:38:   ]
2025-04-14 09:43:38: }
2025-04-14 09:43:38: Error: Cannot find module '@opentelemetry/resources/build/src/resource'
2025-04-14 09:43:38: Require stack:
2025-04-14 09:43:38: - /repo/nodejs/demo-app/tracing.js
2025-04-14 09:43:38: - /repo/nodejs/demo-app/app.js
2025-04-14 09:43:38:     at Module._resolveFilename (node:internal/modules/cjs/loader:1140:15)
2025-04-14 09:43:38:     at Hook._require.Module.require (/nix/store/shfv23xyd45wxv8w4ax04abmvmf1m78w-pm2-5.4.2/lib/node_modules/pm2/node_modules/require-in-the-middle/index.js:81:25)
2025-04-14 09:43:38:     at require (node:internal/modules/helpers:177:18)
2025-04-14 09:43:38:     at Object.<anonymous> (/repo/nodejs/demo-app/tracing.js:9:22)
2025-04-14 09:43:38:     at Module._compile (node:internal/modules/cjs/loader:1364:14)
2025-04-14 09:43:38:     at Module._extensions..js (node:internal/modules/cjs/loader:1422:10)
2025-04-14 09:43:38:     at Module.load (node:internal/modules/cjs/loader:1203:32)
2025-04-14 09:43:38:     at Module._load (node:internal/modules/cjs/loader:1019:12)
2025-04-14 09:43:38:     at Module.require (node:internal/modules/cjs/loader:1231:19)
2025-04-14 09:43:38:     at Hook._require.Module.require (/nix/store/shfv23xyd45wxv8w4ax04abmvmf1m78w-pm2-5.4.2/lib/node_modules/pm2/node_modules/require-in-the-middle/index.js:101:39) {
2025-04-14 09:43:38:   code: 'MODULE_NOT_FOUND',
2025-04-14 09:43:38:   requireStack: [
2025-04-14 09:43:38:     '/repo/nodejs/demo-app/tracing.js',
2025-04-14 09:43:38:     '/repo/nodejs/demo-app/app.js'
2025-04-14 09:43:38:   ]
2025-04-14 09:43:38: }
2025-04-14 09:43:38: Error: Cannot find module '@opentelemetry/resources/build/src/resource'
2025-04-14 09:43:38: Require stack:
2025-04-14 09:43:38: - /repo/nodejs/demo-app/tracing.js
2025-04-14 09:43:38: - /repo/nodejs/demo-app/app.js
2025-04-14 09:43:38:     at Module._resolveFilename (node:internal/modules/cjs/loader:1140:15)
2025-04-14 09:43:38:     at Hook._require.Module.require (/nix/store/shfv23xyd45wxv8w4ax04abmvmf1m78w-pm2-5.4.2/lib/node_modules/pm2/node_modules/require-in-the-middle/index.js:81:25)
2025-04-14 09:43:38:     at require (node:internal/modules/helpers:177:18)
2025-04-14 09:43:38:     at Object.<anonymous> (/repo/nodejs/demo-app/tracing.js:9:22)
2025-04-14 09:43:38:     at Module._compile (node:internal/modules/cjs/loader:1364:14)
2025-04-14 09:43:38:     at Module._extensions..js (node:internal/modules/cjs/loader:1422:10)
2025-04-14 09:43:38:     at Module.load (node:internal/modules/cjs/loader:1203:32)
2025-04-14 09:43:38:     at Module._load (node:internal/modules/cjs/loader:1019:12)
2025-04-14 09:43:38:     at Module.require (node:internal/modules/cjs/loader:1231:19)
2025-04-14 09:43:38:     at Hook._require.Module.require (/nix/store/shfv23xyd45wxv8w4ax04abmvmf1m78w-pm2-5.4.2/lib/node_modules/pm2/node_modules/require-in-the-middle/index.js:101:39) {
2025-04-14 09:43:38:   code: 'MODULE_NOT_FOUND',
2025-04-14 09:43:38:   requireStack: [
2025-04-14 09:43:38:     '/repo/nodejs/demo-app/tracing.js',
2025-04-14 09:43:38:     '/repo/nodejs/demo-app/app.js'
2025-04-14 09:43:38:   ]
2025-04-14 09:43:38: }
2025-04-14 09:43:39: Error: Cannot find module '@opentelemetry/resources/build/src/resource'
2025-04-14 09:43:39: Require stack:
2025-04-14 09:43:39: - /repo/nodejs/demo-app/tracing.js
2025-04-14 09:43:39: - /repo/nodejs/demo-app/app.js
2025-04-14 09:43:39:     at Module._resolveFilename (node:internal/modules/cjs/loader:1140:15)
2025-04-14 09:43:39:     at Hook._require.Module.require (/nix/store/shfv23xyd45wxv8w4ax04abmvmf1m78w-pm2-5.4.2/lib/node_modules/pm2/node_modules/require-in-the-middle/index.js:81:25)
2025-04-14 09:43:39:     at require (node:internal/modules/helpers:177:18)
2025-04-14 09:43:39:     at Object.<anonymous> (/repo/nodejs/demo-app/tracing.js:9:22)
2025-04-14 09:43:39:     at Module._compile (node:internal/modules/cjs/loader:1364:14)
2025-04-14 09:43:39:     at Module._extensions..js (node:internal/modules/cjs/loader:1422:10)
2025-04-14 09:43:39:     at Module.load (node:internal/modules/cjs/loader:1203:32)
2025-04-14 09:43:39:     at Module._load (node:internal/modules/cjs/loader:1019:12)
2025-04-14 09:43:39:     at Module.require (node:internal/modules/cjs/loader:1231:19)
2025-04-14 09:43:39:     at Hook._require.Module.require (/nix/store/shfv23xyd45wxv8w4ax04abmvmf1m78w-pm2-5.4.2/lib/node_modules/pm2/node_modules/require-in-the-middle/index.js:101:39) {
2025-04-14 09:43:39:   code: 'MODULE_NOT_FOUND',
2025-04-14 09:43:39:   requireStack: [
2025-04-14 09:43:39:     '/repo/nodejs/demo-app/tracing.js',
2025-04-14 09:43:39:     '/repo/nodejs/demo-app/app.js'
2025-04-14 09:43:39:   ]
2025-04-14 09:43:39: }
2025-04-14 09:43:39: Error: Cannot find module '@opentelemetry/resources/build/src/resource'
2025-04-14 09:43:39: Require stack:
2025-04-14 09:43:39: - /repo/nodejs/demo-app/tracing.js
2025-04-14 09:43:39: - /repo/nodejs/demo-app/app.js
2025-04-14 09:43:39:     at Module._resolveFilename (node:internal/modules/cjs/loader:1140:15)
2025-04-14 09:43:39:     at Hook._require.Module.require (/nix/store/shfv23xyd45wxv8w4ax04abmvmf1m78w-pm2-5.4.2/lib/node_modules/pm2/node_modules/require-in-the-middle/index.js:81:25)
2025-04-14 09:43:39:     at require (node:internal/modules/helpers:177:18)
2025-04-14 09:43:39:     at Object.<anonymous> (/repo/nodejs/demo-app/tracing.js:9:22)
2025-04-14 09:43:39:     at Module._compile (node:internal/modules/cjs/loader:1364:14)
2025-04-14 09:43:39:     at Module._extensions..js (node:internal/modules/cjs/loader:1422:10)
2025-04-14 09:43:39:     at Module.load (node:internal/modules/cjs/loader:1203:32)
2025-04-14 09:43:39:     at Module._load (node:internal/modules/cjs/loader:1019:12)
2025-04-14 09:43:39:     at Module.require (node:internal/modules/cjs/loader:1231:19)
2025-04-14 09:43:39:     at Hook._require.Module.require (/nix/store/shfv23xyd45wxv8w4ax04abmvmf1m78w-pm2-5.4.2/lib/node_modules/pm2/node_modules/require-in-the-middle/index.js:101:39) {
2025-04-14 09:43:39:   code: 'MODULE_NOT_FOUND',
2025-04-14 09:43:39:   requireStack: [
2025-04-14 09:43:39:     '/repo/nodejs/demo-app/tracing.js',
2025-04-14 09:43:39:     '/repo/nodejs/demo-app/app.js'
2025-04-14 09:43:39:   ]
2025-04-14 09:43:39: }
2025-04-14 09:43:39: Error: Cannot find module '@opentelemetry/resources/build/src/resource'
2025-04-14 09:43:39: Require stack:
2025-04-14 09:43:39: - /repo/nodejs/demo-app/tracing.js
2025-04-14 09:43:39: - /repo/nodejs/demo-app/app.js
2025-04-14 09:43:39:     at Module._resolveFilename (node:internal/modules/cjs/loader:1140:15)
2025-04-14 09:43:39:     at Hook._require.Module.require (/nix/store/shfv23xyd45wxv8w4ax04abmvmf1m78w-pm2-5.4.2/lib/node_modules/pm2/node_modules/require-in-the-middle/index.js:81:25)
2025-04-14 09:43:39:     at require (node:internal/modules/helpers:177:18)
2025-04-14 09:43:39:     at Object.<anonymous> (/repo/nodejs/demo-app/tracing.js:9:22)
2025-04-14 09:43:39:     at Module._compile (node:internal/modules/cjs/loader:1364:14)
2025-04-14 09:43:39:     at Module._extensions..js (node:internal/modules/cjs/loader:1422:10)
2025-04-14 09:43:39:     at Module.load (node:internal/modules/cjs/loader:1203:32)
2025-04-14 09:43:39:     at Module._load (node:internal/modules/cjs/loader:1019:12)
2025-04-14 09:43:39:     at Module.require (node:internal/modules/cjs/loader:1231:19)
2025-04-14 09:43:39:     at Hook._require.Module.require (/nix/store/shfv23xyd45wxv8w4ax04abmvmf1m78w-pm2-5.4.2/lib/node_modules/pm2/node_modules/require-in-the-middle/index.js:101:39) {
2025-04-14 09:43:39:   code: 'MODULE_NOT_FOUND',
2025-04-14 09:43:39:   requireStack: [
2025-04-14 09:43:39:     '/repo/nodejs/demo-app/tracing.js',
2025-04-14 09:43:39:     '/repo/nodejs/demo-app/app.js'
2025-04-14 09:43:39:   ]
2025-04-14 09:43:39: }
2025-04-14 09:43:39: Error: Cannot find module '@opentelemetry/resources/build/src/resource'
2025-04-14 09:43:39: Require stack:
2025-04-14 09:43:39: - /repo/nodejs/demo-app/tracing.js
2025-04-14 09:43:39: - /repo/nodejs/demo-app/app.js
2025-04-14 09:43:39:     at Module._resolveFilename (node:internal/modules/cjs/loader:1140:15)
2025-04-14 09:43:39:     at Hook._require.Module.require (/nix/store/shfv23xyd45wxv8w4ax04abmvmf1m78w-pm2-5.4.2/lib/node_modules/pm2/node_modules/require-in-the-middle/index.js:81:25)
2025-04-14 09:43:39:     at require (node:internal/modules/helpers:177:18)
2025-04-14 09:43:39:     at Object.<anonymous> (/repo/nodejs/demo-app/tracing.js:9:22)
2025-04-14 09:43:39:     at Module._compile (node:internal/modules/cjs/loader:1364:14)
2025-04-14 09:43:39:     at Module._extensions..js (node:internal/modules/cjs/loader:1422:10)
2025-04-14 09:43:39:     at Module.load (node:internal/modules/cjs/loader:1203:32)
2025-04-14 09:43:39:     at Module._load (node:internal/modules/cjs/loader:1019:12)
2025-04-14 09:43:39:     at Module.require (node:internal/modules/cjs/loader:1231:19)
2025-04-14 09:43:39:     at Hook._require.Module.require (/nix/store/shfv23xyd45wxv8w4ax04abmvmf1m78w-pm2-5.4.2/lib/node_modules/pm2/node_modules/require-in-the-middle/index.js:101:39) {
2025-04-14 09:43:39:   code: 'MODULE_NOT_FOUND',
2025-04-14 09:43:39:   requireStack: [
2025-04-14 09:43:39:     '/repo/nodejs/demo-app/tracing.js',
2025-04-14 09:43:39:     '/repo/nodejs/demo-app/app.js'
2025-04-14 09:43:39:   ]
2025-04-14 09:43:39: }
2025-04-14 09:43:39: Error: Cannot find module '@opentelemetry/resources/build/src/resource'
2025-04-14 09:43:39: Require stack:
2025-04-14 09:43:39: - /repo/nodejs/demo-app/tracing.js
2025-04-14 09:43:39: - /repo/nodejs/demo-app/app.js
2025-04-14 09:43:39:     at Module._resolveFilename (node:internal/modules/cjs/loader:1140:15)
2025-04-14 09:43:39:     at Hook._require.Module.require (/nix/store/shfv23xyd45wxv8w4ax04abmvmf1m78w-pm2-5.4.2/lib/node_modules/pm2/node_modules/require-in-the-middle/index.js:81:25)
2025-04-14 09:43:39:     at require (node:internal/modules/helpers:177:18)
2025-04-14 09:43:39:     at Object.<anonymous> (/repo/nodejs/demo-app/tracing.js:9:22)
2025-04-14 09:43:39:     at Module._compile (node:internal/modules/cjs/loader:1364:14)
2025-04-14 09:43:39:     at Module._extensions..js (node:internal/modules/cjs/loader:1422:10)
2025-04-14 09:43:39:     at Module.load (node:internal/modules/cjs/loader:1203:32)
2025-04-14 09:43:39:     at Module._load (node:internal/modules/cjs/loader:1019:12)
2025-04-14 09:43:39:     at Module.require (node:internal/modules/cjs/loader:1231:19)
2025-04-14 09:43:39:     at Hook._require.Module.require (/nix/store/shfv23xyd45wxv8w4ax04abmvmf1m78w-pm2-5.4.2/lib/node_modules/pm2/node_modules/require-in-the-middle/index.js:101:39) {
2025-04-14 09:43:39:   code: 'MODULE_NOT_FOUND',
2025-04-14 09:43:39:   requireStack: [
2025-04-14 09:43:39:     '/repo/nodejs/demo-app/tracing.js',
2025-04-14 09:43:39:     '/repo/nodejs/demo-app/app.js'
2025-04-14 09:43:39:   ]
2025-04-14 09:43:39: }
2025-04-14 09:43:39: Error: Cannot find module '@opentelemetry/resources/build/src/resource'
2025-04-14 09:43:39: Require stack:
2025-04-14 09:43:39: - /repo/nodejs/demo-app/tracing.js
2025-04-14 09:43:39: - /repo/nodejs/demo-app/app.js
2025-04-14 09:43:39:     at Module._resolveFilename (node:internal/modules/cjs/loader:1140:15)
2025-04-14 09:43:39:     at Hook._require.Module.require (/nix/store/shfv23xyd45wxv8w4ax04abmvmf1m78w-pm2-5.4.2/lib/node_modules/pm2/node_modules/require-in-the-middle/index.js:81:25)
2025-04-14 09:43:39:     at require (node:internal/modules/helpers:177:18)
2025-04-14 09:43:39:     at Object.<anonymous> (/repo/nodejs/demo-app/tracing.js:9:22)
2025-04-14 09:43:39:     at Module._compile (node:internal/modules/cjs/loader:1364:14)
2025-04-14 09:43:39:     at Module._extensions..js (node:internal/modules/cjs/loader:1422:10)
2025-04-14 09:43:39:     at Module.load (node:internal/modules/cjs/loader:1203:32)
2025-04-14 09:43:39:     at Module._load (node:internal/modules/cjs/loader:1019:12)
2025-04-14 09:43:39:     at Module.require (node:internal/modules/cjs/loader:1231:19)
2025-04-14 09:43:39:     at Hook._require.Module.require (/nix/store/shfv23xyd45wxv8w4ax04abmvmf1m78w-pm2-5.4.2/lib/node_modules/pm2/node_modules/require-in-the-middle/index.js:101:39) {
2025-04-14 09:43:39:   code: 'MODULE_NOT_FOUND',
2025-04-14 09:43:39:   requireStack: [
2025-04-14 09:43:39:     '/repo/nodejs/demo-app/tracing.js',
2025-04-14 09:43:39:     '/repo/nodejs/demo-app/app.js'
2025-04-14 09:43:39:   ]
2025-04-14 09:43:39: }
2025-04-14 09:43:39: Error: Cannot find module '@opentelemetry/resources/build/src/resource'
2025-04-14 09:43:39: Require stack:
2025-04-14 09:43:39: - /repo/nodejs/demo-app/tracing.js
2025-04-14 09:43:39: - /repo/nodejs/demo-app/app.js
2025-04-14 09:43:39:     at Module._resolveFilename (node:internal/modules/cjs/loader:1140:15)
2025-04-14 09:43:39:     at Hook._require.Module.require (/nix/store/shfv23xyd45wxv8w4ax04abmvmf1m78w-pm2-5.4.2/lib/node_modules/pm2/node_modules/require-in-the-middle/index.js:81:25)
2025-04-14 09:43:39:     at require (node:internal/modules/helpers:177:18)
2025-04-14 09:43:39:     at Object.<anonymous> (/repo/nodejs/demo-app/tracing.js:9:22)
2025-04-14 09:43:39:     at Module._compile (node:internal/modules/cjs/loader:1364:14)
2025-04-14 09:43:39:     at Module._extensions..js (node:internal/modules/cjs/loader:1422:10)
2025-04-14 09:43:39:     at Module.load (node:internal/modules/cjs/loader:1203:32)
2025-04-14 09:43:39:     at Module._load (node:internal/modules/cjs/loader:1019:12)
2025-04-14 09:43:39:     at Module.require (node:internal/modules/cjs/loader:1231:19)
2025-04-14 09:43:39:     at Hook._require.Module.require (/nix/store/shfv23xyd45wxv8w4ax04abmvmf1m78w-pm2-5.4.2/lib/node_modules/pm2/node_modules/require-in-the-middle/index.js:101:39) {
2025-04-14 09:43:39:   code: 'MODULE_NOT_FOUND',
2025-04-14 09:43:39:   requireStack: [
2025-04-14 09:43:39:     '/repo/nodejs/demo-app/tracing.js',
2025-04-14 09:43:39:     '/repo/nodejs/demo-app/app.js'
2025-04-14 09:43:39:   ]
2025-04-14 09:43:39: }
2025-04-14 09:43:39: Error: Cannot find module '@opentelemetry/resources/build/src/resource'
2025-04-14 09:43:39: Require stack:
2025-04-14 09:43:39: - /repo/nodejs/demo-app/tracing.js
2025-04-14 09:43:39: - /repo/nodejs/demo-app/app.js
2025-04-14 09:43:39:     at Module._resolveFilename (node:internal/modules/cjs/loader:1140:15)
2025-04-14 09:43:39:     at Hook._require.Module.require (/nix/store/shfv23xyd45wxv8w4ax04abmvmf1m78w-pm2-5.4.2/lib/node_modules/pm2/node_modules/require-in-the-middle/index.js:81:25)
2025-04-14 09:43:39:     at require (node:internal/modules/helpers:177:18)
2025-04-14 09:43:39:     at Object.<anonymous> (/repo/nodejs/demo-app/tracing.js:9:22)
2025-04-14 09:43:39:     at Module._compile (node:internal/modules/cjs/loader:1364:14)
2025-04-14 09:43:39:     at Module._extensions..js (node:internal/modules/cjs/loader:1422:10)
2025-04-14 09:43:39:     at Module.load (node:internal/modules/cjs/loader:1203:32)
2025-04-14 09:43:39:     at Module._load (node:internal/modules/cjs/loader:1019:12)
2025-04-14 09:43:39:     at Module.require (node:internal/modules/cjs/loader:1231:19)
2025-04-14 09:43:39:     at Hook._require.Module.require (/nix/store/shfv23xyd45wxv8w4ax04abmvmf1m78w-pm2-5.4.2/lib/node_modules/pm2/node_modules/require-in-the-middle/index.js:101:39) {
2025-04-14 09:43:39:   code: 'MODULE_NOT_FOUND',
2025-04-14 09:43:39:   requireStack: [
2025-04-14 09:43:39:     '/repo/nodejs/demo-app/tracing.js',
2025-04-14 09:43:39:     '/repo/nodejs/demo-app/app.js'
2025-04-14 09:43:39:   ]
2025-04-14 09:43:39: }
2025-04-14 09:43:40: Error: Cannot find module '@opentelemetry/resources/build/src/resource'
2025-04-14 09:43:40: Require stack:
2025-04-14 09:43:40: - /repo/nodejs/demo-app/tracing.js
2025-04-14 09:43:40: - /repo/nodejs/demo-app/app.js
2025-04-14 09:43:40:     at Module._resolveFilename (node:internal/modules/cjs/loader:1140:15)
2025-04-14 09:43:40:     at Hook._require.Module.require (/nix/store/shfv23xyd45wxv8w4ax04abmvmf1m78w-pm2-5.4.2/lib/node_modules/pm2/node_modules/require-in-the-middle/index.js:81:25)
2025-04-14 09:43:40:     at require (node:internal/modules/helpers:177:18)
2025-04-14 09:43:40:     at Object.<anonymous> (/repo/nodejs/demo-app/tracing.js:9:22)
2025-04-14 09:43:40:     at Module._compile (node:internal/modules/cjs/loader:1364:14)
2025-04-14 09:43:40:     at Module._extensions..js (node:internal/modules/cjs/loader:1422:10)
2025-04-14 09:43:40:     at Module.load (node:internal/modules/cjs/loader:1203:32)
2025-04-14 09:43:40:     at Module._load (node:internal/modules/cjs/loader:1019:12)
2025-04-14 09:43:40:     at Module.require (node:internal/modules/cjs/loader:1231:19)
2025-04-14 09:43:40:     at Hook._require.Module.require (/nix/store/shfv23xyd45wxv8w4ax04abmvmf1m78w-pm2-5.4.2/lib/node_modules/pm2/node_modules/require-in-the-middle/index.js:101:39) {
2025-04-14 09:43:40:   code: 'MODULE_NOT_FOUND',
2025-04-14 09:43:40:   requireStack: [
2025-04-14 09:43:40:     '/repo/nodejs/demo-app/tracing.js',
2025-04-14 09:43:40:     '/repo/nodejs/demo-app/app.js'
2025-04-14 09:43:40:   ]
2025-04-14 09:43:40: }
2025-04-14 09:43:40: Error: Cannot find module '@opentelemetry/resources/build/src/resource'
2025-04-14 09:43:40: Require stack:
2025-04-14 09:43:40: - /repo/nodejs/demo-app/tracing.js
2025-04-14 09:43:40: - /repo/nodejs/demo-app/app.js
2025-04-14 09:43:40:     at Module._resolveFilename (node:internal/modules/cjs/loader:1140:15)
2025-04-14 09:43:40:     at Hook._require.Module.require (/nix/store/shfv23xyd45wxv8w4ax04abmvmf1m78w-pm2-5.4.2/lib/node_modules/pm2/node_modules/require-in-the-middle/index.js:81:25)
2025-04-14 09:43:40:     at require (node:internal/modules/helpers:177:18)
2025-04-14 09:43:40:     at Object.<anonymous> (/repo/nodejs/demo-app/tracing.js:9:22)
2025-04-14 09:43:40:     at Module._compile (node:internal/modules/cjs/loader:1364:14)
2025-04-14 09:43:40:     at Module._extensions..js (node:internal/modules/cjs/loader:1422:10)
2025-04-14 09:43:40:     at Module.load (node:internal/modules/cjs/loader:1203:32)
2025-04-14 09:43:40:     at Module._load (node:internal/modules/cjs/loader:1019:12)
2025-04-14 09:43:40:     at Module.require (node:internal/modules/cjs/loader:1231:19)
2025-04-14 09:43:40:     at Hook._require.Module.require (/nix/store/shfv23xyd45wxv8w4ax04abmvmf1m78w-pm2-5.4.2/lib/node_modules/pm2/node_modules/require-in-the-middle/index.js:101:39) {
2025-04-14 09:43:40:   code: 'MODULE_NOT_FOUND',
2025-04-14 09:43:40:   requireStack: [
2025-04-14 09:43:40:     '/repo/nodejs/demo-app/tracing.js',
2025-04-14 09:43:40:     '/repo/nodejs/demo-app/app.js'
2025-04-14 09:43:40:   ]
2025-04-14 09:43:40: }
2025-04-14 09:43:40: Error: Cannot find module '@opentelemetry/resources/build/src/resource'
2025-04-14 09:43:40: Require stack:
2025-04-14 09:43:40: - /repo/nodejs/demo-app/tracing.js
2025-04-14 09:43:40: - /repo/nodejs/demo-app/app.js
2025-04-14 09:43:40:     at Module._resolveFilename (node:internal/modules/cjs/loader:1140:15)
2025-04-14 09:43:40:     at Hook._require.Module.require (/nix/store/shfv23xyd45wxv8w4ax04abmvmf1m78w-pm2-5.4.2/lib/node_modules/pm2/node_modules/require-in-the-middle/index.js:81:25)
2025-04-14 09:43:40:     at require (node:internal/modules/helpers:177:18)
2025-04-14 09:43:40:     at Object.<anonymous> (/repo/nodejs/demo-app/tracing.js:9:22)
2025-04-14 09:43:40:     at Module._compile (node:internal/modules/cjs/loader:1364:14)
2025-04-14 09:43:40:     at Module._extensions..js (node:internal/modules/cjs/loader:1422:10)
2025-04-14 09:43:40:     at Module.load (node:internal/modules/cjs/loader:1203:32)
2025-04-14 09:43:40:     at Module._load (node:internal/modules/cjs/loader:1019:12)
2025-04-14 09:43:40:     at Module.require (node:internal/modules/cjs/loader:1231:19)
2025-04-14 09:43:40:     at Hook._require.Module.require (/nix/store/shfv23xyd45wxv8w4ax04abmvmf1m78w-pm2-5.4.2/lib/node_modules/pm2/node_modules/require-in-the-middle/index.js:101:39) {
2025-04-14 09:43:40:   code: 'MODULE_NOT_FOUND',
2025-04-14 09:43:40:   requireStack: [
2025-04-14 09:43:40:     '/repo/nodejs/demo-app/tracing.js',
2025-04-14 09:43:40:     '/repo/nodejs/demo-app/app.js'
2025-04-14 09:43:40:   ]
2025-04-14 09:43:40: }
2025-04-14 09:43:41: Error: Cannot find module '@opentelemetry/resources/build/src/resource'
2025-04-14 09:43:41: Require stack:
2025-04-14 09:43:41: - /repo/nodejs/demo-app/tracing.js
2025-04-14 09:43:41: - /repo/nodejs/demo-app/app.js
2025-04-14 09:43:41:     at Module._resolveFilename (node:internal/modules/cjs/loader:1140:15)
2025-04-14 09:43:41:     at Hook._require.Module.require (/nix/store/shfv23xyd45wxv8w4ax04abmvmf1m78w-pm2-5.4.2/lib/node_modules/pm2/node_modules/require-in-the-middle/index.js:81:25)
2025-04-14 09:43:41:     at require (node:internal/modules/helpers:177:18)
2025-04-14 09:43:41:     at Object.<anonymous> (/repo/nodejs/demo-app/tracing.js:9:22)
2025-04-14 09:43:41:     at Module._compile (node:internal/modules/cjs/loader:1364:14)
2025-04-14 09:43:41:     at Module._extensions..js (node:internal/modules/cjs/loader:1422:10)
2025-04-14 09:43:41:     at Module.load (node:internal/modules/cjs/loader:1203:32)
2025-04-14 09:43:41:     at Module._load (node:internal/modules/cjs/loader:1019:12)
2025-04-14 09:43:41:     at Module.require (node:internal/modules/cjs/loader:1231:19)
2025-04-14 09:43:41:     at Hook._require.Module.require (/nix/store/shfv23xyd45wxv8w4ax04abmvmf1m78w-pm2-5.4.2/lib/node_modules/pm2/node_modules/require-in-the-middle/index.js:101:39) {
2025-04-14 09:43:41:   code: 'MODULE_NOT_FOUND',
2025-04-14 09:43:41:   requireStack: [
2025-04-14 09:43:41:     '/repo/nodejs/demo-app/tracing.js',
2025-04-14 09:43:41:     '/repo/nodejs/demo-app/app.js'
2025-04-14 09:43:41:   ]
2025-04-14 09:43:41: }
2025-04-14 09:43:41: Error: Cannot find module '@opentelemetry/resources/build/src/resource'
2025-04-14 09:43:41: Require stack:
2025-04-14 09:43:41: - /repo/nodejs/demo-app/tracing.js
2025-04-14 09:43:41: - /repo/nodejs/demo-app/app.js
2025-04-14 09:43:41:     at Module._resolveFilename (node:internal/modules/cjs/loader:1140:15)
2025-04-14 09:43:41:     at Hook._require.Module.require (/nix/store/shfv23xyd45wxv8w4ax04abmvmf1m78w-pm2-5.4.2/lib/node_modules/pm2/node_modules/require-in-the-middle/index.js:81:25)
2025-04-14 09:43:41:     at require (node:internal/modules/helpers:177:18)
2025-04-14 09:43:41:     at Object.<anonymous> (/repo/nodejs/demo-app/tracing.js:9:22)
2025-04-14 09:43:41:     at Module._compile (node:internal/modules/cjs/loader:1364:14)
2025-04-14 09:43:41:     at Module._extensions..js (node:internal/modules/cjs/loader:1422:10)
2025-04-14 09:43:41:     at Module.load (node:internal/modules/cjs/loader:1203:32)
2025-04-14 09:43:41:     at Module._load (node:internal/modules/cjs/loader:1019:12)
2025-04-14 09:43:41:     at Module.require (node:internal/modules/cjs/loader:1231:19)
2025-04-14 09:43:41:     at Hook._require.Module.require (/nix/store/shfv23xyd45wxv8w4ax04abmvmf1m78w-pm2-5.4.2/lib/node_modules/pm2/node_modules/require-in-the-middle/index.js:101:39) {
2025-04-14 09:43:41:   code: 'MODULE_NOT_FOUND',
2025-04-14 09:43:41:   requireStack: [
2025-04-14 09:43:41:     '/repo/nodejs/demo-app/tracing.js',
2025-04-14 09:43:41:     '/repo/nodejs/demo-app/app.js'
2025-04-14 09:43:41:   ]
2025-04-14 09:43:41: }
2025-04-14 09:43:41: Error: Cannot find module '@opentelemetry/resources/build/src/resource'
2025-04-14 09:43:41: Require stack:
2025-04-14 09:43:41: - /repo/nodejs/demo-app/tracing.js
2025-04-14 09:43:41: - /repo/nodejs/demo-app/app.js
2025-04-14 09:43:41:     at Module._resolveFilename (node:internal/modules/cjs/loader:1140:15)
2025-04-14 09:43:41:     at Hook._require.Module.require (/nix/store/shfv23xyd45wxv8w4ax04abmvmf1m78w-pm2-5.4.2/lib/node_modules/pm2/node_modules/require-in-the-middle/index.js:81:25)
2025-04-14 09:43:41:     at require (node:internal/modules/helpers:177:18)
2025-04-14 09:43:41:     at Object.<anonymous> (/repo/nodejs/demo-app/tracing.js:9:22)
2025-04-14 09:43:41:     at Module._compile (node:internal/modules/cjs/loader:1364:14)
2025-04-14 09:43:41:     at Module._extensions..js (node:internal/modules/cjs/loader:1422:10)
2025-04-14 09:43:41:     at Module.load (node:internal/modules/cjs/loader:1203:32)
2025-04-14 09:43:41:     at Module._load (node:internal/modules/cjs/loader:1019:12)
2025-04-14 09:43:41:     at Module.require (node:internal/modules/cjs/loader:1231:19)
2025-04-14 09:43:41:     at Hook._require.Module.require (/nix/store/shfv23xyd45wxv8w4ax04abmvmf1m78w-pm2-5.4.2/lib/node_modules/pm2/node_modules/require-in-the-middle/index.js:101:39) {
2025-04-14 09:43:41:   code: 'MODULE_NOT_FOUND',
2025-04-14 09:43:41:   requireStack: [
2025-04-14 09:43:41:     '/repo/nodejs/demo-app/tracing.js',
2025-04-14 09:43:41:     '/repo/nodejs/demo-app/app.js'
2025-04-14 09:43:41:   ]
2025-04-14 09:43:41: }
2025-04-14 09:43:41: Error: Cannot find module '@opentelemetry/resources/build/src/resource'
2025-04-14 09:43:41: Require stack:
2025-04-14 09:43:41: - /repo/nodejs/demo-app/tracing.js
2025-04-14 09:43:41: - /repo/nodejs/demo-app/app.js
2025-04-14 09:43:41:     at Module._resolveFilename (node:internal/modules/cjs/loader:1140:15)
2025-04-14 09:43:41:     at Hook._require.Module.require (/nix/store/shfv23xyd45wxv8w4ax04abmvmf1m78w-pm2-5.4.2/lib/node_modules/pm2/node_modules/require-in-the-middle/index.js:81:25)
2025-04-14 09:43:41:     at require (node:internal/modules/helpers:177:18)
2025-04-14 09:43:41:     at Object.<anonymous> (/repo/nodejs/demo-app/tracing.js:9:22)
2025-04-14 09:43:41:     at Module._compile (node:internal/modules/cjs/loader:1364:14)
2025-04-14 09:43:41:     at Module._extensions..js (node:internal/modules/cjs/loader:1422:10)
2025-04-14 09:43:41:     at Module.load (node:internal/modules/cjs/loader:1203:32)
2025-04-14 09:43:41:     at Module._load (node:internal/modules/cjs/loader:1019:12)
2025-04-14 09:43:41:     at Module.require (node:internal/modules/cjs/loader:1231:19)
2025-04-14 09:43:41:     at Hook._require.Module.require (/nix/store/shfv23xyd45wxv8w4ax04abmvmf1m78w-pm2-5.4.2/lib/node_modules/pm2/node_modules/require-in-the-middle/index.js:101:39) {
2025-04-14 09:43:41:   code: 'MODULE_NOT_FOUND',
2025-04-14 09:43:41:   requireStack: [
2025-04-14 09:43:41:     '/repo/nodejs/demo-app/tracing.js',
2025-04-14 09:43:41:     '/repo/nodejs/demo-app/app.js'
2025-04-14 09:43:41:   ]
2025-04-14 09:43:41: }
2025-04-14 09:43:41: Error: Cannot find module '@opentelemetry/resources/build/src/resource'
2025-04-14 09:43:41: Require stack:
2025-04-14 09:43:41: - /repo/nodejs/demo-app/tracing.js
2025-04-14 09:43:41: - /repo/nodejs/demo-app/app.js
2025-04-14 09:43:41:     at Module._resolveFilename (node:internal/modules/cjs/loader:1140:15)
2025-04-14 09:43:41:     at Hook._require.Module.require (/nix/store/shfv23xyd45wxv8w4ax04abmvmf1m78w-pm2-5.4.2/lib/node_modules/pm2/node_modules/require-in-the-middle/index.js:81:25)
2025-04-14 09:43:41:     at require (node:internal/modules/helpers:177:18)
2025-04-14 09:43:41:     at Object.<anonymous> (/repo/nodejs/demo-app/tracing.js:9:22)
2025-04-14 09:43:41:     at Module._compile (node:internal/modules/cjs/loader:1364:14)
2025-04-14 09:43:41:     at Module._extensions..js (node:internal/modules/cjs/loader:1422:10)
2025-04-14 09:43:41:     at Module.load (node:internal/modules/cjs/loader:1203:32)
2025-04-14 09:43:41:     at Module._load (node:internal/modules/cjs/loader:1019:12)
2025-04-14 09:43:41:     at Module.require (node:internal/modules/cjs/loader:1231:19)
2025-04-14 09:43:41:     at Hook._require.Module.require (/nix/store/shfv23xyd45wxv8w4ax04abmvmf1m78w-pm2-5.4.2/lib/node_modules/pm2/node_modules/require-in-the-middle/index.js:101:39) {
2025-04-14 09:43:41:   code: 'MODULE_NOT_FOUND',
2025-04-14 09:43:41:   requireStack: [
2025-04-14 09:43:41:     '/repo/nodejs/demo-app/tracing.js',
2025-04-14 09:43:41:     '/repo/nodejs/demo-app/app.js'
2025-04-14 09:43:41:   ]
2025-04-14 09:43:41: }
2025-04-14 09:43:42: Error: Cannot find module '@opentelemetry/resources/build/src/resource'
2025-04-14 09:43:42: Require stack:
2025-04-14 09:43:42: - /repo/nodejs/demo-app/tracing.js
2025-04-14 09:43:42: - /repo/nodejs/demo-app/app.js
2025-04-14 09:43:42:     at Module._resolveFilename (node:internal/modules/cjs/loader:1140:15)
2025-04-14 09:43:42:     at Hook._require.Module.require (/nix/store/shfv23xyd45wxv8w4ax04abmvmf1m78w-pm2-5.4.2/lib/node_modules/pm2/node_modules/require-in-the-middle/index.js:81:25)
2025-04-14 09:43:42:     at require (node:internal/modules/helpers:177:18)
2025-04-14 09:43:42:     at Object.<anonymous> (/repo/nodejs/demo-app/tracing.js:9:22)
2025-04-14 09:43:42:     at Module._compile (node:internal/modules/cjs/loader:1364:14)
2025-04-14 09:43:42:     at Module._extensions..js (node:internal/modules/cjs/loader:1422:10)
2025-04-14 09:43:42:     at Module.load (node:internal/modules/cjs/loader:1203:32)
2025-04-14 09:43:42:     at Module._load (node:internal/modules/cjs/loader:1019:12)
2025-04-14 09:43:42:     at Module.require (node:internal/modules/cjs/loader:1231:19)
2025-04-14 09:43:42:     at Hook._require.Module.require (/nix/store/shfv23xyd45wxv8w4ax04abmvmf1m78w-pm2-5.4.2/lib/node_modules/pm2/node_modules/require-in-the-middle/index.js:101:39) {
2025-04-14 09:43:42:   code: 'MODULE_NOT_FOUND',
2025-04-14 09:43:42:   requireStack: [
2025-04-14 09:43:42:     '/repo/nodejs/demo-app/tracing.js',
2025-04-14 09:43:42:     '/repo/nodejs/demo-app/app.js'
2025-04-14 09:43:42:   ]
2025-04-14 09:43:42: }
2025-04-14 09:43:42: Error: Cannot find module '@opentelemetry/resources/build/src/resource'
2025-04-14 09:43:42: Require stack:
2025-04-14 09:43:42: - /repo/nodejs/demo-app/tracing.js
2025-04-14 09:43:42: - /repo/nodejs/demo-app/app.js
2025-04-14 09:43:42:     at Module._resolveFilename (node:internal/modules/cjs/loader:1140:15)
2025-04-14 09:43:42:     at Hook._require.Module.require (/nix/store/shfv23xyd45wxv8w4ax04abmvmf1m78w-pm2-5.4.2/lib/node_modules/pm2/node_modules/require-in-the-middle/index.js:81:25)
2025-04-14 09:43:42:     at require (node:internal/modules/helpers:177:18)
2025-04-14 09:43:42:     at Object.<anonymous> (/repo/nodejs/demo-app/tracing.js:9:22)
2025-04-14 09:43:42:     at Module._compile (node:internal/modules/cjs/loader:1364:14)
2025-04-14 09:43:42:     at Module._extensions..js (node:internal/modules/cjs/loader:1422:10)
2025-04-14 09:43:42:     at Module.load (node:internal/modules/cjs/loader:1203:32)
2025-04-14 09:43:42:     at Module._load (node:internal/modules/cjs/loader:1019:12)
2025-04-14 09:43:42:     at Module.require (node:internal/modules/cjs/loader:1231:19)
2025-04-14 09:43:42:     at Hook._require.Module.require (/nix/store/shfv23xyd45wxv8w4ax04abmvmf1m78w-pm2-5.4.2/lib/node_modules/pm2/node_modules/require-in-the-middle/index.js:101:39) {
2025-04-14 09:43:42:   code: 'MODULE_NOT_FOUND',
2025-04-14 09:43:42:   requireStack: [
2025-04-14 09:43:42:     '/repo/nodejs/demo-app/tracing.js',
2025-04-14 09:43:42:     '/repo/nodejs/demo-app/app.js'
2025-04-14 09:43:42:   ]
2025-04-14 09:43:42: }
2025-04-14 09:43:42: Error: Cannot find module '@opentelemetry/resources/build/src/resource'
2025-04-14 09:43:42: Require stack:
2025-04-14 09:43:42: - /repo/nodejs/demo-app/tracing.js
2025-04-14 09:43:42: - /repo/nodejs/demo-app/app.js
2025-04-14 09:43:42:     at Module._resolveFilename (node:internal/modules/cjs/loader:1140:15)
2025-04-14 09:43:42:     at Hook._require.Module.require (/nix/store/shfv23xyd45wxv8w4ax04abmvmf1m78w-pm2-5.4.2/lib/node_modules/pm2/node_modules/require-in-the-middle/index.js:81:25)
2025-04-14 09:43:42:     at require (node:internal/modules/helpers:177:18)
2025-04-14 09:43:42:     at Object.<anonymous> (/repo/nodejs/demo-app/tracing.js:9:22)
2025-04-14 09:43:42:     at Module._compile (node:internal/modules/cjs/loader:1364:14)
2025-04-14 09:43:42:     at Module._extensions..js (node:internal/modules/cjs/loader:1422:10)
2025-04-14 09:43:42:     at Module.load (node:internal/modules/cjs/loader:1203:32)
2025-04-14 09:43:42:     at Module._load (node:internal/modules/cjs/loader:1019:12)
2025-04-14 09:43:42:     at Module.require (node:internal/modules/cjs/loader:1231:19)
2025-04-14 09:43:42:     at Hook._require.Module.require (/nix/store/shfv23xyd45wxv8w4ax04abmvmf1m78w-pm2-5.4.2/lib/node_modules/pm2/node_modules/require-in-the-middle/index.js:101:39) {
2025-04-14 09:43:42:   code: 'MODULE_NOT_FOUND',
2025-04-14 09:43:42:   requireStack: [
2025-04-14 09:43:42:     '/repo/nodejs/demo-app/tracing.js',
2025-04-14 09:43:42:     '/repo/nodejs/demo-app/app.js'
2025-04-14 09:43:42:   ]
2025-04-14 09:43:42: }
2025-04-14 09:43:43: Error: Cannot find module '@opentelemetry/resources/build/src/resource'
2025-04-14 09:43:43: Require stack:
2025-04-14 09:43:43: - /repo/nodejs/demo-app/tracing.js
2025-04-14 09:43:43: - /repo/nodejs/demo-app/app.js
2025-04-14 09:43:43:     at Module._resolveFilename (node:internal/modules/cjs/loader:1140:15)
2025-04-14 09:43:43:     at Hook._require.Module.require (/nix/store/shfv23xyd45wxv8w4ax04abmvmf1m78w-pm2-5.4.2/lib/node_modules/pm2/node_modules/require-in-the-middle/index.js:81:25)
2025-04-14 09:43:43:     at require (node:internal/modules/helpers:177:18)
2025-04-14 09:43:43:     at Object.<anonymous> (/repo/nodejs/demo-app/tracing.js:9:22)
2025-04-14 09:43:43:     at Module._compile (node:internal/modules/cjs/loader:1364:14)
2025-04-14 09:43:43:     at Module._extensions..js (node:internal/modules/cjs/loader:1422:10)
2025-04-14 09:43:43:     at Module.load (node:internal/modules/cjs/loader:1203:32)
2025-04-14 09:43:43:     at Module._load (node:internal/modules/cjs/loader:1019:12)
2025-04-14 09:43:43:     at Module.require (node:internal/modules/cjs/loader:1231:19)
2025-04-14 09:43:43:     at Hook._require.Module.require (/nix/store/shfv23xyd45wxv8w4ax04abmvmf1m78w-pm2-5.4.2/lib/node_modules/pm2/node_modules/require-in-the-middle/index.js:101:39) {
2025-04-14 09:43:43:   code: 'MODULE_NOT_FOUND',
2025-04-14 09:43:43:   requireStack: [
2025-04-14 09:43:43:     '/repo/nodejs/demo-app/tracing.js',
2025-04-14 09:43:43:     '/repo/nodejs/demo-app/app.js'
2025-04-14 09:43:43:   ]
2025-04-14 09:43:43: }
2025-04-14 09:43:43: Error: Cannot find module '@opentelemetry/resources/build/src/resource'
2025-04-14 09:43:43: Require stack:
2025-04-14 09:43:43: - /repo/nodejs/demo-app/tracing.js
2025-04-14 09:43:43: - /repo/nodejs/demo-app/app.js
2025-04-14 09:43:43:     at Module._resolveFilename (node:internal/modules/cjs/loader:1140:15)
2025-04-14 09:43:43:     at Hook._require.Module.require (/nix/store/shfv23xyd45wxv8w4ax04abmvmf1m78w-pm2-5.4.2/lib/node_modules/pm2/node_modules/require-in-the-middle/index.js:81:25)
2025-04-14 09:43:43:     at require (node:internal/modules/helpers:177:18)
2025-04-14 09:43:43:     at Object.<anonymous> (/repo/nodejs/demo-app/tracing.js:9:22)
2025-04-14 09:43:43:     at Module._compile (node:internal/modules/cjs/loader:1364:14)
2025-04-14 09:43:43:     at Module._extensions..js (node:internal/modules/cjs/loader:1422:10)
2025-04-14 09:43:43:     at Module.load (node:internal/modules/cjs/loader:1203:32)
2025-04-14 09:43:43:     at Module._load (node:internal/modules/cjs/loader:1019:12)
2025-04-14 09:43:43:     at Module.require (node:internal/modules/cjs/loader:1231:19)
2025-04-14 09:43:43:     at Hook._require.Module.require (/nix/store/shfv23xyd45wxv8w4ax04abmvmf1m78w-pm2-5.4.2/lib/node_modules/pm2/node_modules/require-in-the-middle/index.js:101:39) {
2025-04-14 09:43:43:   code: 'MODULE_NOT_FOUND',
2025-04-14 09:43:43:   requireStack: [
2025-04-14 09:43:43:     '/repo/nodejs/demo-app/tracing.js',
2025-04-14 09:43:43:     '/repo/nodejs/demo-app/app.js'
2025-04-14 09:43:43:   ]
2025-04-14 09:43:43: }
2025-04-14 09:43:43: Error: Cannot find module '@opentelemetry/resources/build/src/resource'
2025-04-14 09:43:43: Require stack:
2025-04-14 09:43:43: - /repo/nodejs/demo-app/tracing.js
2025-04-14 09:43:43: - /repo/nodejs/demo-app/app.js
2025-04-14 09:43:43:     at Module._resolveFilename (node:internal/modules/cjs/loader:1140:15)
2025-04-14 09:43:43:     at Hook._require.Module.require (/nix/store/shfv23xyd45wxv8w4ax04abmvmf1m78w-pm2-5.4.2/lib/node_modules/pm2/node_modules/require-in-the-middle/index.js:81:25)
2025-04-14 09:43:43:     at require (node:internal/modules/helpers:177:18)
2025-04-14 09:43:43:     at Object.<anonymous> (/repo/nodejs/demo-app/tracing.js:9:22)
2025-04-14 09:43:43:     at Module._compile (node:internal/modules/cjs/loader:1364:14)
2025-04-14 09:43:43:     at Module._extensions..js (node:internal/modules/cjs/loader:1422:10)
2025-04-14 09:43:43:     at Module.load (node:internal/modules/cjs/loader:1203:32)
2025-04-14 09:43:43:     at Module._load (node:internal/modules/cjs/loader:1019:12)
2025-04-14 09:43:43:     at Module.require (node:internal/modules/cjs/loader:1231:19)
2025-04-14 09:43:43:     at Hook._require.Module.require (/nix/store/shfv23xyd45wxv8w4ax04abmvmf1m78w-pm2-5.4.2/lib/node_modules/pm2/node_modules/require-in-the-middle/index.js:101:39) {
2025-04-14 09:43:43:   code: 'MODULE_NOT_FOUND',
2025-04-14 09:43:43:   requireStack: [
2025-04-14 09:43:43:     '/repo/nodejs/demo-app/tracing.js',
2025-04-14 09:43:43:     '/repo/nodejs/demo-app/app.js'
2025-04-14 09:43:43:   ]
2025-04-14 09:43:43: }
2025-04-14 09:43:43: Error: Cannot find module '@opentelemetry/resources/build/src/resource'
2025-04-14 09:43:43: Require stack:
2025-04-14 09:43:43: - /repo/nodejs/demo-app/tracing.js
2025-04-14 09:43:43: - /repo/nodejs/demo-app/app.js
2025-04-14 09:43:43:     at Module._resolveFilename (node:internal/modules/cjs/loader:1140:15)
2025-04-14 09:43:43:     at Hook._require.Module.require (/nix/store/shfv23xyd45wxv8w4ax04abmvmf1m78w-pm2-5.4.2/lib/node_modules/pm2/node_modules/require-in-the-middle/index.js:81:25)
2025-04-14 09:43:43:     at require (node:internal/modules/helpers:177:18)
2025-04-14 09:43:43:     at Object.<anonymous> (/repo/nodejs/demo-app/tracing.js:9:22)
2025-04-14 09:43:43:     at Module._compile (node:internal/modules/cjs/loader:1364:14)
2025-04-14 09:43:43:     at Module._extensions..js (node:internal/modules/cjs/loader:1422:10)
2025-04-14 09:43:43:     at Module.load (node:internal/modules/cjs/loader:1203:32)
2025-04-14 09:43:43:     at Module._load (node:internal/modules/cjs/loader:1019:12)
2025-04-14 09:43:43:     at Module.require (node:internal/modules/cjs/loader:1231:19)
2025-04-14 09:43:43:     at Hook._require.Module.require (/nix/store/shfv23xyd45wxv8w4ax04abmvmf1m78w-pm2-5.4.2/lib/node_modules/pm2/node_modules/require-in-the-middle/index.js:101:39) {
2025-04-14 09:43:43:   code: 'MODULE_NOT_FOUND',
2025-04-14 09:43:43:   requireStack: [
2025-04-14 09:43:43:     '/repo/nodejs/demo-app/tracing.js',
2025-04-14 09:43:43:     '/repo/nodejs/demo-app/app.js'
2025-04-14 09:43:43:   ]
2025-04-14 09:43:43: }
2025-04-14 09:43:43: Error: Cannot find module '@opentelemetry/resources/build/src/resource'
2025-04-14 09:43:43: Require stack:
2025-04-14 09:43:43: - /repo/nodejs/demo-app/tracing.js
2025-04-14 09:43:43: - /repo/nodejs/demo-app/app.js
2025-04-14 09:43:43:     at Module._resolveFilename (node:internal/modules/cjs/loader:1140:15)
2025-04-14 09:43:43:     at Hook._require.Module.require (/nix/store/shfv23xyd45wxv8w4ax04abmvmf1m78w-pm2-5.4.2/lib/node_modules/pm2/node_modules/require-in-the-middle/index.js:81:25)
2025-04-14 09:43:43:     at require (node:internal/modules/helpers:177:18)
2025-04-14 09:43:43:     at Object.<anonymous> (/repo/nodejs/demo-app/tracing.js:9:22)
2025-04-14 09:43:43:     at Module._compile (node:internal/modules/cjs/loader:1364:14)
2025-04-14 09:43:43:     at Module._extensions..js (node:internal/modules/cjs/loader:1422:10)
2025-04-14 09:43:43:     at Module.load (node:internal/modules/cjs/loader:1203:32)
2025-04-14 09:43:43:     at Module._load (node:internal/modules/cjs/loader:1019:12)
2025-04-14 09:43:43:     at Module.require (node:internal/modules/cjs/loader:1231:19)
2025-04-14 09:43:43:     at Hook._require.Module.require (/nix/store/shfv23xyd45wxv8w4ax04abmvmf1m78w-pm2-5.4.2/lib/node_modules/pm2/node_modules/require-in-the-middle/index.js:101:39) {
2025-04-14 09:43:43:   code: 'MODULE_NOT_FOUND',
2025-04-14 09:43:43:   requireStack: [
2025-04-14 09:43:43:     '/repo/nodejs/demo-app/tracing.js',
2025-04-14 09:43:43:     '/repo/nodejs/demo-app/app.js'
2025-04-14 09:43:43:   ]
2025-04-14 09:43:43: }
2025-04-14 09:43:44: Error: Cannot find module '@opentelemetry/resources/build/src/resource'
2025-04-14 09:43:44: Require stack:
2025-04-14 09:43:44: - /repo/nodejs/demo-app/tracing.js
2025-04-14 09:43:44: - /repo/nodejs/demo-app/app.js
2025-04-14 09:43:44:     at Module._resolveFilename (node:internal/modules/cjs/loader:1140:15)
2025-04-14 09:43:44:     at Hook._require.Module.require (/nix/store/shfv23xyd45wxv8w4ax04abmvmf1m78w-pm2-5.4.2/lib/node_modules/pm2/node_modules/require-in-the-middle/index.js:81:25)
2025-04-14 09:43:44:     at require (node:internal/modules/helpers:177:18)
2025-04-14 09:43:44:     at Object.<anonymous> (/repo/nodejs/demo-app/tracing.js:9:22)
2025-04-14 09:43:44:     at Module._compile (node:internal/modules/cjs/loader:1364:14)
2025-04-14 09:43:44:     at Module._extensions..js (node:internal/modules/cjs/loader:1422:10)
2025-04-14 09:43:44:     at Module.load (node:internal/modules/cjs/loader:1203:32)
2025-04-14 09:43:44:     at Module._load (node:internal/modules/cjs/loader:1019:12)
2025-04-14 09:43:44:     at Module.require (node:internal/modules/cjs/loader:1231:19)
2025-04-14 09:43:44:     at Hook._require.Module.require (/nix/store/shfv23xyd45wxv8w4ax04abmvmf1m78w-pm2-5.4.2/lib/node_modules/pm2/node_modules/require-in-the-middle/index.js:101:39) {
2025-04-14 09:43:44:   code: 'MODULE_NOT_FOUND',
2025-04-14 09:43:44:   requireStack: [
2025-04-14 09:43:44:     '/repo/nodejs/demo-app/tracing.js',
2025-04-14 09:43:44:     '/repo/nodejs/demo-app/app.js'
2025-04-14 09:43:44:   ]
2025-04-14 09:43:44: }
2025-04-14 09:43:44: Error: Cannot find module '@opentelemetry/resources/build/src/resource'
2025-04-14 09:43:44: Require stack:
2025-04-14 09:43:44: - /repo/nodejs/demo-app/tracing.js
2025-04-14 09:43:44: - /repo/nodejs/demo-app/app.js
2025-04-14 09:43:44:     at Module._resolveFilename (node:internal/modules/cjs/loader:1140:15)
2025-04-14 09:43:44:     at Hook._require.Module.require (/nix/store/shfv23xyd45wxv8w4ax04abmvmf1m78w-pm2-5.4.2/lib/node_modules/pm2/node_modules/require-in-the-middle/index.js:81:25)
2025-04-14 09:43:44:     at require (node:internal/modules/helpers:177:18)
2025-04-14 09:43:44:     at Object.<anonymous> (/repo/nodejs/demo-app/tracing.js:9:22)
2025-04-14 09:43:44:     at Module._compile (node:internal/modules/cjs/loader:1364:14)
2025-04-14 09:43:44:     at Module._extensions..js (node:internal/modules/cjs/loader:1422:10)
2025-04-14 09:43:44:     at Module.load (node:internal/modules/cjs/loader:1203:32)
2025-04-14 09:43:44:     at Module._load (node:internal/modules/cjs/loader:1019:12)
2025-04-14 09:43:44:     at Module.require (node:internal/modules/cjs/loader:1231:19)
2025-04-14 09:43:44:     at Hook._require.Module.require (/nix/store/shfv23xyd45wxv8w4ax04abmvmf1m78w-pm2-5.4.2/lib/node_modules/pm2/node_modules/require-in-the-middle/index.js:101:39) {
2025-04-14 09:43:44:   code: 'MODULE_NOT_FOUND',
2025-04-14 09:43:44:   requireStack: [
2025-04-14 09:43:44:     '/repo/nodejs/demo-app/tracing.js',
2025-04-14 09:43:44:     '/repo/nodejs/demo-app/app.js'
2025-04-14 09:43:44:   ]
2025-04-14 09:43:44: }
2025-04-14 09:43:44: Error: Cannot find module '@opentelemetry/resources/build/src/resource'
2025-04-14 09:43:44: Require stack:
2025-04-14 09:43:44: - /repo/nodejs/demo-app/tracing.js
2025-04-14 09:43:44: - /repo/nodejs/demo-app/app.js
2025-04-14 09:43:44:     at Module._resolveFilename (node:internal/modules/cjs/loader:1140:15)
2025-04-14 09:43:44:     at Hook._require.Module.require (/nix/store/shfv23xyd45wxv8w4ax04abmvmf1m78w-pm2-5.4.2/lib/node_modules/pm2/node_modules/require-in-the-middle/index.js:81:25)
2025-04-14 09:43:44:     at require (node:internal/modules/helpers:177:18)
2025-04-14 09:43:44:     at Object.<anonymous> (/repo/nodejs/demo-app/tracing.js:9:22)
2025-04-14 09:43:44:     at Module._compile (node:internal/modules/cjs/loader:1364:14)
2025-04-14 09:43:44:     at Module._extensions..js (node:internal/modules/cjs/loader:1422:10)
2025-04-14 09:43:44:     at Module.load (node:internal/modules/cjs/loader:1203:32)
2025-04-14 09:43:44:     at Module._load (node:internal/modules/cjs/loader:1019:12)
2025-04-14 09:43:44:     at Module.require (node:internal/modules/cjs/loader:1231:19)
2025-04-14 09:43:44:     at Hook._require.Module.require (/nix/store/shfv23xyd45wxv8w4ax04abmvmf1m78w-pm2-5.4.2/lib/node_modules/pm2/node_modules/require-in-the-middle/index.js:101:39) {
2025-04-14 09:43:44:   code: 'MODULE_NOT_FOUND',
2025-04-14 09:43:44:   requireStack: [
2025-04-14 09:43:44:     '/repo/nodejs/demo-app/tracing.js',
2025-04-14 09:43:44:     '/repo/nodejs/demo-app/app.js'
2025-04-14 09:43:44:   ]
2025-04-14 09:43:44: }
2025-04-14 09:43:58: Error: Cannot find module '@opentelemetry/resources/build/src/resource'
2025-04-14 09:43:58: Require stack:
2025-04-14 09:43:58: - /repo/nodejs/demo-app/tracing.js
2025-04-14 09:43:58: - /repo/nodejs/demo-app/app.js
2025-04-14 09:43:58:     at Module._resolveFilename (node:internal/modules/cjs/loader:1140:15)
2025-04-14 09:43:58:     at Hook._require.Module.require (/nix/store/shfv23xyd45wxv8w4ax04abmvmf1m78w-pm2-5.4.2/lib/node_modules/pm2/node_modules/require-in-the-middle/index.js:81:25)
2025-04-14 09:43:58:     at require (node:internal/modules/helpers:177:18)
2025-04-14 09:43:58:     at Object.<anonymous> (/repo/nodejs/demo-app/tracing.js:9:22)
2025-04-14 09:43:58:     at Module._compile (node:internal/modules/cjs/loader:1364:14)
2025-04-14 09:43:58:     at Module._extensions..js (node:internal/modules/cjs/loader:1422:10)
2025-04-14 09:43:58:     at Module.load (node:internal/modules/cjs/loader:1203:32)
2025-04-14 09:43:58:     at Module._load (node:internal/modules/cjs/loader:1019:12)
2025-04-14 09:43:58:     at Module.require (node:internal/modules/cjs/loader:1231:19)
2025-04-14 09:43:58:     at Hook._require.Module.require (/nix/store/shfv23xyd45wxv8w4ax04abmvmf1m78w-pm2-5.4.2/lib/node_modules/pm2/node_modules/require-in-the-middle/index.js:101:39) {
2025-04-14 09:43:58:   code: 'MODULE_NOT_FOUND',
2025-04-14 09:43:58:   requireStack: [
2025-04-14 09:43:58:     '/repo/nodejs/demo-app/tracing.js',
2025-04-14 09:43:58:     '/repo/nodejs/demo-app/app.js'
2025-04-14 09:43:58:   ]
2025-04-14 09:43:58: }
2025-04-14 09:43:58: Error: Cannot find module '@opentelemetry/resources/build/src/resource'
2025-04-14 09:43:58: Require stack:
2025-04-14 09:43:58: - /repo/nodejs/demo-app/tracing.js
2025-04-14 09:43:58: - /repo/nodejs/demo-app/app.js
2025-04-14 09:43:58:     at Module._resolveFilename (node:internal/modules/cjs/loader:1140:15)
2025-04-14 09:43:58:     at Hook._require.Module.require (/nix/store/shfv23xyd45wxv8w4ax04abmvmf1m78w-pm2-5.4.2/lib/node_modules/pm2/node_modules/require-in-the-middle/index.js:81:25)
2025-04-14 09:43:58:     at require (node:internal/modules/helpers:177:18)
2025-04-14 09:43:58:     at Object.<anonymous> (/repo/nodejs/demo-app/tracing.js:9:22)
2025-04-14 09:43:58:     at Module._compile (node:internal/modules/cjs/loader:1364:14)
2025-04-14 09:43:58:     at Module._extensions..js (node:internal/modules/cjs/loader:1422:10)
2025-04-14 09:43:58:     at Module.load (node:internal/modules/cjs/loader:1203:32)
2025-04-14 09:43:58:     at Module._load (node:internal/modules/cjs/loader:1019:12)
2025-04-14 09:43:58:     at Module.require (node:internal/modules/cjs/loader:1231:19)
2025-04-14 09:43:58:     at Hook._require.Module.require (/nix/store/shfv23xyd45wxv8w4ax04abmvmf1m78w-pm2-5.4.2/lib/node_modules/pm2/node_modules/require-in-the-middle/index.js:101:39) {
2025-04-14 09:43:58:   code: 'MODULE_NOT_FOUND',
2025-04-14 09:43:58:   requireStack: [
2025-04-14 09:43:58:     '/repo/nodejs/demo-app/tracing.js',
2025-04-14 09:43:58:     '/repo/nodejs/demo-app/app.js'
2025-04-14 09:43:58:   ]
2025-04-14 09:43:58: }
2025-04-14 09:43:59: Error: Cannot find module '@opentelemetry/resources/build/src/resource'
2025-04-14 09:43:59: Require stack:
2025-04-14 09:43:59: - /repo/nodejs/demo-app/tracing.js
2025-04-14 09:43:59: - /repo/nodejs/demo-app/app.js
2025-04-14 09:43:59:     at Module._resolveFilename (node:internal/modules/cjs/loader:1140:15)
2025-04-14 09:43:59:     at Hook._require.Module.require (/nix/store/shfv23xyd45wxv8w4ax04abmvmf1m78w-pm2-5.4.2/lib/node_modules/pm2/node_modules/require-in-the-middle/index.js:81:25)
2025-04-14 09:43:59:     at require (node:internal/modules/helpers:177:18)
2025-04-14 09:43:59:     at Object.<anonymous> (/repo/nodejs/demo-app/tracing.js:9:22)
2025-04-14 09:43:59:     at Module._compile (node:internal/modules/cjs/loader:1364:14)
2025-04-14 09:43:59:     at Module._extensions..js (node:internal/modules/cjs/loader:1422:10)
2025-04-14 09:43:59:     at Module.load (node:internal/modules/cjs/loader:1203:32)
2025-04-14 09:43:59:     at Module._load (node:internal/modules/cjs/loader:1019:12)
2025-04-14 09:43:59:     at Module.require (node:internal/modules/cjs/loader:1231:19)
2025-04-14 09:43:59:     at Hook._require.Module.require (/nix/store/shfv23xyd45wxv8w4ax04abmvmf1m78w-pm2-5.4.2/lib/node_modules/pm2/node_modules/require-in-the-middle/index.js:101:39) {
2025-04-14 09:43:59:   code: 'MODULE_NOT_FOUND',
2025-04-14 09:43:59:   requireStack: [
2025-04-14 09:43:59:     '/repo/nodejs/demo-app/tracing.js',
2025-04-14 09:43:59:     '/repo/nodejs/demo-app/app.js'
2025-04-14 09:43:59:   ]
2025-04-14 09:43:59: }
2025-04-14 09:43:59: Error: Cannot find module '@opentelemetry/resources/build/src/resource'
2025-04-14 09:43:59: Require stack:
2025-04-14 09:43:59: - /repo/nodejs/demo-app/tracing.js
2025-04-14 09:43:59: - /repo/nodejs/demo-app/app.js
2025-04-14 09:43:59:     at Module._resolveFilename (node:internal/modules/cjs/loader:1140:15)
2025-04-14 09:43:59:     at Hook._require.Module.require (/nix/store/shfv23xyd45wxv8w4ax04abmvmf1m78w-pm2-5.4.2/lib/node_modules/pm2/node_modules/require-in-the-middle/index.js:81:25)
2025-04-14 09:43:59:     at require (node:internal/modules/helpers:177:18)
2025-04-14 09:43:59:     at Object.<anonymous> (/repo/nodejs/demo-app/tracing.js:9:22)
2025-04-14 09:43:59:     at Module._compile (node:internal/modules/cjs/loader:1364:14)
2025-04-14 09:43:59:     at Module._extensions..js (node:internal/modules/cjs/loader:1422:10)
2025-04-14 09:43:59:     at Module.load (node:internal/modules/cjs/loader:1203:32)
2025-04-14 09:43:59:     at Module._load (node:internal/modules/cjs/loader:1019:12)
2025-04-14 09:43:59:     at Module.require (node:internal/modules/cjs/loader:1231:19)
2025-04-14 09:43:59:     at Hook._require.Module.require (/nix/store/shfv23xyd45wxv8w4ax04abmvmf1m78w-pm2-5.4.2/lib/node_modules/pm2/node_modules/require-in-the-middle/index.js:101:39) {
2025-04-14 09:43:59:   code: 'MODULE_NOT_FOUND',
2025-04-14 09:43:59:   requireStack: [
2025-04-14 09:43:59:     '/repo/nodejs/demo-app/tracing.js',
2025-04-14 09:43:59:     '/repo/nodejs/demo-app/app.js'
2025-04-14 09:43:59:   ]
2025-04-14 09:43:59: }
2025-04-14 09:44:00: Error: Cannot find module '@opentelemetry/resources/build/src/resource'
2025-04-14 09:44:00: Require stack:
2025-04-14 09:44:00: - /repo/nodejs/demo-app/tracing.js
2025-04-14 09:44:00: - /repo/nodejs/demo-app/app.js
2025-04-14 09:44:00:     at Module._resolveFilename (node:internal/modules/cjs/loader:1140:15)
2025-04-14 09:44:00:     at Hook._require.Module.require (/nix/store/shfv23xyd45wxv8w4ax04abmvmf1m78w-pm2-5.4.2/lib/node_modules/pm2/node_modules/require-in-the-middle/index.js:81:25)
2025-04-14 09:44:00:     at require (node:internal/modules/helpers:177:18)
2025-04-14 09:44:00:     at Object.<anonymous> (/repo/nodejs/demo-app/tracing.js:9:22)
2025-04-14 09:44:00:     at Module._compile (node:internal/modules/cjs/loader:1364:14)
2025-04-14 09:44:00:     at Module._extensions..js (node:internal/modules/cjs/loader:1422:10)
2025-04-14 09:44:00:     at Module.load (node:internal/modules/cjs/loader:1203:32)
2025-04-14 09:44:00:     at Module._load (node:internal/modules/cjs/loader:1019:12)
2025-04-14 09:44:00:     at Module.require (node:internal/modules/cjs/loader:1231:19)
2025-04-14 09:44:00:     at Hook._require.Module.require (/nix/store/shfv23xyd45wxv8w4ax04abmvmf1m78w-pm2-5.4.2/lib/node_modules/pm2/node_modules/require-in-the-middle/index.js:101:39) {
2025-04-14 09:44:00:   code: 'MODULE_NOT_FOUND',
2025-04-14 09:44:00:   requireStack: [
2025-04-14 09:44:00:     '/repo/nodejs/demo-app/tracing.js',
2025-04-14 09:44:00:     '/repo/nodejs/demo-app/app.js'
2025-04-14 09:44:00:   ]
2025-04-14 09:44:00: }
2025-04-14 09:44:00: Error: Cannot find module '@opentelemetry/resources/build/src/resource'
2025-04-14 09:44:00: Require stack:
2025-04-14 09:44:00: - /repo/nodejs/demo-app/tracing.js
2025-04-14 09:44:00: - /repo/nodejs/demo-app/app.js
2025-04-14 09:44:00:     at Module._resolveFilename (node:internal/modules/cjs/loader:1140:15)
2025-04-14 09:44:00:     at Hook._require.Module.require (/nix/store/shfv23xyd45wxv8w4ax04abmvmf1m78w-pm2-5.4.2/lib/node_modules/pm2/node_modules/require-in-the-middle/index.js:81:25)
2025-04-14 09:44:00:     at require (node:internal/modules/helpers:177:18)
2025-04-14 09:44:00:     at Object.<anonymous> (/repo/nodejs/demo-app/tracing.js:9:22)
2025-04-14 09:44:00:     at Module._compile (node:internal/modules/cjs/loader:1364:14)
2025-04-14 09:44:00:     at Module._extensions..js (node:internal/modules/cjs/loader:1422:10)
2025-04-14 09:44:00:     at Module.load (node:internal/modules/cjs/loader:1203:32)
2025-04-14 09:44:00:     at Module._load (node:internal/modules/cjs/loader:1019:12)
2025-04-14 09:44:00:     at Module.require (node:internal/modules/cjs/loader:1231:19)
2025-04-14 09:44:00:     at Hook._require.Module.require (/nix/store/shfv23xyd45wxv8w4ax04abmvmf1m78w-pm2-5.4.2/lib/node_modules/pm2/node_modules/require-in-the-middle/index.js:101:39) {
2025-04-14 09:44:00:   code: 'MODULE_NOT_FOUND',
2025-04-14 09:44:00:   requireStack: [
2025-04-14 09:44:00:     '/repo/nodejs/demo-app/tracing.js',
2025-04-14 09:44:00:     '/repo/nodejs/demo-app/app.js'
2025-04-14 09:44:00:   ]
2025-04-14 09:44:00: }
2025-04-14 09:44:01: Error: Cannot find module '@opentelemetry/resources/build/src/resource'
2025-04-14 09:44:01: Require stack:
2025-04-14 09:44:01: - /repo/nodejs/demo-app/tracing.js
2025-04-14 09:44:01: - /repo/nodejs/demo-app/app.js
2025-04-14 09:44:01:     at Module._resolveFilename (node:internal/modules/cjs/loader:1140:15)
2025-04-14 09:44:01:     at Hook._require.Module.require (/nix/store/shfv23xyd45wxv8w4ax04abmvmf1m78w-pm2-5.4.2/lib/node_modules/pm2/node_modules/require-in-the-middle/index.js:81:25)
2025-04-14 09:44:01:     at require (node:internal/modules/helpers:177:18)
2025-04-14 09:44:01:     at Object.<anonymous> (/repo/nodejs/demo-app/tracing.js:9:22)
2025-04-14 09:44:01:     at Module._compile (node:internal/modules/cjs/loader:1364:14)
2025-04-14 09:44:01:     at Module._extensions..js (node:internal/modules/cjs/loader:1422:10)
2025-04-14 09:44:01:     at Module.load (node:internal/modules/cjs/loader:1203:32)
2025-04-14 09:44:01:     at Module._load (node:internal/modules/cjs/loader:1019:12)
2025-04-14 09:44:01:     at Module.require (node:internal/modules/cjs/loader:1231:19)
2025-04-14 09:44:01:     at Hook._require.Module.require (/nix/store/shfv23xyd45wxv8w4ax04abmvmf1m78w-pm2-5.4.2/lib/node_modules/pm2/node_modules/require-in-the-middle/index.js:101:39) {
2025-04-14 09:44:01:   code: 'MODULE_NOT_FOUND',
2025-04-14 09:44:01:   requireStack: [
2025-04-14 09:44:01:     '/repo/nodejs/demo-app/tracing.js',
2025-04-14 09:44:01:     '/repo/nodejs/demo-app/app.js'
2025-04-14 09:44:01:   ]
2025-04-14 09:44:01: }
2025-04-14 09:44:01: Error: Cannot find module '@opentelemetry/resources/build/src/resource'
2025-04-14 09:44:01: Require stack:
2025-04-14 09:44:01: - /repo/nodejs/demo-app/tracing.js
2025-04-14 09:44:01: - /repo/nodejs/demo-app/app.js
2025-04-14 09:44:01:     at Module._resolveFilename (node:internal/modules/cjs/loader:1140:15)
2025-04-14 09:44:01:     at Hook._require.Module.require (/nix/store/shfv23xyd45wxv8w4ax04abmvmf1m78w-pm2-5.4.2/lib/node_modules/pm2/node_modules/require-in-the-middle/index.js:81:25)
2025-04-14 09:44:01:     at require (node:internal/modules/helpers:177:18)
2025-04-14 09:44:01:     at Object.<anonymous> (/repo/nodejs/demo-app/tracing.js:9:22)
2025-04-14 09:44:01:     at Module._compile (node:internal/modules/cjs/loader:1364:14)
2025-04-14 09:44:01:     at Module._extensions..js (node:internal/modules/cjs/loader:1422:10)
2025-04-14 09:44:01:     at Module.load (node:internal/modules/cjs/loader:1203:32)
2025-04-14 09:44:01:     at Module._load (node:internal/modules/cjs/loader:1019:12)
2025-04-14 09:44:01:     at Module.require (node:internal/modules/cjs/loader:1231:19)
2025-04-14 09:44:01:     at Hook._require.Module.require (/nix/store/shfv23xyd45wxv8w4ax04abmvmf1m78w-pm2-5.4.2/lib/node_modules/pm2/node_modules/require-in-the-middle/index.js:101:39) {
2025-04-14 09:44:01:   code: 'MODULE_NOT_FOUND',
2025-04-14 09:44:01:   requireStack: [
2025-04-14 09:44:01:     '/repo/nodejs/demo-app/tracing.js',
2025-04-14 09:44:01:     '/repo/nodejs/demo-app/app.js'
2025-04-14 09:44:01:   ]
2025-04-14 09:44:01: }
2025-04-14 09:44:02: Error: Cannot find module '@opentelemetry/resources/build/src/resource'
2025-04-14 09:44:02: Require stack:
2025-04-14 09:44:02: - /repo/nodejs/demo-app/tracing.js
2025-04-14 09:44:02: - /repo/nodejs/demo-app/app.js
2025-04-14 09:44:02:     at Module._resolveFilename (node:internal/modules/cjs/loader:1140:15)
2025-04-14 09:44:02:     at Hook._require.Module.require (/nix/store/shfv23xyd45wxv8w4ax04abmvmf1m78w-pm2-5.4.2/lib/node_modules/pm2/node_modules/require-in-the-middle/index.js:81:25)
2025-04-14 09:44:02:     at require (node:internal/modules/helpers:177:18)
2025-04-14 09:44:02:     at Object.<anonymous> (/repo/nodejs/demo-app/tracing.js:9:22)
2025-04-14 09:44:02:     at Module._compile (node:internal/modules/cjs/loader:1364:14)
2025-04-14 09:44:02:     at Module._extensions..js (node:internal/modules/cjs/loader:1422:10)
2025-04-14 09:44:02:     at Module.load (node:internal/modules/cjs/loader:1203:32)
2025-04-14 09:44:02:     at Module._load (node:internal/modules/cjs/loader:1019:12)
2025-04-14 09:44:02:     at Module.require (node:internal/modules/cjs/loader:1231:19)
2025-04-14 09:44:02:     at Hook._require.Module.require (/nix/store/shfv23xyd45wxv8w4ax04abmvmf1m78w-pm2-5.4.2/lib/node_modules/pm2/node_modules/require-in-the-middle/index.js:101:39) {
2025-04-14 09:44:02:   code: 'MODULE_NOT_FOUND',
2025-04-14 09:44:02:   requireStack: [
2025-04-14 09:44:02:     '/repo/nodejs/demo-app/tracing.js',
2025-04-14 09:44:02:     '/repo/nodejs/demo-app/app.js'
2025-04-14 09:44:02:   ]
2025-04-14 09:44:02: }
2025-04-14 09:44:02: Error: Cannot find module '@opentelemetry/resources/build/src/resource'
2025-04-14 09:44:02: Require stack:
2025-04-14 09:44:02: - /repo/nodejs/demo-app/tracing.js
2025-04-14 09:44:02: - /repo/nodejs/demo-app/app.js
2025-04-14 09:44:02:     at Module._resolveFilename (node:internal/modules/cjs/loader:1140:15)
2025-04-14 09:44:02:     at Hook._require.Module.require (/nix/store/shfv23xyd45wxv8w4ax04abmvmf1m78w-pm2-5.4.2/lib/node_modules/pm2/node_modules/require-in-the-middle/index.js:81:25)
2025-04-14 09:44:02:     at require (node:internal/modules/helpers:177:18)
2025-04-14 09:44:02:     at Object.<anonymous> (/repo/nodejs/demo-app/tracing.js:9:22)
2025-04-14 09:44:02:     at Module._compile (node:internal/modules/cjs/loader:1364:14)
2025-04-14 09:44:02:     at Module._extensions..js (node:internal/modules/cjs/loader:1422:10)
2025-04-14 09:44:02:     at Module.load (node:internal/modules/cjs/loader:1203:32)
2025-04-14 09:44:02:     at Module._load (node:internal/modules/cjs/loader:1019:12)
2025-04-14 09:44:02:     at Module.require (node:internal/modules/cjs/loader:1231:19)
2025-04-14 09:44:02:     at Hook._require.Module.require (/nix/store/shfv23xyd45wxv8w4ax04abmvmf1m78w-pm2-5.4.2/lib/node_modules/pm2/node_modules/require-in-the-middle/index.js:101:39) {
2025-04-14 09:44:02:   code: 'MODULE_NOT_FOUND',
2025-04-14 09:44:02:   requireStack: [
2025-04-14 09:44:02:     '/repo/nodejs/demo-app/tracing.js',
2025-04-14 09:44:02:     '/repo/nodejs/demo-app/app.js'
2025-04-14 09:44:02:   ]
2025-04-14 09:44:02: }
2025-04-14 09:44:03: Error: Cannot find module '@opentelemetry/resources/build/src/resource'
2025-04-14 09:44:03: Require stack:
2025-04-14 09:44:03: - /repo/nodejs/demo-app/tracing.js
2025-04-14 09:44:03: - /repo/nodejs/demo-app/app.js
2025-04-14 09:44:03:     at Module._resolveFilename (node:internal/modules/cjs/loader:1140:15)
2025-04-14 09:44:03:     at Hook._require.Module.require (/nix/store/shfv23xyd45wxv8w4ax04abmvmf1m78w-pm2-5.4.2/lib/node_modules/pm2/node_modules/require-in-the-middle/index.js:81:25)
2025-04-14 09:44:03:     at require (node:internal/modules/helpers:177:18)
2025-04-14 09:44:03:     at Object.<anonymous> (/repo/nodejs/demo-app/tracing.js:9:22)
2025-04-14 09:44:03:     at Module._compile (node:internal/modules/cjs/loader:1364:14)
2025-04-14 09:44:03:     at Module._extensions..js (node:internal/modules/cjs/loader:1422:10)
2025-04-14 09:44:03:     at Module.load (node:internal/modules/cjs/loader:1203:32)
2025-04-14 09:44:03:     at Module._load (node:internal/modules/cjs/loader:1019:12)
2025-04-14 09:44:03:     at Module.require (node:internal/modules/cjs/loader:1231:19)
2025-04-14 09:44:03:     at Hook._require.Module.require (/nix/store/shfv23xyd45wxv8w4ax04abmvmf1m78w-pm2-5.4.2/lib/node_modules/pm2/node_modules/require-in-the-middle/index.js:101:39) {
2025-04-14 09:44:03:   code: 'MODULE_NOT_FOUND',
2025-04-14 09:44:03:   requireStack: [
2025-04-14 09:44:03:     '/repo/nodejs/demo-app/tracing.js',
2025-04-14 09:44:03:     '/repo/nodejs/demo-app/app.js'
2025-04-14 09:44:03:   ]
2025-04-14 09:44:03: }
2025-04-14 09:44:04: Error: Cannot find module '@opentelemetry/resources/build/src/resource'
2025-04-14 09:44:04: Require stack:
2025-04-14 09:44:04: - /repo/nodejs/demo-app/tracing.js
2025-04-14 09:44:04: - /repo/nodejs/demo-app/app.js
2025-04-14 09:44:04:     at Module._resolveFilename (node:internal/modules/cjs/loader:1140:15)
2025-04-14 09:44:04:     at Hook._require.Module.require (/nix/store/shfv23xyd45wxv8w4ax04abmvmf1m78w-pm2-5.4.2/lib/node_modules/pm2/node_modules/require-in-the-middle/index.js:81:25)
2025-04-14 09:44:04:     at require (node:internal/modules/helpers:177:18)
2025-04-14 09:44:04:     at Object.<anonymous> (/repo/nodejs/demo-app/tracing.js:9:22)
2025-04-14 09:44:04:     at Module._compile (node:internal/modules/cjs/loader:1364:14)
2025-04-14 09:44:04:     at Module._extensions..js (node:internal/modules/cjs/loader:1422:10)
2025-04-14 09:44:04:     at Module.load (node:internal/modules/cjs/loader:1203:32)
2025-04-14 09:44:04:     at Module._load (node:internal/modules/cjs/loader:1019:12)
2025-04-14 09:44:04:     at Module.require (node:internal/modules/cjs/loader:1231:19)
2025-04-14 09:44:04:     at Hook._require.Module.require (/nix/store/shfv23xyd45wxv8w4ax04abmvmf1m78w-pm2-5.4.2/lib/node_modules/pm2/node_modules/require-in-the-middle/index.js:101:39) {
2025-04-14 09:44:04:   code: 'MODULE_NOT_FOUND',
2025-04-14 09:44:04:   requireStack: [
2025-04-14 09:44:04:     '/repo/nodejs/demo-app/tracing.js',
2025-04-14 09:44:04:     '/repo/nodejs/demo-app/app.js'
2025-04-14 09:44:04:   ]
2025-04-14 09:44:04: }
2025-04-14 09:44:04: Error: Cannot find module '@opentelemetry/resources/build/src/resource'
2025-04-14 09:44:04: Require stack:
2025-04-14 09:44:04: - /repo/nodejs/demo-app/tracing.js
2025-04-14 09:44:04: - /repo/nodejs/demo-app/app.js
2025-04-14 09:44:04:     at Module._resolveFilename (node:internal/modules/cjs/loader:1140:15)
2025-04-14 09:44:04:     at Hook._require.Module.require (/nix/store/shfv23xyd45wxv8w4ax04abmvmf1m78w-pm2-5.4.2/lib/node_modules/pm2/node_modules/require-in-the-middle/index.js:81:25)
2025-04-14 09:44:04:     at require (node:internal/modules/helpers:177:18)
2025-04-14 09:44:04:     at Object.<anonymous> (/repo/nodejs/demo-app/tracing.js:9:22)
2025-04-14 09:44:04:     at Module._compile (node:internal/modules/cjs/loader:1364:14)
2025-04-14 09:44:04:     at Module._extensions..js (node:internal/modules/cjs/loader:1422:10)
2025-04-14 09:44:04:     at Module.load (node:internal/modules/cjs/loader:1203:32)
2025-04-14 09:44:04:     at Module._load (node:internal/modules/cjs/loader:1019:12)
2025-04-14 09:44:04:     at Module.require (node:internal/modules/cjs/loader:1231:19)
2025-04-14 09:44:04:     at Hook._require.Module.require (/nix/store/shfv23xyd45wxv8w4ax04abmvmf1m78w-pm2-5.4.2/lib/node_modules/pm2/node_modules/require-in-the-middle/index.js:101:39) {
2025-04-14 09:44:04:   code: 'MODULE_NOT_FOUND',
2025-04-14 09:44:04:   requireStack: [
2025-04-14 09:44:04:     '/repo/nodejs/demo-app/tracing.js',
2025-04-14 09:44:04:     '/repo/nodejs/demo-app/app.js'
2025-04-14 09:44:04:   ]
2025-04-14 09:44:04: }
2025-04-14 09:44:05: Error: Cannot find module '@opentelemetry/resources/build/src/resource'
2025-04-14 09:44:05: Require stack:
2025-04-14 09:44:05: - /repo/nodejs/demo-app/tracing.js
2025-04-14 09:44:05: - /repo/nodejs/demo-app/app.js
2025-04-14 09:44:05:     at Module._resolveFilename (node:internal/modules/cjs/loader:1140:15)
2025-04-14 09:44:05:     at Hook._require.Module.require (/nix/store/shfv23xyd45wxv8w4ax04abmvmf1m78w-pm2-5.4.2/lib/node_modules/pm2/node_modules/require-in-the-middle/index.js:81:25)
2025-04-14 09:44:05:     at require (node:internal/modules/helpers:177:18)
2025-04-14 09:44:05:     at Object.<anonymous> (/repo/nodejs/demo-app/tracing.js:9:22)
2025-04-14 09:44:05:     at Module._compile (node:internal/modules/cjs/loader:1364:14)
2025-04-14 09:44:05:     at Module._extensions..js (node:internal/modules/cjs/loader:1422:10)
2025-04-14 09:44:05:     at Module.load (node:internal/modules/cjs/loader:1203:32)
2025-04-14 09:44:05:     at Module._load (node:internal/modules/cjs/loader:1019:12)
2025-04-14 09:44:05:     at Module.require (node:internal/modules/cjs/loader:1231:19)
2025-04-14 09:44:05:     at Hook._require.Module.require (/nix/store/shfv23xyd45wxv8w4ax04abmvmf1m78w-pm2-5.4.2/lib/node_modules/pm2/node_modules/require-in-the-middle/index.js:101:39) {
2025-04-14 09:44:05:   code: 'MODULE_NOT_FOUND',
2025-04-14 09:44:05:   requireStack: [
2025-04-14 09:44:05:     '/repo/nodejs/demo-app/tracing.js',
2025-04-14 09:44:05:     '/repo/nodejs/demo-app/app.js'
2025-04-14 09:44:05:   ]
2025-04-14 09:44:05: }
2025-04-14 09:44:05: Error: Cannot find module '@opentelemetry/resources/build/src/resource'
2025-04-14 09:44:05: Require stack:
2025-04-14 09:44:05: - /repo/nodejs/demo-app/tracing.js
2025-04-14 09:44:05: - /repo/nodejs/demo-app/app.js
2025-04-14 09:44:05:     at Module._resolveFilename (node:internal/modules/cjs/loader:1140:15)
2025-04-14 09:44:05:     at Hook._require.Module.require (/nix/store/shfv23xyd45wxv8w4ax04abmvmf1m78w-pm2-5.4.2/lib/node_modules/pm2/node_modules/require-in-the-middle/index.js:81:25)
2025-04-14 09:44:05:     at require (node:internal/modules/helpers:177:18)
2025-04-14 09:44:05:     at Object.<anonymous> (/repo/nodejs/demo-app/tracing.js:9:22)
2025-04-14 09:44:05:     at Module._compile (node:internal/modules/cjs/loader:1364:14)
2025-04-14 09:44:05:     at Module._extensions..js (node:internal/modules/cjs/loader:1422:10)
2025-04-14 09:44:05:     at Module.load (node:internal/modules/cjs/loader:1203:32)
2025-04-14 09:44:05:     at Module._load (node:internal/modules/cjs/loader:1019:12)
2025-04-14 09:44:05:     at Module.require (node:internal/modules/cjs/loader:1231:19)
2025-04-14 09:44:05:     at Hook._require.Module.require (/nix/store/shfv23xyd45wxv8w4ax04abmvmf1m78w-pm2-5.4.2/lib/node_modules/pm2/node_modules/require-in-the-middle/index.js:101:39) {
2025-04-14 09:44:05:   code: 'MODULE_NOT_FOUND',
2025-04-14 09:44:05:   requireStack: [
2025-04-14 09:44:05:     '/repo/nodejs/demo-app/tracing.js',
2025-04-14 09:44:05:     '/repo/nodejs/demo-app/app.js'
2025-04-14 09:44:05:   ]
2025-04-14 09:44:05: }
2025-04-14 09:44:06: Error: Cannot find module '@opentelemetry/resources/build/src/resource'
2025-04-14 09:44:06: Require stack:
2025-04-14 09:44:06: - /repo/nodejs/demo-app/tracing.js
2025-04-14 09:44:06: - /repo/nodejs/demo-app/app.js
2025-04-14 09:44:06:     at Module._resolveFilename (node:internal/modules/cjs/loader:1140:15)
2025-04-14 09:44:06:     at Hook._require.Module.require (/nix/store/shfv23xyd45wxv8w4ax04abmvmf1m78w-pm2-5.4.2/lib/node_modules/pm2/node_modules/require-in-the-middle/index.js:81:25)
2025-04-14 09:44:06:     at require (node:internal/modules/helpers:177:18)
2025-04-14 09:44:06:     at Object.<anonymous> (/repo/nodejs/demo-app/tracing.js:9:22)
2025-04-14 09:44:06:     at Module._compile (node:internal/modules/cjs/loader:1364:14)
2025-04-14 09:44:06:     at Module._extensions..js (node:internal/modules/cjs/loader:1422:10)
2025-04-14 09:44:06:     at Module.load (node:internal/modules/cjs/loader:1203:32)
2025-04-14 09:44:06:     at Module._load (node:internal/modules/cjs/loader:1019:12)
2025-04-14 09:44:06:     at Module.require (node:internal/modules/cjs/loader:1231:19)
2025-04-14 09:44:06:     at Hook._require.Module.require (/nix/store/shfv23xyd45wxv8w4ax04abmvmf1m78w-pm2-5.4.2/lib/node_modules/pm2/node_modules/require-in-the-middle/index.js:101:39) {
2025-04-14 09:44:06:   code: 'MODULE_NOT_FOUND',
2025-04-14 09:44:06:   requireStack: [
2025-04-14 09:44:06:     '/repo/nodejs/demo-app/tracing.js',
2025-04-14 09:44:06:     '/repo/nodejs/demo-app/app.js'
2025-04-14 09:44:06:   ]
2025-04-14 09:44:06: }
2025-04-14 09:46:13: TypeError: detectResourcesSync is not a function
2025-04-14 09:46:13:     at Object.<anonymous> (/repo/nodejs/demo-app/tracing.js:11:26)
2025-04-14 09:46:13:     at Module._compile (node:internal/modules/cjs/loader:1364:14)
2025-04-14 09:46:13:     at Module._extensions..js (node:internal/modules/cjs/loader:1422:10)
2025-04-14 09:46:13:     at Module.load (node:internal/modules/cjs/loader:1203:32)
2025-04-14 09:46:13:     at Module._load (node:internal/modules/cjs/loader:1019:12)
2025-04-14 09:46:13:     at Module.require (node:internal/modules/cjs/loader:1231:19)
2025-04-14 09:46:13:     at Hook._require.Module.require (/nix/store/shfv23xyd45wxv8w4ax04abmvmf1m78w-pm2-5.4.2/lib/node_modules/pm2/node_modules/require-in-the-middle/index.js:101:39)
2025-04-14 09:46:13:     at require (node:internal/modules/helpers:177:18)
2025-04-14 09:46:13:     at Object.<anonymous> (/repo/nodejs/demo-app/app.js:2:1)
2025-04-14 09:46:13:     at Module._compile (node:internal/modules/cjs/loader:1364:14)
2025-04-14 09:46:13: TypeError: detectResourcesSync is not a function
2025-04-14 09:46:13:     at Object.<anonymous> (/repo/nodejs/demo-app/tracing.js:11:26)
2025-04-14 09:46:13:     at Module._compile (node:internal/modules/cjs/loader:1364:14)
2025-04-14 09:46:13:     at Module._extensions..js (node:internal/modules/cjs/loader:1422:10)
2025-04-14 09:46:13:     at Module.load (node:internal/modules/cjs/loader:1203:32)
2025-04-14 09:46:13:     at Module._load (node:internal/modules/cjs/loader:1019:12)
2025-04-14 09:46:13:     at Module.require (node:internal/modules/cjs/loader:1231:19)
2025-04-14 09:46:13:     at Hook._require.Module.require (/nix/store/shfv23xyd45wxv8w4ax04abmvmf1m78w-pm2-5.4.2/lib/node_modules/pm2/node_modules/require-in-the-middle/index.js:101:39)
2025-04-14 09:46:13:     at require (node:internal/modules/helpers:177:18)
2025-04-14 09:46:13:     at Object.<anonymous> (/repo/nodejs/demo-app/app.js:2:1)
2025-04-14 09:46:13:     at Module._compile (node:internal/modules/cjs/loader:1364:14)
2025-04-14 09:46:13: TypeError: detectResourcesSync is not a function
2025-04-14 09:46:13:     at Object.<anonymous> (/repo/nodejs/demo-app/tracing.js:11:26)
2025-04-14 09:46:13:     at Module._compile (node:internal/modules/cjs/loader:1364:14)
2025-04-14 09:46:13:     at Module._extensions..js (node:internal/modules/cjs/loader:1422:10)
2025-04-14 09:46:13:     at Module.load (node:internal/modules/cjs/loader:1203:32)
2025-04-14 09:46:13:     at Module._load (node:internal/modules/cjs/loader:1019:12)
2025-04-14 09:46:13:     at Module.require (node:internal/modules/cjs/loader:1231:19)
2025-04-14 09:46:13:     at Hook._require.Module.require (/nix/store/shfv23xyd45wxv8w4ax04abmvmf1m78w-pm2-5.4.2/lib/node_modules/pm2/node_modules/require-in-the-middle/index.js:101:39)
2025-04-14 09:46:13:     at require (node:internal/modules/helpers:177:18)
2025-04-14 09:46:13:     at Object.<anonymous> (/repo/nodejs/demo-app/app.js:2:1)
2025-04-14 09:46:13:     at Module._compile (node:internal/modules/cjs/loader:1364:14)
2025-04-14 09:46:14: TypeError: detectResourcesSync is not a function
2025-04-14 09:46:14:     at Object.<anonymous> (/repo/nodejs/demo-app/tracing.js:11:26)
2025-04-14 09:46:14:     at Module._compile (node:internal/modules/cjs/loader:1364:14)
2025-04-14 09:46:14:     at Module._extensions..js (node:internal/modules/cjs/loader:1422:10)
2025-04-14 09:46:14:     at Module.load (node:internal/modules/cjs/loader:1203:32)
2025-04-14 09:46:14:     at Module._load (node:internal/modules/cjs/loader:1019:12)
2025-04-14 09:46:14:     at Module.require (node:internal/modules/cjs/loader:1231:19)
2025-04-14 09:46:14:     at Hook._require.Module.require (/nix/store/shfv23xyd45wxv8w4ax04abmvmf1m78w-pm2-5.4.2/lib/node_modules/pm2/node_modules/require-in-the-middle/index.js:101:39)
2025-04-14 09:46:14:     at require (node:internal/modules/helpers:177:18)
2025-04-14 09:46:14:     at Object.<anonymous> (/repo/nodejs/demo-app/app.js:2:1)
2025-04-14 09:46:14:     at Module._compile (node:internal/modules/cjs/loader:1364:14)
2025-04-14 09:46:14: TypeError: detectResourcesSync is not a function
2025-04-14 09:46:14:     at Object.<anonymous> (/repo/nodejs/demo-app/tracing.js:11:26)
2025-04-14 09:46:14:     at Module._compile (node:internal/modules/cjs/loader:1364:14)
2025-04-14 09:46:14:     at Module._extensions..js (node:internal/modules/cjs/loader:1422:10)
2025-04-14 09:46:14:     at Module.load (node:internal/modules/cjs/loader:1203:32)
2025-04-14 09:46:14:     at Module._load (node:internal/modules/cjs/loader:1019:12)
2025-04-14 09:46:14:     at Module.require (node:internal/modules/cjs/loader:1231:19)
2025-04-14 09:46:14:     at Hook._require.Module.require (/nix/store/shfv23xyd45wxv8w4ax04abmvmf1m78w-pm2-5.4.2/lib/node_modules/pm2/node_modules/require-in-the-middle/index.js:101:39)
2025-04-14 09:46:14:     at require (node:internal/modules/helpers:177:18)
2025-04-14 09:46:14:     at Object.<anonymous> (/repo/nodejs/demo-app/app.js:2:1)
2025-04-14 09:46:14:     at Module._compile (node:internal/modules/cjs/loader:1364:14)
2025-04-14 09:46:14: TypeError: detectResourcesSync is not a function
2025-04-14 09:46:14:     at Object.<anonymous> (/repo/nodejs/demo-app/tracing.js:11:26)
2025-04-14 09:46:14:     at Module._compile (node:internal/modules/cjs/loader:1364:14)
2025-04-14 09:46:14:     at Module._extensions..js (node:internal/modules/cjs/loader:1422:10)
2025-04-14 09:46:14:     at Module.load (node:internal/modules/cjs/loader:1203:32)
2025-04-14 09:46:14:     at Module._load (node:internal/modules/cjs/loader:1019:12)
2025-04-14 09:46:14:     at Module.require (node:internal/modules/cjs/loader:1231:19)
2025-04-14 09:46:14:     at Hook._require.Module.require (/nix/store/shfv23xyd45wxv8w4ax04abmvmf1m78w-pm2-5.4.2/lib/node_modules/pm2/node_modules/require-in-the-middle/index.js:101:39)
2025-04-14 09:46:14:     at require (node:internal/modules/helpers:177:18)
2025-04-14 09:46:14:     at Object.<anonymous> (/repo/nodejs/demo-app/app.js:2:1)
2025-04-14 09:46:14:     at Module._compile (node:internal/modules/cjs/loader:1364:14)
2025-04-14 09:46:14: TypeError: detectResourcesSync is not a function
2025-04-14 09:46:14:     at Object.<anonymous> (/repo/nodejs/demo-app/tracing.js:11:26)
2025-04-14 09:46:14:     at Module._compile (node:internal/modules/cjs/loader:1364:14)
2025-04-14 09:46:14:     at Module._extensions..js (node:internal/modules/cjs/loader:1422:10)
2025-04-14 09:46:14:     at Module.load (node:internal/modules/cjs/loader:1203:32)
2025-04-14 09:46:14:     at Module._load (node:internal/modules/cjs/loader:1019:12)
2025-04-14 09:46:14:     at Module.require (node:internal/modules/cjs/loader:1231:19)
2025-04-14 09:46:14:     at Hook._require.Module.require (/nix/store/shfv23xyd45wxv8w4ax04abmvmf1m78w-pm2-5.4.2/lib/node_modules/pm2/node_modules/require-in-the-middle/index.js:101:39)
2025-04-14 09:46:14:     at require (node:internal/modules/helpers:177:18)
2025-04-14 09:46:14:     at Object.<anonymous> (/repo/nodejs/demo-app/app.js:2:1)
2025-04-14 09:46:14:     at Module._compile (node:internal/modules/cjs/loader:1364:14)
2025-04-14 09:46:14: TypeError: detectResourcesSync is not a function
2025-04-14 09:46:14:     at Object.<anonymous> (/repo/nodejs/demo-app/tracing.js:11:26)
2025-04-14 09:46:14:     at Module._compile (node:internal/modules/cjs/loader:1364:14)
2025-04-14 09:46:14:     at Module._extensions..js (node:internal/modules/cjs/loader:1422:10)
2025-04-14 09:46:14:     at Module.load (node:internal/modules/cjs/loader:1203:32)
2025-04-14 09:46:14:     at Module._load (node:internal/modules/cjs/loader:1019:12)
2025-04-14 09:46:14:     at Module.require (node:internal/modules/cjs/loader:1231:19)
2025-04-14 09:46:14:     at Hook._require.Module.require (/nix/store/shfv23xyd45wxv8w4ax04abmvmf1m78w-pm2-5.4.2/lib/node_modules/pm2/node_modules/require-in-the-middle/index.js:101:39)
2025-04-14 09:46:14:     at require (node:internal/modules/helpers:177:18)
2025-04-14 09:46:14:     at Object.<anonymous> (/repo/nodejs/demo-app/app.js:2:1)
2025-04-14 09:46:14:     at Module._compile (node:internal/modules/cjs/loader:1364:14)
2025-04-14 09:46:14: TypeError: detectResourcesSync is not a function
2025-04-14 09:46:14:     at Object.<anonymous> (/repo/nodejs/demo-app/tracing.js:11:26)
2025-04-14 09:46:14:     at Module._compile (node:internal/modules/cjs/loader:1364:14)
2025-04-14 09:46:14:     at Module._extensions..js (node:internal/modules/cjs/loader:1422:10)
2025-04-14 09:46:14:     at Module.load (node:internal/modules/cjs/loader:1203:32)
2025-04-14 09:46:14:     at Module._load (node:internal/modules/cjs/loader:1019:12)
2025-04-14 09:46:14:     at Module.require (node:internal/modules/cjs/loader:1231:19)
2025-04-14 09:46:14:     at Hook._require.Module.require (/nix/store/shfv23xyd45wxv8w4ax04abmvmf1m78w-pm2-5.4.2/lib/node_modules/pm2/node_modules/require-in-the-middle/index.js:101:39)
2025-04-14 09:46:14:     at require (node:internal/modules/helpers:177:18)
2025-04-14 09:46:14:     at Object.<anonymous> (/repo/nodejs/demo-app/app.js:2:1)
2025-04-14 09:46:14:     at Module._compile (node:internal/modules/cjs/loader:1364:14)
2025-04-14 09:46:14: TypeError: detectResourcesSync is not a function
2025-04-14 09:46:14:     at Object.<anonymous> (/repo/nodejs/demo-app/tracing.js:11:26)
2025-04-14 09:46:14:     at Module._compile (node:internal/modules/cjs/loader:1364:14)
2025-04-14 09:46:14:     at Module._extensions..js (node:internal/modules/cjs/loader:1422:10)
2025-04-14 09:46:14:     at Module.load (node:internal/modules/cjs/loader:1203:32)
2025-04-14 09:46:14:     at Module._load (node:internal/modules/cjs/loader:1019:12)
2025-04-14 09:46:14:     at Module.require (node:internal/modules/cjs/loader:1231:19)
2025-04-14 09:46:14:     at Hook._require.Module.require (/nix/store/shfv23xyd45wxv8w4ax04abmvmf1m78w-pm2-5.4.2/lib/node_modules/pm2/node_modules/require-in-the-middle/index.js:101:39)
2025-04-14 09:46:14:     at require (node:internal/modules/helpers:177:18)
2025-04-14 09:46:14:     at Object.<anonymous> (/repo/nodejs/demo-app/app.js:2:1)
2025-04-14 09:46:14:     at Module._compile (node:internal/modules/cjs/loader:1364:14)
2025-04-14 09:46:14: TypeError: detectResourcesSync is not a function
2025-04-14 09:46:14:     at Object.<anonymous> (/repo/nodejs/demo-app/tracing.js:11:26)
2025-04-14 09:46:14:     at Module._compile (node:internal/modules/cjs/loader:1364:14)
2025-04-14 09:46:14:     at Module._extensions..js (node:internal/modules/cjs/loader:1422:10)
2025-04-14 09:46:14:     at Module.load (node:internal/modules/cjs/loader:1203:32)
2025-04-14 09:46:14:     at Module._load (node:internal/modules/cjs/loader:1019:12)
2025-04-14 09:46:14:     at Module.require (node:internal/modules/cjs/loader:1231:19)
2025-04-14 09:46:14:     at Hook._require.Module.require (/nix/store/shfv23xyd45wxv8w4ax04abmvmf1m78w-pm2-5.4.2/lib/node_modules/pm2/node_modules/require-in-the-middle/index.js:101:39)
2025-04-14 09:46:14:     at require (node:internal/modules/helpers:177:18)
2025-04-14 09:46:14:     at Object.<anonymous> (/repo/nodejs/demo-app/app.js:2:1)
2025-04-14 09:46:14:     at Module._compile (node:internal/modules/cjs/loader:1364:14)
2025-04-14 09:46:14: TypeError: detectResourcesSync is not a function
2025-04-14 09:46:14:     at Object.<anonymous> (/repo/nodejs/demo-app/tracing.js:11:26)
2025-04-14 09:46:14:     at Module._compile (node:internal/modules/cjs/loader:1364:14)
2025-04-14 09:46:14:     at Module._extensions..js (node:internal/modules/cjs/loader:1422:10)
2025-04-14 09:46:14:     at Module.load (node:internal/modules/cjs/loader:1203:32)
2025-04-14 09:46:14:     at Module._load (node:internal/modules/cjs/loader:1019:12)
2025-04-14 09:46:14:     at Module.require (node:internal/modules/cjs/loader:1231:19)
2025-04-14 09:46:14:     at Hook._require.Module.require (/nix/store/shfv23xyd45wxv8w4ax04abmvmf1m78w-pm2-5.4.2/lib/node_modules/pm2/node_modules/require-in-the-middle/index.js:101:39)
2025-04-14 09:46:14:     at require (node:internal/modules/helpers:177:18)
2025-04-14 09:46:14:     at Object.<anonymous> (/repo/nodejs/demo-app/app.js:2:1)
2025-04-14 09:46:14:     at Module._compile (node:internal/modules/cjs/loader:1364:14)
2025-04-14 09:46:15: TypeError: detectResourcesSync is not a function
2025-04-14 09:46:15:     at Object.<anonymous> (/repo/nodejs/demo-app/tracing.js:11:26)
2025-04-14 09:46:15:     at Module._compile (node:internal/modules/cjs/loader:1364:14)
2025-04-14 09:46:15:     at Module._extensions..js (node:internal/modules/cjs/loader:1422:10)
2025-04-14 09:46:15:     at Module.load (node:internal/modules/cjs/loader:1203:32)
2025-04-14 09:46:15:     at Module._load (node:internal/modules/cjs/loader:1019:12)
2025-04-14 09:46:15:     at Module.require (node:internal/modules/cjs/loader:1231:19)
2025-04-14 09:46:15:     at Hook._require.Module.require (/nix/store/shfv23xyd45wxv8w4ax04abmvmf1m78w-pm2-5.4.2/lib/node_modules/pm2/node_modules/require-in-the-middle/index.js:101:39)
2025-04-14 09:46:15:     at require (node:internal/modules/helpers:177:18)
2025-04-14 09:46:15:     at Object.<anonymous> (/repo/nodejs/demo-app/app.js:2:1)
2025-04-14 09:46:15:     at Module._compile (node:internal/modules/cjs/loader:1364:14)
2025-04-14 09:46:15: TypeError: detectResourcesSync is not a function
2025-04-14 09:46:15:     at Object.<anonymous> (/repo/nodejs/demo-app/tracing.js:11:26)
2025-04-14 09:46:15:     at Module._compile (node:internal/modules/cjs/loader:1364:14)
2025-04-14 09:46:15:     at Module._extensions..js (node:internal/modules/cjs/loader:1422:10)
2025-04-14 09:46:15:     at Module.load (node:internal/modules/cjs/loader:1203:32)
2025-04-14 09:46:15:     at Module._load (node:internal/modules/cjs/loader:1019:12)
2025-04-14 09:46:15:     at Module.require (node:internal/modules/cjs/loader:1231:19)
2025-04-14 09:46:15:     at Hook._require.Module.require (/nix/store/shfv23xyd45wxv8w4ax04abmvmf1m78w-pm2-5.4.2/lib/node_modules/pm2/node_modules/require-in-the-middle/index.js:101:39)
2025-04-14 09:46:15:     at require (node:internal/modules/helpers:177:18)
2025-04-14 09:46:15:     at Object.<anonymous> (/repo/nodejs/demo-app/app.js:2:1)
2025-04-14 09:46:15:     at Module._compile (node:internal/modules/cjs/loader:1364:14)
2025-04-14 09:46:15: TypeError: detectResourcesSync is not a function
2025-04-14 09:46:15:     at Object.<anonymous> (/repo/nodejs/demo-app/tracing.js:11:26)
2025-04-14 09:46:15:     at Module._compile (node:internal/modules/cjs/loader:1364:14)
2025-04-14 09:46:15:     at Module._extensions..js (node:internal/modules/cjs/loader:1422:10)
2025-04-14 09:46:15:     at Module.load (node:internal/modules/cjs/loader:1203:32)
2025-04-14 09:46:15:     at Module._load (node:internal/modules/cjs/loader:1019:12)
2025-04-14 09:46:15:     at Module.require (node:internal/modules/cjs/loader:1231:19)
2025-04-14 09:46:15:     at Hook._require.Module.require (/nix/store/shfv23xyd45wxv8w4ax04abmvmf1m78w-pm2-5.4.2/lib/node_modules/pm2/node_modules/require-in-the-middle/index.js:101:39)
2025-04-14 09:46:15:     at require (node:internal/modules/helpers:177:18)
2025-04-14 09:46:15:     at Object.<anonymous> (/repo/nodejs/demo-app/app.js:2:1)
2025-04-14 09:46:15:     at Module._compile (node:internal/modules/cjs/loader:1364:14)
2025-04-14 09:46:15: TypeError: detectResourcesSync is not a function
2025-04-14 09:46:15:     at Object.<anonymous> (/repo/nodejs/demo-app/tracing.js:11:26)
2025-04-14 09:46:15:     at Module._compile (node:internal/modules/cjs/loader:1364:14)
2025-04-14 09:46:15:     at Module._extensions..js (node:internal/modules/cjs/loader:1422:10)
2025-04-14 09:46:15:     at Module.load (node:internal/modules/cjs/loader:1203:32)
2025-04-14 09:46:15:     at Module._load (node:internal/modules/cjs/loader:1019:12)
2025-04-14 09:46:15:     at Module.require (node:internal/modules/cjs/loader:1231:19)
2025-04-14 09:46:15:     at Hook._require.Module.require (/nix/store/shfv23xyd45wxv8w4ax04abmvmf1m78w-pm2-5.4.2/lib/node_modules/pm2/node_modules/require-in-the-middle/index.js:101:39)
2025-04-14 09:46:15:     at require (node:internal/modules/helpers:177:18)
2025-04-14 09:46:15:     at Object.<anonymous> (/repo/nodejs/demo-app/app.js:2:1)
2025-04-14 09:46:15:     at Module._compile (node:internal/modules/cjs/loader:1364:14)
2025-04-14 09:46:15: TypeError: detectResourcesSync is not a function
2025-04-14 09:46:15:     at Object.<anonymous> (/repo/nodejs/demo-app/tracing.js:11:26)
2025-04-14 09:46:15:     at Module._compile (node:internal/modules/cjs/loader:1364:14)
2025-04-14 09:46:15:     at Module._extensions..js (node:internal/modules/cjs/loader:1422:10)
2025-04-14 09:46:15:     at Module.load (node:internal/modules/cjs/loader:1203:32)
2025-04-14 09:46:15:     at Module._load (node:internal/modules/cjs/loader:1019:12)
2025-04-14 09:46:15:     at Module.require (node:internal/modules/cjs/loader:1231:19)
2025-04-14 09:46:15:     at Hook._require.Module.require (/nix/store/shfv23xyd45wxv8w4ax04abmvmf1m78w-pm2-5.4.2/lib/node_modules/pm2/node_modules/require-in-the-middle/index.js:101:39)
2025-04-14 09:46:15:     at require (node:internal/modules/helpers:177:18)
2025-04-14 09:46:15:     at Object.<anonymous> (/repo/nodejs/demo-app/app.js:2:1)
2025-04-14 09:46:15:     at Module._compile (node:internal/modules/cjs/loader:1364:14)
2025-04-14 09:46:16: TypeError: detectResourcesSync is not a function
2025-04-14 09:46:16:     at Object.<anonymous> (/repo/nodejs/demo-app/tracing.js:11:26)
2025-04-14 09:46:16:     at Module._compile (node:internal/modules/cjs/loader:1364:14)
2025-04-14 09:46:16:     at Module._extensions..js (node:internal/modules/cjs/loader:1422:10)
2025-04-14 09:46:16:     at Module.load (node:internal/modules/cjs/loader:1203:32)
2025-04-14 09:46:16:     at Module._load (node:internal/modules/cjs/loader:1019:12)
2025-04-14 09:46:16:     at Module.require (node:internal/modules/cjs/loader:1231:19)
2025-04-14 09:46:16:     at Hook._require.Module.require (/nix/store/shfv23xyd45wxv8w4ax04abmvmf1m78w-pm2-5.4.2/lib/node_modules/pm2/node_modules/require-in-the-middle/index.js:101:39)
2025-04-14 09:46:16:     at require (node:internal/modules/helpers:177:18)
2025-04-14 09:46:16:     at Object.<anonymous> (/repo/nodejs/demo-app/app.js:2:1)
2025-04-14 09:46:16:     at Module._compile (node:internal/modules/cjs/loader:1364:14)
2025-04-14 09:46:16: TypeError: detectResourcesSync is not a function
2025-04-14 09:46:16:     at Object.<anonymous> (/repo/nodejs/demo-app/tracing.js:11:26)
2025-04-14 09:46:16:     at Module._compile (node:internal/modules/cjs/loader:1364:14)
2025-04-14 09:46:16:     at Module._extensions..js (node:internal/modules/cjs/loader:1422:10)
2025-04-14 09:46:16:     at Module.load (node:internal/modules/cjs/loader:1203:32)
2025-04-14 09:46:16:     at Module._load (node:internal/modules/cjs/loader:1019:12)
2025-04-14 09:46:16:     at Module.require (node:internal/modules/cjs/loader:1231:19)
2025-04-14 09:46:16:     at Hook._require.Module.require (/nix/store/shfv23xyd45wxv8w4ax04abmvmf1m78w-pm2-5.4.2/lib/node_modules/pm2/node_modules/require-in-the-middle/index.js:101:39)
2025-04-14 09:46:16:     at require (node:internal/modules/helpers:177:18)
2025-04-14 09:46:16:     at Object.<anonymous> (/repo/nodejs/demo-app/app.js:2:1)
2025-04-14 09:46:16:     at Module._compile (node:internal/modules/cjs/loader:1364:14)
2025-04-14 09:46:16: TypeError: detectResourcesSync is not a function
2025-04-14 09:46:16:     at Object.<anonymous> (/repo/nodejs/demo-app/tracing.js:11:26)
2025-04-14 09:46:16:     at Module._compile (node:internal/modules/cjs/loader:1364:14)
2025-04-14 09:46:16:     at Module._extensions..js (node:internal/modules/cjs/loader:1422:10)
2025-04-14 09:46:16:     at Module.load (node:internal/modules/cjs/loader:1203:32)
2025-04-14 09:46:16:     at Module._load (node:internal/modules/cjs/loader:1019:12)
2025-04-14 09:46:16:     at Module.require (node:internal/modules/cjs/loader:1231:19)
2025-04-14 09:46:16:     at Hook._require.Module.require (/nix/store/shfv23xyd45wxv8w4ax04abmvmf1m78w-pm2-5.4.2/lib/node_modules/pm2/node_modules/require-in-the-middle/index.js:101:39)
2025-04-14 09:46:16:     at require (node:internal/modules/helpers:177:18)
2025-04-14 09:46:16:     at Object.<anonymous> (/repo/nodejs/demo-app/app.js:2:1)
2025-04-14 09:46:16:     at Module._compile (node:internal/modules/cjs/loader:1364:14)
2025-04-14 09:46:16: TypeError: detectResourcesSync is not a function
2025-04-14 09:46:16:     at Object.<anonymous> (/repo/nodejs/demo-app/tracing.js:11:26)
2025-04-14 09:46:16:     at Module._compile (node:internal/modules/cjs/loader:1364:14)
2025-04-14 09:46:16:     at Module._extensions..js (node:internal/modules/cjs/loader:1422:10)
2025-04-14 09:46:16:     at Module.load (node:internal/modules/cjs/loader:1203:32)
2025-04-14 09:46:16:     at Module._load (node:internal/modules/cjs/loader:1019:12)
2025-04-14 09:46:16:     at Module.require (node:internal/modules/cjs/loader:1231:19)
2025-04-14 09:46:16:     at Hook._require.Module.require (/nix/store/shfv23xyd45wxv8w4ax04abmvmf1m78w-pm2-5.4.2/lib/node_modules/pm2/node_modules/require-in-the-middle/index.js:101:39)
2025-04-14 09:46:16:     at require (node:internal/modules/helpers:177:18)
2025-04-14 09:46:16:     at Object.<anonymous> (/repo/nodejs/demo-app/app.js:2:1)
2025-04-14 09:46:16:     at Module._compile (node:internal/modules/cjs/loader:1364:14)
2025-04-14 09:46:16: TypeError: detectResourcesSync is not a function
2025-04-14 09:46:16:     at Object.<anonymous> (/repo/nodejs/demo-app/tracing.js:11:26)
2025-04-14 09:46:16:     at Module._compile (node:internal/modules/cjs/loader:1364:14)
2025-04-14 09:46:16:     at Module._extensions..js (node:internal/modules/cjs/loader:1422:10)
2025-04-14 09:46:16:     at Module.load (node:internal/modules/cjs/loader:1203:32)
2025-04-14 09:46:16:     at Module._load (node:internal/modules/cjs/loader:1019:12)
2025-04-14 09:46:16:     at Module.require (node:internal/modules/cjs/loader:1231:19)
2025-04-14 09:46:16:     at Hook._require.Module.require (/nix/store/shfv23xyd45wxv8w4ax04abmvmf1m78w-pm2-5.4.2/lib/node_modules/pm2/node_modules/require-in-the-middle/index.js:101:39)
2025-04-14 09:46:16:     at require (node:internal/modules/helpers:177:18)
2025-04-14 09:46:16:     at Object.<anonymous> (/repo/nodejs/demo-app/app.js:2:1)
2025-04-14 09:46:16:     at Module._compile (node:internal/modules/cjs/loader:1364:14)
2025-04-14 09:46:16: TypeError: detectResourcesSync is not a function
2025-04-14 09:46:16:     at Object.<anonymous> (/repo/nodejs/demo-app/tracing.js:11:26)
2025-04-14 09:46:16:     at Module._compile (node:internal/modules/cjs/loader:1364:14)
2025-04-14 09:46:16:     at Module._extensions..js (node:internal/modules/cjs/loader:1422:10)
2025-04-14 09:46:16:     at Module.load (node:internal/modules/cjs/loader:1203:32)
2025-04-14 09:46:16:     at Module._load (node:internal/modules/cjs/loader:1019:12)
2025-04-14 09:46:16:     at Module.require (node:internal/modules/cjs/loader:1231:19)
2025-04-14 09:46:16:     at Hook._require.Module.require (/nix/store/shfv23xyd45wxv8w4ax04abmvmf1m78w-pm2-5.4.2/lib/node_modules/pm2/node_modules/require-in-the-middle/index.js:101:39)
2025-04-14 09:46:16:     at require (node:internal/modules/helpers:177:18)
2025-04-14 09:46:16:     at Object.<anonymous> (/repo/nodejs/demo-app/app.js:2:1)
2025-04-14 09:46:16:     at Module._compile (node:internal/modules/cjs/loader:1364:14)
2025-04-14 09:46:16: TypeError: detectResourcesSync is not a function
2025-04-14 09:46:16:     at Object.<anonymous> (/repo/nodejs/demo-app/tracing.js:11:26)
2025-04-14 09:46:16:     at Module._compile (node:internal/modules/cjs/loader:1364:14)
2025-04-14 09:46:16:     at Module._extensions..js (node:internal/modules/cjs/loader:1422:10)
2025-04-14 09:46:16:     at Module.load (node:internal/modules/cjs/loader:1203:32)
2025-04-14 09:46:16:     at Module._load (node:internal/modules/cjs/loader:1019:12)
2025-04-14 09:46:16:     at Module.require (node:internal/modules/cjs/loader:1231:19)
2025-04-14 09:46:16:     at Hook._require.Module.require (/nix/store/shfv23xyd45wxv8w4ax04abmvmf1m78w-pm2-5.4.2/lib/node_modules/pm2/node_modules/require-in-the-middle/index.js:101:39)
2025-04-14 09:46:16:     at require (node:internal/modules/helpers:177:18)
2025-04-14 09:46:16:     at Object.<anonymous> (/repo/nodejs/demo-app/app.js:2:1)
2025-04-14 09:46:16:     at Module._compile (node:internal/modules/cjs/loader:1364:14)
2025-04-14 09:46:16: TypeError: detectResourcesSync is not a function
2025-04-14 09:46:16:     at Object.<anonymous> (/repo/nodejs/demo-app/tracing.js:11:26)
2025-04-14 09:46:16:     at Module._compile (node:internal/modules/cjs/loader:1364:14)
2025-04-14 09:46:16:     at Module._extensions..js (node:internal/modules/cjs/loader:1422:10)
2025-04-14 09:46:16:     at Module.load (node:internal/modules/cjs/loader:1203:32)
2025-04-14 09:46:16:     at Module._load (node:internal/modules/cjs/loader:1019:12)
2025-04-14 09:46:16:     at Module.require (node:internal/modules/cjs/loader:1231:19)
2025-04-14 09:46:16:     at Hook._require.Module.require (/nix/store/shfv23xyd45wxv8w4ax04abmvmf1m78w-pm2-5.4.2/lib/node_modules/pm2/node_modules/require-in-the-middle/index.js:101:39)
2025-04-14 09:46:16:     at require (node:internal/modules/helpers:177:18)
2025-04-14 09:46:16:     at Object.<anonymous> (/repo/nodejs/demo-app/app.js:2:1)
2025-04-14 09:46:16:     at Module._compile (node:internal/modules/cjs/loader:1364:14)
2025-04-14 09:46:17: TypeError: detectResourcesSync is not a function
2025-04-14 09:46:17:     at Object.<anonymous> (/repo/nodejs/demo-app/tracing.js:11:26)
2025-04-14 09:46:17:     at Module._compile (node:internal/modules/cjs/loader:1364:14)
2025-04-14 09:46:17:     at Module._extensions..js (node:internal/modules/cjs/loader:1422:10)
2025-04-14 09:46:17:     at Module.load (node:internal/modules/cjs/loader:1203:32)
2025-04-14 09:46:17:     at Module._load (node:internal/modules/cjs/loader:1019:12)
2025-04-14 09:46:17:     at Module.require (node:internal/modules/cjs/loader:1231:19)
2025-04-14 09:46:17:     at Hook._require.Module.require (/nix/store/shfv23xyd45wxv8w4ax04abmvmf1m78w-pm2-5.4.2/lib/node_modules/pm2/node_modules/require-in-the-middle/index.js:101:39)
2025-04-14 09:46:17:     at require (node:internal/modules/helpers:177:18)
2025-04-14 09:46:17:     at Object.<anonymous> (/repo/nodejs/demo-app/app.js:2:1)
2025-04-14 09:46:17:     at Module._compile (node:internal/modules/cjs/loader:1364:14)
2025-04-14 09:46:17: TypeError: detectResourcesSync is not a function
2025-04-14 09:46:17:     at Object.<anonymous> (/repo/nodejs/demo-app/tracing.js:11:26)
2025-04-14 09:46:17:     at Module._compile (node:internal/modules/cjs/loader:1364:14)
2025-04-14 09:46:17:     at Module._extensions..js (node:internal/modules/cjs/loader:1422:10)
2025-04-14 09:46:17:     at Module.load (node:internal/modules/cjs/loader:1203:32)
2025-04-14 09:46:17:     at Module._load (node:internal/modules/cjs/loader:1019:12)
2025-04-14 09:46:17:     at Module.require (node:internal/modules/cjs/loader:1231:19)
2025-04-14 09:46:17:     at Hook._require.Module.require (/nix/store/shfv23xyd45wxv8w4ax04abmvmf1m78w-pm2-5.4.2/lib/node_modules/pm2/node_modules/require-in-the-middle/index.js:101:39)
2025-04-14 09:46:17:     at require (node:internal/modules/helpers:177:18)
2025-04-14 09:46:17:     at Object.<anonymous> (/repo/nodejs/demo-app/app.js:2:1)
2025-04-14 09:46:17:     at Module._compile (node:internal/modules/cjs/loader:1364:14)
2025-04-14 09:46:17: TypeError: detectResourcesSync is not a function
2025-04-14 09:46:17:     at Object.<anonymous> (/repo/nodejs/demo-app/tracing.js:11:26)
2025-04-14 09:46:17:     at Module._compile (node:internal/modules/cjs/loader:1364:14)
2025-04-14 09:46:17:     at Module._extensions..js (node:internal/modules/cjs/loader:1422:10)
2025-04-14 09:46:17:     at Module.load (node:internal/modules/cjs/loader:1203:32)
2025-04-14 09:46:17:     at Module._load (node:internal/modules/cjs/loader:1019:12)
2025-04-14 09:46:17:     at Module.require (node:internal/modules/cjs/loader:1231:19)
2025-04-14 09:46:17:     at Hook._require.Module.require (/nix/store/shfv23xyd45wxv8w4ax04abmvmf1m78w-pm2-5.4.2/lib/node_modules/pm2/node_modules/require-in-the-middle/index.js:101:39)
2025-04-14 09:46:17:     at require (node:internal/modules/helpers:177:18)
2025-04-14 09:46:17:     at Object.<anonymous> (/repo/nodejs/demo-app/app.js:2:1)
2025-04-14 09:46:17:     at Module._compile (node:internal/modules/cjs/loader:1364:14)
2025-04-14 09:46:17: TypeError: detectResourcesSync is not a function
2025-04-14 09:46:17:     at Object.<anonymous> (/repo/nodejs/demo-app/tracing.js:11:26)
2025-04-14 09:46:17:     at Module._compile (node:internal/modules/cjs/loader:1364:14)
2025-04-14 09:46:17:     at Module._extensions..js (node:internal/modules/cjs/loader:1422:10)
2025-04-14 09:46:17:     at Module.load (node:internal/modules/cjs/loader:1203:32)
2025-04-14 09:46:17:     at Module._load (node:internal/modules/cjs/loader:1019:12)
2025-04-14 09:46:17:     at Module.require (node:internal/modules/cjs/loader:1231:19)
2025-04-14 09:46:17:     at Hook._require.Module.require (/nix/store/shfv23xyd45wxv8w4ax04abmvmf1m78w-pm2-5.4.2/lib/node_modules/pm2/node_modules/require-in-the-middle/index.js:101:39)
2025-04-14 09:46:17:     at require (node:internal/modules/helpers:177:18)
2025-04-14 09:46:17:     at Object.<anonymous> (/repo/nodejs/demo-app/app.js:2:1)
2025-04-14 09:46:17:     at Module._compile (node:internal/modules/cjs/loader:1364:14)
2025-04-14 09:46:17: TypeError: detectResourcesSync is not a function
2025-04-14 09:46:17:     at Object.<anonymous> (/repo/nodejs/demo-app/tracing.js:11:26)
2025-04-14 09:46:17:     at Module._compile (node:internal/modules/cjs/loader:1364:14)
2025-04-14 09:46:17:     at Module._extensions..js (node:internal/modules/cjs/loader:1422:10)
2025-04-14 09:46:17:     at Module.load (node:internal/modules/cjs/loader:1203:32)
2025-04-14 09:46:17:     at Module._load (node:internal/modules/cjs/loader:1019:12)
2025-04-14 09:46:17:     at Module.require (node:internal/modules/cjs/loader:1231:19)
2025-04-14 09:46:17:     at Hook._require.Module.require (/nix/store/shfv23xyd45wxv8w4ax04abmvmf1m78w-pm2-5.4.2/lib/node_modules/pm2/node_modules/require-in-the-middle/index.js:101:39)
2025-04-14 09:46:17:     at require (node:internal/modules/helpers:177:18)
2025-04-14 09:46:17:     at Object.<anonymous> (/repo/nodejs/demo-app/app.js:2:1)
2025-04-14 09:46:17:     at Module._compile (node:internal/modules/cjs/loader:1364:14)
2025-04-14 09:46:17: TypeError: detectResourcesSync is not a function
2025-04-14 09:46:17:     at Object.<anonymous> (/repo/nodejs/demo-app/tracing.js:11:26)
2025-04-14 09:46:17:     at Module._compile (node:internal/modules/cjs/loader:1364:14)
2025-04-14 09:46:17:     at Module._extensions..js (node:internal/modules/cjs/loader:1422:10)
2025-04-14 09:46:17:     at Module.load (node:internal/modules/cjs/loader:1203:32)
2025-04-14 09:46:17:     at Module._load (node:internal/modules/cjs/loader:1019:12)
2025-04-14 09:46:17:     at Module.require (node:internal/modules/cjs/loader:1231:19)
2025-04-14 09:46:17:     at Hook._require.Module.require (/nix/store/shfv23xyd45wxv8w4ax04abmvmf1m78w-pm2-5.4.2/lib/node_modules/pm2/node_modules/require-in-the-middle/index.js:101:39)
2025-04-14 09:46:17:     at require (node:internal/modules/helpers:177:18)
2025-04-14 09:46:17:     at Object.<anonymous> (/repo/nodejs/demo-app/app.js:2:1)
2025-04-14 09:46:17:     at Module._compile (node:internal/modules/cjs/loader:1364:14)
2025-04-14 09:46:18: TypeError: detectResourcesSync is not a function
2025-04-14 09:46:18:     at Object.<anonymous> (/repo/nodejs/demo-app/tracing.js:11:26)
2025-04-14 09:46:18:     at Module._compile (node:internal/modules/cjs/loader:1364:14)
2025-04-14 09:46:18:     at Module._extensions..js (node:internal/modules/cjs/loader:1422:10)
2025-04-14 09:46:18:     at Module.load (node:internal/modules/cjs/loader:1203:32)
2025-04-14 09:46:18:     at Module._load (node:internal/modules/cjs/loader:1019:12)
2025-04-14 09:46:18:     at Module.require (node:internal/modules/cjs/loader:1231:19)
2025-04-14 09:46:18:     at Hook._require.Module.require (/nix/store/shfv23xyd45wxv8w4ax04abmvmf1m78w-pm2-5.4.2/lib/node_modules/pm2/node_modules/require-in-the-middle/index.js:101:39)
2025-04-14 09:46:18:     at require (node:internal/modules/helpers:177:18)
2025-04-14 09:46:18:     at Object.<anonymous> (/repo/nodejs/demo-app/app.js:2:1)
2025-04-14 09:46:18:     at Module._compile (node:internal/modules/cjs/loader:1364:14)
2025-04-14 09:46:18: TypeError: detectResourcesSync is not a function
2025-04-14 09:46:18:     at Object.<anonymous> (/repo/nodejs/demo-app/tracing.js:11:26)
2025-04-14 09:46:18:     at Module._compile (node:internal/modules/cjs/loader:1364:14)
2025-04-14 09:46:18:     at Module._extensions..js (node:internal/modules/cjs/loader:1422:10)
2025-04-14 09:46:18:     at Module.load (node:internal/modules/cjs/loader:1203:32)
2025-04-14 09:46:18:     at Module._load (node:internal/modules/cjs/loader:1019:12)
2025-04-14 09:46:18:     at Module.require (node:internal/modules/cjs/loader:1231:19)
2025-04-14 09:46:18:     at Hook._require.Module.require (/nix/store/shfv23xyd45wxv8w4ax04abmvmf1m78w-pm2-5.4.2/lib/node_modules/pm2/node_modules/require-in-the-middle/index.js:101:39)
2025-04-14 09:46:18:     at require (node:internal/modules/helpers:177:18)
2025-04-14 09:46:18:     at Object.<anonymous> (/repo/nodejs/demo-app/app.js:2:1)
2025-04-14 09:46:18:     at Module._compile (node:internal/modules/cjs/loader:1364:14)
2025-04-14 09:46:18: TypeError: detectResourcesSync is not a function
2025-04-14 09:46:18:     at Object.<anonymous> (/repo/nodejs/demo-app/tracing.js:11:26)
2025-04-14 09:46:18:     at Module._compile (node:internal/modules/cjs/loader:1364:14)
2025-04-14 09:46:18:     at Module._extensions..js (node:internal/modules/cjs/loader:1422:10)
2025-04-14 09:46:18:     at Module.load (node:internal/modules/cjs/loader:1203:32)
2025-04-14 09:46:18:     at Module._load (node:internal/modules/cjs/loader:1019:12)
2025-04-14 09:46:18:     at Module.require (node:internal/modules/cjs/loader:1231:19)
2025-04-14 09:46:18:     at Hook._require.Module.require (/nix/store/shfv23xyd45wxv8w4ax04abmvmf1m78w-pm2-5.4.2/lib/node_modules/pm2/node_modules/require-in-the-middle/index.js:101:39)
2025-04-14 09:46:18:     at require (node:internal/modules/helpers:177:18)
2025-04-14 09:46:18:     at Object.<anonymous> (/repo/nodejs/demo-app/app.js:2:1)
2025-04-14 09:46:18:     at Module._compile (node:internal/modules/cjs/loader:1364:14)
2025-04-14 09:46:18: TypeError: detectResourcesSync is not a function
2025-04-14 09:46:18:     at Object.<anonymous> (/repo/nodejs/demo-app/tracing.js:11:26)
2025-04-14 09:46:18:     at Module._compile (node:internal/modules/cjs/loader:1364:14)
2025-04-14 09:46:18:     at Module._extensions..js (node:internal/modules/cjs/loader:1422:10)
2025-04-14 09:46:18:     at Module.load (node:internal/modules/cjs/loader:1203:32)
2025-04-14 09:46:18:     at Module._load (node:internal/modules/cjs/loader:1019:12)
2025-04-14 09:46:18:     at Module.require (node:internal/modules/cjs/loader:1231:19)
2025-04-14 09:46:18:     at Hook._require.Module.require (/nix/store/shfv23xyd45wxv8w4ax04abmvmf1m78w-pm2-5.4.2/lib/node_modules/pm2/node_modules/require-in-the-middle/index.js:101:39)
2025-04-14 09:46:18:     at require (node:internal/modules/helpers:177:18)
2025-04-14 09:46:18:     at Object.<anonymous> (/repo/nodejs/demo-app/app.js:2:1)
2025-04-14 09:46:18:     at Module._compile (node:internal/modules/cjs/loader:1364:14)
2025-04-14 09:46:18: TypeError: detectResourcesSync is not a function
2025-04-14 09:46:18:     at Object.<anonymous> (/repo/nodejs/demo-app/tracing.js:11:26)
2025-04-14 09:46:18:     at Module._compile (node:internal/modules/cjs/loader:1364:14)
2025-04-14 09:46:18:     at Module._extensions..js (node:internal/modules/cjs/loader:1422:10)
2025-04-14 09:46:18:     at Module.load (node:internal/modules/cjs/loader:1203:32)
2025-04-14 09:46:18:     at Module._load (node:internal/modules/cjs/loader:1019:12)
2025-04-14 09:46:18:     at Module.require (node:internal/modules/cjs/loader:1231:19)
2025-04-14 09:46:18:     at Hook._require.Module.require (/nix/store/shfv23xyd45wxv8w4ax04abmvmf1m78w-pm2-5.4.2/lib/node_modules/pm2/node_modules/require-in-the-middle/index.js:101:39)
2025-04-14 09:46:18:     at require (node:internal/modules/helpers:177:18)
2025-04-14 09:46:18:     at Object.<anonymous> (/repo/nodejs/demo-app/app.js:2:1)
2025-04-14 09:46:18:     at Module._compile (node:internal/modules/cjs/loader:1364:14)
2025-04-14 09:46:18: TypeError: detectResourcesSync is not a function
2025-04-14 09:46:18:     at Object.<anonymous> (/repo/nodejs/demo-app/tracing.js:11:26)
2025-04-14 09:46:18:     at Module._compile (node:internal/modules/cjs/loader:1364:14)
2025-04-14 09:46:18:     at Module._extensions..js (node:internal/modules/cjs/loader:1422:10)
2025-04-14 09:46:18:     at Module.load (node:internal/modules/cjs/loader:1203:32)
2025-04-14 09:46:18:     at Module._load (node:internal/modules/cjs/loader:1019:12)
2025-04-14 09:46:18:     at Module.require (node:internal/modules/cjs/loader:1231:19)
2025-04-14 09:46:18:     at Hook._require.Module.require (/nix/store/shfv23xyd45wxv8w4ax04abmvmf1m78w-pm2-5.4.2/lib/node_modules/pm2/node_modules/require-in-the-middle/index.js:101:39)
2025-04-14 09:46:18:     at require (node:internal/modules/helpers:177:18)
2025-04-14 09:46:18:     at Object.<anonymous> (/repo/nodejs/demo-app/app.js:2:1)
2025-04-14 09:46:18:     at Module._compile (node:internal/modules/cjs/loader:1364:14)
2025-04-14 09:46:18: TypeError: detectResourcesSync is not a function
2025-04-14 09:46:18:     at Object.<anonymous> (/repo/nodejs/demo-app/tracing.js:11:26)
2025-04-14 09:46:18:     at Module._compile (node:internal/modules/cjs/loader:1364:14)
2025-04-14 09:46:18:     at Module._extensions..js (node:internal/modules/cjs/loader:1422:10)
2025-04-14 09:46:18:     at Module.load (node:internal/modules/cjs/loader:1203:32)
2025-04-14 09:46:18:     at Module._load (node:internal/modules/cjs/loader:1019:12)
2025-04-14 09:46:18:     at Module.require (node:internal/modules/cjs/loader:1231:19)
2025-04-14 09:46:18:     at Hook._require.Module.require (/nix/store/shfv23xyd45wxv8w4ax04abmvmf1m78w-pm2-5.4.2/lib/node_modules/pm2/node_modules/require-in-the-middle/index.js:101:39)
2025-04-14 09:46:18:     at require (node:internal/modules/helpers:177:18)
2025-04-14 09:46:18:     at Object.<anonymous> (/repo/nodejs/demo-app/app.js:2:1)
2025-04-14 09:46:18:     at Module._compile (node:internal/modules/cjs/loader:1364:14)
2025-04-14 09:46:18: TypeError: detectResourcesSync is not a function
2025-04-14 09:46:18:     at Object.<anonymous> (/repo/nodejs/demo-app/tracing.js:11:26)
2025-04-14 09:46:18:     at Module._compile (node:internal/modules/cjs/loader:1364:14)
2025-04-14 09:46:18:     at Module._extensions..js (node:internal/modules/cjs/loader:1422:10)
2025-04-14 09:46:18:     at Module.load (node:internal/modules/cjs/loader:1203:32)
2025-04-14 09:46:18:     at Module._load (node:internal/modules/cjs/loader:1019:12)
2025-04-14 09:46:18:     at Module.require (node:internal/modules/cjs/loader:1231:19)
2025-04-14 09:46:18:     at Hook._require.Module.require (/nix/store/shfv23xyd45wxv8w4ax04abmvmf1m78w-pm2-5.4.2/lib/node_modules/pm2/node_modules/require-in-the-middle/index.js:101:39)
2025-04-14 09:46:18:     at require (node:internal/modules/helpers:177:18)
2025-04-14 09:46:18:     at Object.<anonymous> (/repo/nodejs/demo-app/app.js:2:1)
2025-04-14 09:46:18:     at Module._compile (node:internal/modules/cjs/loader:1364:14)
2025-04-14 09:46:18: TypeError: detectResourcesSync is not a function
2025-04-14 09:46:18:     at Object.<anonymous> (/repo/nodejs/demo-app/tracing.js:11:26)
2025-04-14 09:46:18:     at Module._compile (node:internal/modules/cjs/loader:1364:14)
2025-04-14 09:46:18:     at Module._extensions..js (node:internal/modules/cjs/loader:1422:10)
2025-04-14 09:46:18:     at Module.load (node:internal/modules/cjs/loader:1203:32)
2025-04-14 09:46:18:     at Module._load (node:internal/modules/cjs/loader:1019:12)
2025-04-14 09:46:18:     at Module.require (node:internal/modules/cjs/loader:1231:19)
2025-04-14 09:46:18:     at Hook._require.Module.require (/nix/store/shfv23xyd45wxv8w4ax04abmvmf1m78w-pm2-5.4.2/lib/node_modules/pm2/node_modules/require-in-the-middle/index.js:101:39)
2025-04-14 09:46:18:     at require (node:internal/modules/helpers:177:18)
2025-04-14 09:46:18:     at Object.<anonymous> (/repo/nodejs/demo-app/app.js:2:1)
2025-04-14 09:46:18:     at Module._compile (node:internal/modules/cjs/loader:1364:14)
2025-04-14 09:46:18: TypeError: detectResourcesSync is not a function
2025-04-14 09:46:18:     at Object.<anonymous> (/repo/nodejs/demo-app/tracing.js:11:26)
2025-04-14 09:46:18:     at Module._compile (node:internal/modules/cjs/loader:1364:14)
2025-04-14 09:46:18:     at Module._extensions..js (node:internal/modules/cjs/loader:1422:10)
2025-04-14 09:46:18:     at Module.load (node:internal/modules/cjs/loader:1203:32)
2025-04-14 09:46:18:     at Module._load (node:internal/modules/cjs/loader:1019:12)
2025-04-14 09:46:18:     at Module.require (node:internal/modules/cjs/loader:1231:19)
2025-04-14 09:46:18:     at Hook._require.Module.require (/nix/store/shfv23xyd45wxv8w4ax04abmvmf1m78w-pm2-5.4.2/lib/node_modules/pm2/node_modules/require-in-the-middle/index.js:101:39)
2025-04-14 09:46:18:     at require (node:internal/modules/helpers:177:18)
2025-04-14 09:46:18:     at Object.<anonymous> (/repo/nodejs/demo-app/app.js:2:1)
2025-04-14 09:46:18:     at Module._compile (node:internal/modules/cjs/loader:1364:14)
2025-04-14 09:46:18: TypeError: detectResourcesSync is not a function
2025-04-14 09:46:18:     at Object.<anonymous> (/repo/nodejs/demo-app/tracing.js:11:26)
2025-04-14 09:46:18:     at Module._compile (node:internal/modules/cjs/loader:1364:14)
2025-04-14 09:46:18:     at Module._extensions..js (node:internal/modules/cjs/loader:1422:10)
2025-04-14 09:46:18:     at Module.load (node:internal/modules/cjs/loader:1203:32)
2025-04-14 09:46:18:     at Module._load (node:internal/modules/cjs/loader:1019:12)
2025-04-14 09:46:18:     at Module.require (node:internal/modules/cjs/loader:1231:19)
2025-04-14 09:46:18:     at Hook._require.Module.require (/nix/store/shfv23xyd45wxv8w4ax04abmvmf1m78w-pm2-5.4.2/lib/node_modules/pm2/node_modules/require-in-the-middle/index.js:101:39)
2025-04-14 09:46:18:     at require (node:internal/modules/helpers:177:18)
2025-04-14 09:46:18:     at Object.<anonymous> (/repo/nodejs/demo-app/app.js:2:1)
2025-04-14 09:46:18:     at Module._compile (node:internal/modules/cjs/loader:1364:14)
2025-04-14 09:46:19: TypeError: detectResourcesSync is not a function
2025-04-14 09:46:19:     at Object.<anonymous> (/repo/nodejs/demo-app/tracing.js:11:26)
2025-04-14 09:46:19:     at Module._compile (node:internal/modules/cjs/loader:1364:14)
2025-04-14 09:46:19:     at Module._extensions..js (node:internal/modules/cjs/loader:1422:10)
2025-04-14 09:46:19:     at Module.load (node:internal/modules/cjs/loader:1203:32)
2025-04-14 09:46:19:     at Module._load (node:internal/modules/cjs/loader:1019:12)
2025-04-14 09:46:19:     at Module.require (node:internal/modules/cjs/loader:1231:19)
2025-04-14 09:46:19:     at Hook._require.Module.require (/nix/store/shfv23xyd45wxv8w4ax04abmvmf1m78w-pm2-5.4.2/lib/node_modules/pm2/node_modules/require-in-the-middle/index.js:101:39)
2025-04-14 09:46:19:     at require (node:internal/modules/helpers:177:18)
2025-04-14 09:46:19:     at Object.<anonymous> (/repo/nodejs/demo-app/app.js:2:1)
2025-04-14 09:46:19:     at Module._compile (node:internal/modules/cjs/loader:1364:14)
2025-04-14 09:46:19: TypeError: detectResourcesSync is not a function
2025-04-14 09:46:19:     at Object.<anonymous> (/repo/nodejs/demo-app/tracing.js:11:26)
2025-04-14 09:46:19:     at Module._compile (node:internal/modules/cjs/loader:1364:14)
2025-04-14 09:46:19:     at Module._extensions..js (node:internal/modules/cjs/loader:1422:10)
2025-04-14 09:46:19:     at Module.load (node:internal/modules/cjs/loader:1203:32)
2025-04-14 09:46:19:     at Module._load (node:internal/modules/cjs/loader:1019:12)
2025-04-14 09:46:19:     at Module.require (node:internal/modules/cjs/loader:1231:19)
2025-04-14 09:46:19:     at Hook._require.Module.require (/nix/store/shfv23xyd45wxv8w4ax04abmvmf1m78w-pm2-5.4.2/lib/node_modules/pm2/node_modules/require-in-the-middle/index.js:101:39)
2025-04-14 09:46:19:     at require (node:internal/modules/helpers:177:18)
2025-04-14 09:46:19:     at Object.<anonymous> (/repo/nodejs/demo-app/app.js:2:1)
2025-04-14 09:46:19:     at Module._compile (node:internal/modules/cjs/loader:1364:14)
2025-04-14 09:46:19: TypeError: detectResourcesSync is not a function
2025-04-14 09:46:19:     at Object.<anonymous> (/repo/nodejs/demo-app/tracing.js:11:26)
2025-04-14 09:46:19:     at Module._compile (node:internal/modules/cjs/loader:1364:14)
2025-04-14 09:46:19:     at Module._extensions..js (node:internal/modules/cjs/loader:1422:10)
2025-04-14 09:46:19:     at Module.load (node:internal/modules/cjs/loader:1203:32)
2025-04-14 09:46:19:     at Module._load (node:internal/modules/cjs/loader:1019:12)
2025-04-14 09:46:19:     at Module.require (node:internal/modules/cjs/loader:1231:19)
2025-04-14 09:46:19:     at Hook._require.Module.require (/nix/store/shfv23xyd45wxv8w4ax04abmvmf1m78w-pm2-5.4.2/lib/node_modules/pm2/node_modules/require-in-the-middle/index.js:101:39)
2025-04-14 09:46:19:     at require (node:internal/modules/helpers:177:18)
2025-04-14 09:46:19:     at Object.<anonymous> (/repo/nodejs/demo-app/app.js:2:1)
2025-04-14 09:46:19:     at Module._compile (node:internal/modules/cjs/loader:1364:14)
2025-04-14 09:46:19: TypeError: detectResourcesSync is not a function
2025-04-14 09:46:19:     at Object.<anonymous> (/repo/nodejs/demo-app/tracing.js:11:26)
2025-04-14 09:46:19:     at Module._compile (node:internal/modules/cjs/loader:1364:14)
2025-04-14 09:46:19:     at Module._extensions..js (node:internal/modules/cjs/loader:1422:10)
2025-04-14 09:46:19:     at Module.load (node:internal/modules/cjs/loader:1203:32)
2025-04-14 09:46:19:     at Module._load (node:internal/modules/cjs/loader:1019:12)
2025-04-14 09:46:19:     at Module.require (node:internal/modules/cjs/loader:1231:19)
2025-04-14 09:46:19:     at Hook._require.Module.require (/nix/store/shfv23xyd45wxv8w4ax04abmvmf1m78w-pm2-5.4.2/lib/node_modules/pm2/node_modules/require-in-the-middle/index.js:101:39)
2025-04-14 09:46:19:     at require (node:internal/modules/helpers:177:18)
2025-04-14 09:46:19:     at Object.<anonymous> (/repo/nodejs/demo-app/app.js:2:1)
2025-04-14 09:46:19:     at Module._compile (node:internal/modules/cjs/loader:1364:14)
2025-04-14 09:46:19: TypeError: detectResourcesSync is not a function
2025-04-14 09:46:19:     at Object.<anonymous> (/repo/nodejs/demo-app/tracing.js:11:26)
2025-04-14 09:46:19:     at Module._compile (node:internal/modules/cjs/loader:1364:14)
2025-04-14 09:46:19:     at Module._extensions..js (node:internal/modules/cjs/loader:1422:10)
2025-04-14 09:46:19:     at Module.load (node:internal/modules/cjs/loader:1203:32)
2025-04-14 09:46:19:     at Module._load (node:internal/modules/cjs/loader:1019:12)
2025-04-14 09:46:19:     at Module.require (node:internal/modules/cjs/loader:1231:19)
2025-04-14 09:46:19:     at Hook._require.Module.require (/nix/store/shfv23xyd45wxv8w4ax04abmvmf1m78w-pm2-5.4.2/lib/node_modules/pm2/node_modules/require-in-the-middle/index.js:101:39)
2025-04-14 09:46:19:     at require (node:internal/modules/helpers:177:18)
2025-04-14 09:46:19:     at Object.<anonymous> (/repo/nodejs/demo-app/app.js:2:1)
2025-04-14 09:46:19:     at Module._compile (node:internal/modules/cjs/loader:1364:14)
2025-04-14 09:46:19: TypeError: detectResourcesSync is not a function
2025-04-14 09:46:19:     at Object.<anonymous> (/repo/nodejs/demo-app/tracing.js:11:26)
2025-04-14 09:46:19:     at Module._compile (node:internal/modules/cjs/loader:1364:14)
2025-04-14 09:46:19:     at Module._extensions..js (node:internal/modules/cjs/loader:1422:10)
2025-04-14 09:46:19:     at Module.load (node:internal/modules/cjs/loader:1203:32)
2025-04-14 09:46:19:     at Module._load (node:internal/modules/cjs/loader:1019:12)
2025-04-14 09:46:19:     at Module.require (node:internal/modules/cjs/loader:1231:19)
2025-04-14 09:46:19:     at Hook._require.Module.require (/nix/store/shfv23xyd45wxv8w4ax04abmvmf1m78w-pm2-5.4.2/lib/node_modules/pm2/node_modules/require-in-the-middle/index.js:101:39)
2025-04-14 09:46:19:     at require (node:internal/modules/helpers:177:18)
2025-04-14 09:46:19:     at Object.<anonymous> (/repo/nodejs/demo-app/app.js:2:1)
2025-04-14 09:46:19:     at Module._compile (node:internal/modules/cjs/loader:1364:14)
2025-04-14 09:46:19: TypeError: detectResourcesSync is not a function
2025-04-14 09:46:19:     at Object.<anonymous> (/repo/nodejs/demo-app/tracing.js:11:26)
2025-04-14 09:46:19:     at Module._compile (node:internal/modules/cjs/loader:1364:14)
2025-04-14 09:46:19:     at Module._extensions..js (node:internal/modules/cjs/loader:1422:10)
2025-04-14 09:46:19:     at Module.load (node:internal/modules/cjs/loader:1203:32)
2025-04-14 09:46:19:     at Module._load (node:internal/modules/cjs/loader:1019:12)
2025-04-14 09:46:19:     at Module.require (node:internal/modules/cjs/loader:1231:19)
2025-04-14 09:46:19:     at Hook._require.Module.require (/nix/store/shfv23xyd45wxv8w4ax04abmvmf1m78w-pm2-5.4.2/lib/node_modules/pm2/node_modules/require-in-the-middle/index.js:101:39)
2025-04-14 09:46:19:     at require (node:internal/modules/helpers:177:18)
2025-04-14 09:46:19:     at Object.<anonymous> (/repo/nodejs/demo-app/app.js:2:1)
2025-04-14 09:46:19:     at Module._compile (node:internal/modules/cjs/loader:1364:14)
2025-04-14 09:46:20: TypeError: detectResourcesSync is not a function
2025-04-14 09:46:20:     at Object.<anonymous> (/repo/nodejs/demo-app/tracing.js:11:26)
2025-04-14 09:46:20:     at Module._compile (node:internal/modules/cjs/loader:1364:14)
2025-04-14 09:46:20:     at Module._extensions..js (node:internal/modules/cjs/loader:1422:10)
2025-04-14 09:46:20:     at Module.load (node:internal/modules/cjs/loader:1203:32)
2025-04-14 09:46:20:     at Module._load (node:internal/modules/cjs/loader:1019:12)
2025-04-14 09:46:20:     at Module.require (node:internal/modules/cjs/loader:1231:19)
2025-04-14 09:46:20:     at Hook._require.Module.require (/nix/store/shfv23xyd45wxv8w4ax04abmvmf1m78w-pm2-5.4.2/lib/node_modules/pm2/node_modules/require-in-the-middle/index.js:101:39)
2025-04-14 09:46:20:     at require (node:internal/modules/helpers:177:18)
2025-04-14 09:46:20:     at Object.<anonymous> (/repo/nodejs/demo-app/app.js:2:1)
2025-04-14 09:46:20:     at Module._compile (node:internal/modules/cjs/loader:1364:14)
2025-04-14 09:46:20: TypeError: detectResourcesSync is not a function
2025-04-14 09:46:20:     at Object.<anonymous> (/repo/nodejs/demo-app/tracing.js:11:26)
2025-04-14 09:46:20:     at Module._compile (node:internal/modules/cjs/loader:1364:14)
2025-04-14 09:46:20:     at Module._extensions..js (node:internal/modules/cjs/loader:1422:10)
2025-04-14 09:46:20:     at Module.load (node:internal/modules/cjs/loader:1203:32)
2025-04-14 09:46:20:     at Module._load (node:internal/modules/cjs/loader:1019:12)
2025-04-14 09:46:20:     at Module.require (node:internal/modules/cjs/loader:1231:19)
2025-04-14 09:46:20:     at Hook._require.Module.require (/nix/store/shfv23xyd45wxv8w4ax04abmvmf1m78w-pm2-5.4.2/lib/node_modules/pm2/node_modules/require-in-the-middle/index.js:101:39)
2025-04-14 09:46:20:     at require (node:internal/modules/helpers:177:18)
2025-04-14 09:46:20:     at Object.<anonymous> (/repo/nodejs/demo-app/app.js:2:1)
2025-04-14 09:46:20:     at Module._compile (node:internal/modules/cjs/loader:1364:14)
2025-04-14 09:46:20: TypeError: detectResourcesSync is not a function
2025-04-14 09:46:20:     at Object.<anonymous> (/repo/nodejs/demo-app/tracing.js:11:26)
2025-04-14 09:46:20:     at Module._compile (node:internal/modules/cjs/loader:1364:14)
2025-04-14 09:46:20:     at Module._extensions..js (node:internal/modules/cjs/loader:1422:10)
2025-04-14 09:46:20:     at Module.load (node:internal/modules/cjs/loader:1203:32)
2025-04-14 09:46:20:     at Module._load (node:internal/modules/cjs/loader:1019:12)
2025-04-14 09:46:20:     at Module.require (node:internal/modules/cjs/loader:1231:19)
2025-04-14 09:46:20:     at Hook._require.Module.require (/nix/store/shfv23xyd45wxv8w4ax04abmvmf1m78w-pm2-5.4.2/lib/node_modules/pm2/node_modules/require-in-the-middle/index.js:101:39)
2025-04-14 09:46:20:     at require (node:internal/modules/helpers:177:18)
2025-04-14 09:46:20:     at Object.<anonymous> (/repo/nodejs/demo-app/app.js:2:1)
2025-04-14 09:46:20:     at Module._compile (node:internal/modules/cjs/loader:1364:14)
2025-04-14 09:46:21: TypeError: detectResourcesSync is not a function
2025-04-14 09:46:21:     at Object.<anonymous> (/repo/nodejs/demo-app/tracing.js:11:26)
2025-04-14 09:46:21:     at Module._compile (node:internal/modules/cjs/loader:1364:14)
2025-04-14 09:46:21:     at Module._extensions..js (node:internal/modules/cjs/loader:1422:10)
2025-04-14 09:46:21:     at Module.load (node:internal/modules/cjs/loader:1203:32)
2025-04-14 09:46:21:     at Module._load (node:internal/modules/cjs/loader:1019:12)
2025-04-14 09:46:21:     at Module.require (node:internal/modules/cjs/loader:1231:19)
2025-04-14 09:46:21:     at Hook._require.Module.require (/nix/store/shfv23xyd45wxv8w4ax04abmvmf1m78w-pm2-5.4.2/lib/node_modules/pm2/node_modules/require-in-the-middle/index.js:101:39)
2025-04-14 09:46:21:     at require (node:internal/modules/helpers:177:18)
2025-04-14 09:46:21:     at Object.<anonymous> (/repo/nodejs/demo-app/app.js:2:1)
2025-04-14 09:46:21:     at Module._compile (node:internal/modules/cjs/loader:1364:14)
2025-04-14 09:46:21: TypeError: detectResourcesSync is not a function
2025-04-14 09:46:21:     at Object.<anonymous> (/repo/nodejs/demo-app/tracing.js:11:26)
2025-04-14 09:46:21:     at Module._compile (node:internal/modules/cjs/loader:1364:14)
2025-04-14 09:46:21:     at Module._extensions..js (node:internal/modules/cjs/loader:1422:10)
2025-04-14 09:46:21:     at Module.load (node:internal/modules/cjs/loader:1203:32)
2025-04-14 09:46:21:     at Module._load (node:internal/modules/cjs/loader:1019:12)
2025-04-14 09:46:21:     at Module.require (node:internal/modules/cjs/loader:1231:19)
2025-04-14 09:46:21:     at Hook._require.Module.require (/nix/store/shfv23xyd45wxv8w4ax04abmvmf1m78w-pm2-5.4.2/lib/node_modules/pm2/node_modules/require-in-the-middle/index.js:101:39)
2025-04-14 09:46:21:     at require (node:internal/modules/helpers:177:18)
2025-04-14 09:46:21:     at Object.<anonymous> (/repo/nodejs/demo-app/app.js:2:1)
2025-04-14 09:46:21:     at Module._compile (node:internal/modules/cjs/loader:1364:14)
2025-04-14 09:46:21: TypeError: detectResourcesSync is not a function
2025-04-14 09:46:21:     at Object.<anonymous> (/repo/nodejs/demo-app/tracing.js:11:26)
2025-04-14 09:46:21:     at Module._compile (node:internal/modules/cjs/loader:1364:14)
2025-04-14 09:46:21:     at Module._extensions..js (node:internal/modules/cjs/loader:1422:10)
2025-04-14 09:46:21:     at Module.load (node:internal/modules/cjs/loader:1203:32)
2025-04-14 09:46:21:     at Module._load (node:internal/modules/cjs/loader:1019:12)
2025-04-14 09:46:21:     at Module.require (node:internal/modules/cjs/loader:1231:19)
2025-04-14 09:46:21:     at Hook._require.Module.require (/nix/store/shfv23xyd45wxv8w4ax04abmvmf1m78w-pm2-5.4.2/lib/node_modules/pm2/node_modules/require-in-the-middle/index.js:101:39)
2025-04-14 09:46:21:     at require (node:internal/modules/helpers:177:18)
2025-04-14 09:46:21:     at Object.<anonymous> (/repo/nodejs/demo-app/app.js:2:1)
2025-04-14 09:46:21:     at Module._compile (node:internal/modules/cjs/loader:1364:14)
2025-04-14 09:46:21: TypeError: detectResourcesSync is not a function
2025-04-14 09:46:21:     at Object.<anonymous> (/repo/nodejs/demo-app/tracing.js:11:26)
2025-04-14 09:46:21:     at Module._compile (node:internal/modules/cjs/loader:1364:14)
2025-04-14 09:46:21:     at Module._extensions..js (node:internal/modules/cjs/loader:1422:10)
2025-04-14 09:46:21:     at Module.load (node:internal/modules/cjs/loader:1203:32)
2025-04-14 09:46:21:     at Module._load (node:internal/modules/cjs/loader:1019:12)
2025-04-14 09:46:21:     at Module.require (node:internal/modules/cjs/loader:1231:19)
2025-04-14 09:46:21:     at Hook._require.Module.require (/nix/store/shfv23xyd45wxv8w4ax04abmvmf1m78w-pm2-5.4.2/lib/node_modules/pm2/node_modules/require-in-the-middle/index.js:101:39)
2025-04-14 09:46:21:     at require (node:internal/modules/helpers:177:18)
2025-04-14 09:46:21:     at Object.<anonymous> (/repo/nodejs/demo-app/app.js:2:1)
2025-04-14 09:46:21:     at Module._compile (node:internal/modules/cjs/loader:1364:14)
2025-04-14 09:46:22: TypeError: detectResourcesSync is not a function
2025-04-14 09:46:22:     at Object.<anonymous> (/repo/nodejs/demo-app/tracing.js:11:26)
2025-04-14 09:46:22:     at Module._compile (node:internal/modules/cjs/loader:1364:14)
2025-04-14 09:46:22:     at Module._extensions..js (node:internal/modules/cjs/loader:1422:10)
2025-04-14 09:46:22:     at Module.load (node:internal/modules/cjs/loader:1203:32)
2025-04-14 09:46:22:     at Module._load (node:internal/modules/cjs/loader:1019:12)
2025-04-14 09:46:22:     at Module.require (node:internal/modules/cjs/loader:1231:19)
2025-04-14 09:46:22:     at Hook._require.Module.require (/nix/store/shfv23xyd45wxv8w4ax04abmvmf1m78w-pm2-5.4.2/lib/node_modules/pm2/node_modules/require-in-the-middle/index.js:101:39)
2025-04-14 09:46:22:     at require (node:internal/modules/helpers:177:18)
2025-04-14 09:46:22:     at Object.<anonymous> (/repo/nodejs/demo-app/app.js:2:1)
2025-04-14 09:46:22:     at Module._compile (node:internal/modules/cjs/loader:1364:14)
2025-04-14 09:46:22: TypeError: detectResourcesSync is not a function
2025-04-14 09:46:22:     at Object.<anonymous> (/repo/nodejs/demo-app/tracing.js:11:26)
2025-04-14 09:46:22:     at Module._compile (node:internal/modules/cjs/loader:1364:14)
2025-04-14 09:46:22:     at Module._extensions..js (node:internal/modules/cjs/loader:1422:10)
2025-04-14 09:46:22:     at Module.load (node:internal/modules/cjs/loader:1203:32)
2025-04-14 09:46:22:     at Module._load (node:internal/modules/cjs/loader:1019:12)
2025-04-14 09:46:22:     at Module.require (node:internal/modules/cjs/loader:1231:19)
2025-04-14 09:46:22:     at Hook._require.Module.require (/nix/store/shfv23xyd45wxv8w4ax04abmvmf1m78w-pm2-5.4.2/lib/node_modules/pm2/node_modules/require-in-the-middle/index.js:101:39)
2025-04-14 09:46:22:     at require (node:internal/modules/helpers:177:18)
2025-04-14 09:46:22:     at Object.<anonymous> (/repo/nodejs/demo-app/app.js:2:1)
2025-04-14 09:46:22:     at Module._compile (node:internal/modules/cjs/loader:1364:14)
2025-04-14 09:46:22: TypeError: detectResourcesSync is not a function
2025-04-14 09:46:22:     at Object.<anonymous> (/repo/nodejs/demo-app/tracing.js:11:26)
2025-04-14 09:46:22:     at Module._compile (node:internal/modules/cjs/loader:1364:14)
2025-04-14 09:46:22:     at Module._extensions..js (node:internal/modules/cjs/loader:1422:10)
2025-04-14 09:46:22:     at Module.load (node:internal/modules/cjs/loader:1203:32)
2025-04-14 09:46:22:     at Module._load (node:internal/modules/cjs/loader:1019:12)
2025-04-14 09:46:22:     at Module.require (node:internal/modules/cjs/loader:1231:19)
2025-04-14 09:46:22:     at Hook._require.Module.require (/nix/store/shfv23xyd45wxv8w4ax04abmvmf1m78w-pm2-5.4.2/lib/node_modules/pm2/node_modules/require-in-the-middle/index.js:101:39)
2025-04-14 09:46:22:     at require (node:internal/modules/helpers:177:18)
2025-04-14 09:46:22:     at Object.<anonymous> (/repo/nodejs/demo-app/app.js:2:1)
2025-04-14 09:46:22:     at Module._compile (node:internal/modules/cjs/loader:1364:14)
2025-04-14 09:46:23: TypeError: detectResourcesSync is not a function
2025-04-14 09:46:23:     at Object.<anonymous> (/repo/nodejs/demo-app/tracing.js:11:26)
2025-04-14 09:46:23:     at Module._compile (node:internal/modules/cjs/loader:1364:14)
2025-04-14 09:46:23:     at Module._extensions..js (node:internal/modules/cjs/loader:1422:10)
2025-04-14 09:46:23:     at Module.load (node:internal/modules/cjs/loader:1203:32)
2025-04-14 09:46:23:     at Module._load (node:internal/modules/cjs/loader:1019:12)
2025-04-14 09:46:23:     at Module.require (node:internal/modules/cjs/loader:1231:19)
2025-04-14 09:46:23:     at Hook._require.Module.require (/nix/store/shfv23xyd45wxv8w4ax04abmvmf1m78w-pm2-5.4.2/lib/node_modules/pm2/node_modules/require-in-the-middle/index.js:101:39)
2025-04-14 09:46:23:     at require (node:internal/modules/helpers:177:18)
2025-04-14 09:46:23:     at Object.<anonymous> (/repo/nodejs/demo-app/app.js:2:1)
2025-04-14 09:46:23:     at Module._compile (node:internal/modules/cjs/loader:1364:14)
2025-04-14 09:46:23: TypeError: detectResourcesSync is not a function
2025-04-14 09:46:23:     at Object.<anonymous> (/repo/nodejs/demo-app/tracing.js:11:26)
2025-04-14 09:46:23:     at Module._compile (node:internal/modules/cjs/loader:1364:14)
2025-04-14 09:46:23:     at Module._extensions..js (node:internal/modules/cjs/loader:1422:10)
2025-04-14 09:46:23:     at Module.load (node:internal/modules/cjs/loader:1203:32)
2025-04-14 09:46:23:     at Module._load (node:internal/modules/cjs/loader:1019:12)
2025-04-14 09:46:23:     at Module.require (node:internal/modules/cjs/loader:1231:19)
2025-04-14 09:46:23:     at Hook._require.Module.require (/nix/store/shfv23xyd45wxv8w4ax04abmvmf1m78w-pm2-5.4.2/lib/node_modules/pm2/node_modules/require-in-the-middle/index.js:101:39)
2025-04-14 09:46:23:     at require (node:internal/modules/helpers:177:18)
2025-04-14 09:46:23:     at Object.<anonymous> (/repo/nodejs/demo-app/app.js:2:1)
2025-04-14 09:46:23:     at Module._compile (node:internal/modules/cjs/loader:1364:14)
2025-04-14 09:46:23: TypeError: detectResourcesSync is not a function
2025-04-14 09:46:23:     at Object.<anonymous> (/repo/nodejs/demo-app/tracing.js:11:26)
2025-04-14 09:46:23:     at Module._compile (node:internal/modules/cjs/loader:1364:14)
2025-04-14 09:46:23:     at Module._extensions..js (node:internal/modules/cjs/loader:1422:10)
2025-04-14 09:46:23:     at Module.load (node:internal/modules/cjs/loader:1203:32)
2025-04-14 09:46:23:     at Module._load (node:internal/modules/cjs/loader:1019:12)
2025-04-14 09:46:23:     at Module.require (node:internal/modules/cjs/loader:1231:19)
2025-04-14 09:46:23:     at Hook._require.Module.require (/nix/store/shfv23xyd45wxv8w4ax04abmvmf1m78w-pm2-5.4.2/lib/node_modules/pm2/node_modules/require-in-the-middle/index.js:101:39)
2025-04-14 09:46:23:     at require (node:internal/modules/helpers:177:18)
2025-04-14 09:46:23:     at Object.<anonymous> (/repo/nodejs/demo-app/app.js:2:1)
2025-04-14 09:46:23:     at Module._compile (node:internal/modules/cjs/loader:1364:14)
2025-04-14 09:46:23: TypeError: detectResourcesSync is not a function
2025-04-14 09:46:23:     at Object.<anonymous> (/repo/nodejs/demo-app/tracing.js:11:26)
2025-04-14 09:46:23:     at Module._compile (node:internal/modules/cjs/loader:1364:14)
2025-04-14 09:46:23:     at Module._extensions..js (node:internal/modules/cjs/loader:1422:10)
2025-04-14 09:46:23:     at Module.load (node:internal/modules/cjs/loader:1203:32)
2025-04-14 09:46:23:     at Module._load (node:internal/modules/cjs/loader:1019:12)
2025-04-14 09:46:23:     at Module.require (node:internal/modules/cjs/loader:1231:19)
2025-04-14 09:46:23:     at Hook._require.Module.require (/nix/store/shfv23xyd45wxv8w4ax04abmvmf1m78w-pm2-5.4.2/lib/node_modules/pm2/node_modules/require-in-the-middle/index.js:101:39)
2025-04-14 09:46:23:     at require (node:internal/modules/helpers:177:18)
2025-04-14 09:46:23:     at Object.<anonymous> (/repo/nodejs/demo-app/app.js:2:1)
2025-04-14 09:46:23:     at Module._compile (node:internal/modules/cjs/loader:1364:14)
2025-04-14 09:46:24: TypeError: detectResourcesSync is not a function
2025-04-14 09:46:24:     at Object.<anonymous> (/repo/nodejs/demo-app/tracing.js:11:26)
2025-04-14 09:46:24:     at Module._compile (node:internal/modules/cjs/loader:1364:14)
2025-04-14 09:46:24:     at Module._extensions..js (node:internal/modules/cjs/loader:1422:10)
2025-04-14 09:46:24:     at Module.load (node:internal/modules/cjs/loader:1203:32)
2025-04-14 09:46:24:     at Module._load (node:internal/modules/cjs/loader:1019:12)
2025-04-14 09:46:24:     at Module.require (node:internal/modules/cjs/loader:1231:19)
2025-04-14 09:46:24:     at Hook._require.Module.require (/nix/store/shfv23xyd45wxv8w4ax04abmvmf1m78w-pm2-5.4.2/lib/node_modules/pm2/node_modules/require-in-the-middle/index.js:101:39)
2025-04-14 09:46:24:     at require (node:internal/modules/helpers:177:18)
2025-04-14 09:46:24:     at Object.<anonymous> (/repo/nodejs/demo-app/app.js:2:1)
2025-04-14 09:46:24:     at Module._compile (node:internal/modules/cjs/loader:1364:14)
2025-04-14 09:46:24: TypeError: detectResourcesSync is not a function
2025-04-14 09:46:24:     at Object.<anonymous> (/repo/nodejs/demo-app/tracing.js:11:26)
2025-04-14 09:46:24:     at Module._compile (node:internal/modules/cjs/loader:1364:14)
2025-04-14 09:46:24:     at Module._extensions..js (node:internal/modules/cjs/loader:1422:10)
2025-04-14 09:46:24:     at Module.load (node:internal/modules/cjs/loader:1203:32)
2025-04-14 09:46:24:     at Module._load (node:internal/modules/cjs/loader:1019:12)
2025-04-14 09:46:24:     at Module.require (node:internal/modules/cjs/loader:1231:19)
2025-04-14 09:46:24:     at Hook._require.Module.require (/nix/store/shfv23xyd45wxv8w4ax04abmvmf1m78w-pm2-5.4.2/lib/node_modules/pm2/node_modules/require-in-the-middle/index.js:101:39)
2025-04-14 09:46:24:     at require (node:internal/modules/helpers:177:18)
2025-04-14 09:46:24:     at Object.<anonymous> (/repo/nodejs/demo-app/app.js:2:1)
2025-04-14 09:46:24:     at Module._compile (node:internal/modules/cjs/loader:1364:14)
2025-04-14 09:46:24: TypeError: detectResourcesSync is not a function
2025-04-14 09:46:24:     at Object.<anonymous> (/repo/nodejs/demo-app/tracing.js:11:26)
2025-04-14 09:46:24:     at Module._compile (node:internal/modules/cjs/loader:1364:14)
2025-04-14 09:46:24:     at Module._extensions..js (node:internal/modules/cjs/loader:1422:10)
2025-04-14 09:46:24:     at Module.load (node:internal/modules/cjs/loader:1203:32)
2025-04-14 09:46:24:     at Module._load (node:internal/modules/cjs/loader:1019:12)
2025-04-14 09:46:24:     at Module.require (node:internal/modules/cjs/loader:1231:19)
2025-04-14 09:46:24:     at Hook._require.Module.require (/nix/store/shfv23xyd45wxv8w4ax04abmvmf1m78w-pm2-5.4.2/lib/node_modules/pm2/node_modules/require-in-the-middle/index.js:101:39)
2025-04-14 09:46:24:     at require (node:internal/modules/helpers:177:18)
2025-04-14 09:46:24:     at Object.<anonymous> (/repo/nodejs/demo-app/app.js:2:1)
2025-04-14 09:46:24:     at Module._compile (node:internal/modules/cjs/loader:1364:14)
2025-04-14 09:46:24: TypeError: detectResourcesSync is not a function
2025-04-14 09:46:24:     at Object.<anonymous> (/repo/nodejs/demo-app/tracing.js:11:26)
2025-04-14 09:46:24:     at Module._compile (node:internal/modules/cjs/loader:1364:14)
2025-04-14 09:46:24:     at Module._extensions..js (node:internal/modules/cjs/loader:1422:10)
2025-04-14 09:46:24:     at Module.load (node:internal/modules/cjs/loader:1203:32)
2025-04-14 09:46:24:     at Module._load (node:internal/modules/cjs/loader:1019:12)
2025-04-14 09:46:24:     at Module.require (node:internal/modules/cjs/loader:1231:19)
2025-04-14 09:46:24:     at Hook._require.Module.require (/nix/store/shfv23xyd45wxv8w4ax04abmvmf1m78w-pm2-5.4.2/lib/node_modules/pm2/node_modules/require-in-the-middle/index.js:101:39)
2025-04-14 09:46:24:     at require (node:internal/modules/helpers:177:18)
2025-04-14 09:46:24:     at Object.<anonymous> (/repo/nodejs/demo-app/app.js:2:1)
2025-04-14 09:46:24:     at Module._compile (node:internal/modules/cjs/loader:1364:14)
2025-04-14 09:46:25: TypeError: detectResourcesSync is not a function
2025-04-14 09:46:25:     at Object.<anonymous> (/repo/nodejs/demo-app/tracing.js:11:26)
2025-04-14 09:46:25:     at Module._compile (node:internal/modules/cjs/loader:1364:14)
2025-04-14 09:46:25:     at Module._extensions..js (node:internal/modules/cjs/loader:1422:10)
2025-04-14 09:46:25:     at Module.load (node:internal/modules/cjs/loader:1203:32)
2025-04-14 09:46:25:     at Module._load (node:internal/modules/cjs/loader:1019:12)
2025-04-14 09:46:25:     at Module.require (node:internal/modules/cjs/loader:1231:19)
2025-04-14 09:46:25:     at Hook._require.Module.require (/nix/store/shfv23xyd45wxv8w4ax04abmvmf1m78w-pm2-5.4.2/lib/node_modules/pm2/node_modules/require-in-the-middle/index.js:101:39)
2025-04-14 09:46:25:     at require (node:internal/modules/helpers:177:18)
2025-04-14 09:46:25:     at Object.<anonymous> (/repo/nodejs/demo-app/app.js:2:1)
2025-04-14 09:46:25:     at Module._compile (node:internal/modules/cjs/loader:1364:14)
2025-04-14 09:46:25: TypeError: detectResourcesSync is not a function
2025-04-14 09:46:25:     at Object.<anonymous> (/repo/nodejs/demo-app/tracing.js:11:26)
2025-04-14 09:46:25:     at Module._compile (node:internal/modules/cjs/loader:1364:14)
2025-04-14 09:46:25:     at Module._extensions..js (node:internal/modules/cjs/loader:1422:10)
2025-04-14 09:46:25:     at Module.load (node:internal/modules/cjs/loader:1203:32)
2025-04-14 09:46:25:     at Module._load (node:internal/modules/cjs/loader:1019:12)
2025-04-14 09:46:25:     at Module.require (node:internal/modules/cjs/loader:1231:19)
2025-04-14 09:46:25:     at Hook._require.Module.require (/nix/store/shfv23xyd45wxv8w4ax04abmvmf1m78w-pm2-5.4.2/lib/node_modules/pm2/node_modules/require-in-the-middle/index.js:101:39)
2025-04-14 09:46:25:     at require (node:internal/modules/helpers:177:18)
2025-04-14 09:46:25:     at Object.<anonymous> (/repo/nodejs/demo-app/app.js:2:1)
2025-04-14 09:46:25:     at Module._compile (node:internal/modules/cjs/loader:1364:14)
2025-04-14 09:46:25: TypeError: detectResourcesSync is not a function
2025-04-14 09:46:25:     at Object.<anonymous> (/repo/nodejs/demo-app/tracing.js:11:26)
2025-04-14 09:46:25:     at Module._compile (node:internal/modules/cjs/loader:1364:14)
2025-04-14 09:46:25:     at Module._extensions..js (node:internal/modules/cjs/loader:1422:10)
2025-04-14 09:46:25:     at Module.load (node:internal/modules/cjs/loader:1203:32)
2025-04-14 09:46:25:     at Module._load (node:internal/modules/cjs/loader:1019:12)
2025-04-14 09:46:25:     at Module.require (node:internal/modules/cjs/loader:1231:19)
2025-04-14 09:46:25:     at Hook._require.Module.require (/nix/store/shfv23xyd45wxv8w4ax04abmvmf1m78w-pm2-5.4.2/lib/node_modules/pm2/node_modules/require-in-the-middle/index.js:101:39)
2025-04-14 09:46:25:     at require (node:internal/modules/helpers:177:18)
2025-04-14 09:46:25:     at Object.<anonymous> (/repo/nodejs/demo-app/app.js:2:1)
2025-04-14 09:46:25:     at Module._compile (node:internal/modules/cjs/loader:1364:14)
2025-04-14 09:46:26: TypeError: detectResourcesSync is not a function
2025-04-14 09:46:26:     at Object.<anonymous> (/repo/nodejs/demo-app/tracing.js:11:26)
2025-04-14 09:46:26:     at Module._compile (node:internal/modules/cjs/loader:1364:14)
2025-04-14 09:46:26:     at Module._extensions..js (node:internal/modules/cjs/loader:1422:10)
2025-04-14 09:46:26:     at Module.load (node:internal/modules/cjs/loader:1203:32)
2025-04-14 09:46:26:     at Module._load (node:internal/modules/cjs/loader:1019:12)
2025-04-14 09:46:26:     at Module.require (node:internal/modules/cjs/loader:1231:19)
2025-04-14 09:46:26:     at Hook._require.Module.require (/nix/store/shfv23xyd45wxv8w4ax04abmvmf1m78w-pm2-5.4.2/lib/node_modules/pm2/node_modules/require-in-the-middle/index.js:101:39)
2025-04-14 09:46:26:     at require (node:internal/modules/helpers:177:18)
2025-04-14 09:46:26:     at Object.<anonymous> (/repo/nodejs/demo-app/app.js:2:1)
2025-04-14 09:46:26:     at Module._compile (node:internal/modules/cjs/loader:1364:14)
2025-04-14 09:46:26: TypeError: detectResourcesSync is not a function
2025-04-14 09:46:26:     at Object.<anonymous> (/repo/nodejs/demo-app/tracing.js:11:26)
2025-04-14 09:46:26:     at Module._compile (node:internal/modules/cjs/loader:1364:14)
2025-04-14 09:46:26:     at Module._extensions..js (node:internal/modules/cjs/loader:1422:10)
2025-04-14 09:46:26:     at Module.load (node:internal/modules/cjs/loader:1203:32)
2025-04-14 09:46:26:     at Module._load (node:internal/modules/cjs/loader:1019:12)
2025-04-14 09:46:26:     at Module.require (node:internal/modules/cjs/loader:1231:19)
2025-04-14 09:46:26:     at Hook._require.Module.require (/nix/store/shfv23xyd45wxv8w4ax04abmvmf1m78w-pm2-5.4.2/lib/node_modules/pm2/node_modules/require-in-the-middle/index.js:101:39)
2025-04-14 09:46:26:     at require (node:internal/modules/helpers:177:18)
2025-04-14 09:46:26:     at Object.<anonymous> (/repo/nodejs/demo-app/app.js:2:1)
2025-04-14 09:46:26:     at Module._compile (node:internal/modules/cjs/loader:1364:14)
2025-04-14 09:46:26: TypeError: detectResourcesSync is not a function
2025-04-14 09:46:26:     at Object.<anonymous> (/repo/nodejs/demo-app/tracing.js:11:26)
2025-04-14 09:46:26:     at Module._compile (node:internal/modules/cjs/loader:1364:14)
2025-04-14 09:46:26:     at Module._extensions..js (node:internal/modules/cjs/loader:1422:10)
2025-04-14 09:46:26:     at Module.load (node:internal/modules/cjs/loader:1203:32)
2025-04-14 09:46:26:     at Module._load (node:internal/modules/cjs/loader:1019:12)
2025-04-14 09:46:26:     at Module.require (node:internal/modules/cjs/loader:1231:19)
2025-04-14 09:46:26:     at Hook._require.Module.require (/nix/store/shfv23xyd45wxv8w4ax04abmvmf1m78w-pm2-5.4.2/lib/node_modules/pm2/node_modules/require-in-the-middle/index.js:101:39)
2025-04-14 09:46:26:     at require (node:internal/modules/helpers:177:18)
2025-04-14 09:46:26:     at Object.<anonymous> (/repo/nodejs/demo-app/app.js:2:1)
2025-04-14 09:46:26:     at Module._compile (node:internal/modules/cjs/loader:1364:14)
2025-04-14 09:46:26: TypeError: detectResourcesSync is not a function
2025-04-14 09:46:26:     at Object.<anonymous> (/repo/nodejs/demo-app/tracing.js:11:26)
2025-04-14 09:46:26:     at Module._compile (node:internal/modules/cjs/loader:1364:14)
2025-04-14 09:46:26:     at Module._extensions..js (node:internal/modules/cjs/loader:1422:10)
2025-04-14 09:46:26:     at Module.load (node:internal/modules/cjs/loader:1203:32)
2025-04-14 09:46:26:     at Module._load (node:internal/modules/cjs/loader:1019:12)
2025-04-14 09:46:26:     at Module.require (node:internal/modules/cjs/loader:1231:19)
2025-04-14 09:46:26:     at Hook._require.Module.require (/nix/store/shfv23xyd45wxv8w4ax04abmvmf1m78w-pm2-5.4.2/lib/node_modules/pm2/node_modules/require-in-the-middle/index.js:101:39)
2025-04-14 09:46:26:     at require (node:internal/modules/helpers:177:18)
2025-04-14 09:46:26:     at Object.<anonymous> (/repo/nodejs/demo-app/app.js:2:1)
2025-04-14 09:46:26:     at Module._compile (node:internal/modules/cjs/loader:1364:14)
2025-04-14 09:46:27: TypeError: detectResourcesSync is not a function
2025-04-14 09:46:27:     at Object.<anonymous> (/repo/nodejs/demo-app/tracing.js:11:26)
2025-04-14 09:46:27:     at Module._compile (node:internal/modules/cjs/loader:1364:14)
2025-04-14 09:46:27:     at Module._extensions..js (node:internal/modules/cjs/loader:1422:10)
2025-04-14 09:46:27:     at Module.load (node:internal/modules/cjs/loader:1203:32)
2025-04-14 09:46:27:     at Module._load (node:internal/modules/cjs/loader:1019:12)
2025-04-14 09:46:27:     at Module.require (node:internal/modules/cjs/loader:1231:19)
2025-04-14 09:46:27:     at Hook._require.Module.require (/nix/store/shfv23xyd45wxv8w4ax04abmvmf1m78w-pm2-5.4.2/lib/node_modules/pm2/node_modules/require-in-the-middle/index.js:101:39)
2025-04-14 09:46:27:     at require (node:internal/modules/helpers:177:18)
2025-04-14 09:46:27:     at Object.<anonymous> (/repo/nodejs/demo-app/app.js:2:1)
2025-04-14 09:46:27:     at Module._compile (node:internal/modules/cjs/loader:1364:14)
2025-04-14 09:46:27: TypeError: detectResourcesSync is not a function
2025-04-14 09:46:27:     at Object.<anonymous> (/repo/nodejs/demo-app/tracing.js:11:26)
2025-04-14 09:46:27:     at Module._compile (node:internal/modules/cjs/loader:1364:14)
2025-04-14 09:46:27:     at Module._extensions..js (node:internal/modules/cjs/loader:1422:10)
2025-04-14 09:46:27:     at Module.load (node:internal/modules/cjs/loader:1203:32)
2025-04-14 09:46:27:     at Module._load (node:internal/modules/cjs/loader:1019:12)
2025-04-14 09:46:27:     at Module.require (node:internal/modules/cjs/loader:1231:19)
2025-04-14 09:46:27:     at Hook._require.Module.require (/nix/store/shfv23xyd45wxv8w4ax04abmvmf1m78w-pm2-5.4.2/lib/node_modules/pm2/node_modules/require-in-the-middle/index.js:101:39)
2025-04-14 09:46:27:     at require (node:internal/modules/helpers:177:18)
2025-04-14 09:46:27:     at Object.<anonymous> (/repo/nodejs/demo-app/app.js:2:1)
2025-04-14 09:46:27:     at Module._compile (node:internal/modules/cjs/loader:1364:14)
2025-04-14 09:46:27: TypeError: detectResourcesSync is not a function
2025-04-14 09:46:27:     at Object.<anonymous> (/repo/nodejs/demo-app/tracing.js:11:26)
2025-04-14 09:46:27:     at Module._compile (node:internal/modules/cjs/loader:1364:14)
2025-04-14 09:46:27:     at Module._extensions..js (node:internal/modules/cjs/loader:1422:10)
2025-04-14 09:46:27:     at Module.load (node:internal/modules/cjs/loader:1203:32)
2025-04-14 09:46:27:     at Module._load (node:internal/modules/cjs/loader:1019:12)
2025-04-14 09:46:27:     at Module.require (node:internal/modules/cjs/loader:1231:19)
2025-04-14 09:46:27:     at Hook._require.Module.require (/nix/store/shfv23xyd45wxv8w4ax04abmvmf1m78w-pm2-5.4.2/lib/node_modules/pm2/node_modules/require-in-the-middle/index.js:101:39)
2025-04-14 09:46:27:     at require (node:internal/modules/helpers:177:18)
2025-04-14 09:46:27:     at Object.<anonymous> (/repo/nodejs/demo-app/app.js:2:1)
2025-04-14 09:46:27:     at Module._compile (node:internal/modules/cjs/loader:1364:14)
2025-04-14 09:46:28: TypeError: detectResourcesSync is not a function
2025-04-14 09:46:28:     at Object.<anonymous> (/repo/nodejs/demo-app/tracing.js:11:26)
2025-04-14 09:46:28:     at Module._compile (node:internal/modules/cjs/loader:1364:14)
2025-04-14 09:46:28:     at Module._extensions..js (node:internal/modules/cjs/loader:1422:10)
2025-04-14 09:46:28:     at Module.load (node:internal/modules/cjs/loader:1203:32)
2025-04-14 09:46:28:     at Module._load (node:internal/modules/cjs/loader:1019:12)
2025-04-14 09:46:28:     at Module.require (node:internal/modules/cjs/loader:1231:19)
2025-04-14 09:46:28:     at Hook._require.Module.require (/nix/store/shfv23xyd45wxv8w4ax04abmvmf1m78w-pm2-5.4.2/lib/node_modules/pm2/node_modules/require-in-the-middle/index.js:101:39)
2025-04-14 09:46:28:     at require (node:internal/modules/helpers:177:18)
2025-04-14 09:46:28:     at Object.<anonymous> (/repo/nodejs/demo-app/app.js:2:1)
2025-04-14 09:46:28:     at Module._compile (node:internal/modules/cjs/loader:1364:14)
2025-04-14 09:46:28: TypeError: detectResourcesSync is not a function
2025-04-14 09:46:28:     at Object.<anonymous> (/repo/nodejs/demo-app/tracing.js:11:26)
2025-04-14 09:46:28:     at Module._compile (node:internal/modules/cjs/loader:1364:14)
2025-04-14 09:46:28:     at Module._extensions..js (node:internal/modules/cjs/loader:1422:10)
2025-04-14 09:46:28:     at Module.load (node:internal/modules/cjs/loader:1203:32)
2025-04-14 09:46:28:     at Module._load (node:internal/modules/cjs/loader:1019:12)
2025-04-14 09:46:28:     at Module.require (node:internal/modules/cjs/loader:1231:19)
2025-04-14 09:46:28:     at Hook._require.Module.require (/nix/store/shfv23xyd45wxv8w4ax04abmvmf1m78w-pm2-5.4.2/lib/node_modules/pm2/node_modules/require-in-the-middle/index.js:101:39)
2025-04-14 09:46:28:     at require (node:internal/modules/helpers:177:18)
2025-04-14 09:46:28:     at Object.<anonymous> (/repo/nodejs/demo-app/app.js:2:1)
2025-04-14 09:46:28:     at Module._compile (node:internal/modules/cjs/loader:1364:14)
2025-04-14 09:46:28: TypeError: detectResourcesSync is not a function
2025-04-14 09:46:28:     at Object.<anonymous> (/repo/nodejs/demo-app/tracing.js:11:26)
2025-04-14 09:46:28:     at Module._compile (node:internal/modules/cjs/loader:1364:14)
2025-04-14 09:46:28:     at Module._extensions..js (node:internal/modules/cjs/loader:1422:10)
2025-04-14 09:46:28:     at Module.load (node:internal/modules/cjs/loader:1203:32)
2025-04-14 09:46:28:     at Module._load (node:internal/modules/cjs/loader:1019:12)
2025-04-14 09:46:28:     at Module.require (node:internal/modules/cjs/loader:1231:19)
2025-04-14 09:46:28:     at Hook._require.Module.require (/nix/store/shfv23xyd45wxv8w4ax04abmvmf1m78w-pm2-5.4.2/lib/node_modules/pm2/node_modules/require-in-the-middle/index.js:101:39)
2025-04-14 09:46:28:     at require (node:internal/modules/helpers:177:18)
2025-04-14 09:46:28:     at Object.<anonymous> (/repo/nodejs/demo-app/app.js:2:1)
2025-04-14 09:46:28:     at Module._compile (node:internal/modules/cjs/loader:1364:14)
2025-04-14 09:46:28: TypeError: detectResourcesSync is not a function
2025-04-14 09:46:28:     at Object.<anonymous> (/repo/nodejs/demo-app/tracing.js:11:26)
2025-04-14 09:46:28:     at Module._compile (node:internal/modules/cjs/loader:1364:14)
2025-04-14 09:46:28:     at Module._extensions..js (node:internal/modules/cjs/loader:1422:10)
2025-04-14 09:46:28:     at Module.load (node:internal/modules/cjs/loader:1203:32)
2025-04-14 09:46:28:     at Module._load (node:internal/modules/cjs/loader:1019:12)
2025-04-14 09:46:28:     at Module.require (node:internal/modules/cjs/loader:1231:19)
2025-04-14 09:46:28:     at Hook._require.Module.require (/nix/store/shfv23xyd45wxv8w4ax04abmvmf1m78w-pm2-5.4.2/lib/node_modules/pm2/node_modules/require-in-the-middle/index.js:101:39)
2025-04-14 09:46:28:     at require (node:internal/modules/helpers:177:18)
2025-04-14 09:46:28:     at Object.<anonymous> (/repo/nodejs/demo-app/app.js:2:1)
2025-04-14 09:46:28:     at Module._compile (node:internal/modules/cjs/loader:1364:14)
2025-04-14 09:46:29: TypeError: detectResourcesSync is not a function
2025-04-14 09:46:29:     at Object.<anonymous> (/repo/nodejs/demo-app/tracing.js:11:26)
2025-04-14 09:46:29:     at Module._compile (node:internal/modules/cjs/loader:1364:14)
2025-04-14 09:46:29:     at Module._extensions..js (node:internal/modules/cjs/loader:1422:10)
2025-04-14 09:46:29:     at Module.load (node:internal/modules/cjs/loader:1203:32)
2025-04-14 09:46:29:     at Module._load (node:internal/modules/cjs/loader:1019:12)
2025-04-14 09:46:29:     at Module.require (node:internal/modules/cjs/loader:1231:19)
2025-04-14 09:46:29:     at Hook._require.Module.require (/nix/store/shfv23xyd45wxv8w4ax04abmvmf1m78w-pm2-5.4.2/lib/node_modules/pm2/node_modules/require-in-the-middle/index.js:101:39)
2025-04-14 09:46:29:     at require (node:internal/modules/helpers:177:18)
2025-04-14 09:46:29:     at Object.<anonymous> (/repo/nodejs/demo-app/app.js:2:1)
2025-04-14 09:46:29:     at Module._compile (node:internal/modules/cjs/loader:1364:14)
2025-04-14 09:46:29: TypeError: detectResourcesSync is not a function
2025-04-14 09:46:29:     at Object.<anonymous> (/repo/nodejs/demo-app/tracing.js:11:26)
2025-04-14 09:46:29:     at Module._compile (node:internal/modules/cjs/loader:1364:14)
2025-04-14 09:46:29:     at Module._extensions..js (node:internal/modules/cjs/loader:1422:10)
2025-04-14 09:46:29:     at Module.load (node:internal/modules/cjs/loader:1203:32)
2025-04-14 09:46:29:     at Module._load (node:internal/modules/cjs/loader:1019:12)
2025-04-14 09:46:29:     at Module.require (node:internal/modules/cjs/loader:1231:19)
2025-04-14 09:46:29:     at Hook._require.Module.require (/nix/store/shfv23xyd45wxv8w4ax04abmvmf1m78w-pm2-5.4.2/lib/node_modules/pm2/node_modules/require-in-the-middle/index.js:101:39)
2025-04-14 09:46:29:     at require (node:internal/modules/helpers:177:18)
2025-04-14 09:46:29:     at Object.<anonymous> (/repo/nodejs/demo-app/app.js:2:1)
2025-04-14 09:46:29:     at Module._compile (node:internal/modules/cjs/loader:1364:14)
2025-04-14 09:46:29: TypeError: detectResourcesSync is not a function
2025-04-14 09:46:29:     at Object.<anonymous> (/repo/nodejs/demo-app/tracing.js:11:26)
2025-04-14 09:46:29:     at Module._compile (node:internal/modules/cjs/loader:1364:14)
2025-04-14 09:46:29:     at Module._extensions..js (node:internal/modules/cjs/loader:1422:10)
2025-04-14 09:46:29:     at Module.load (node:internal/modules/cjs/loader:1203:32)
2025-04-14 09:46:29:     at Module._load (node:internal/modules/cjs/loader:1019:12)
2025-04-14 09:46:29:     at Module.require (node:internal/modules/cjs/loader:1231:19)
2025-04-14 09:46:29:     at Hook._require.Module.require (/nix/store/shfv23xyd45wxv8w4ax04abmvmf1m78w-pm2-5.4.2/lib/node_modules/pm2/node_modules/require-in-the-middle/index.js:101:39)
2025-04-14 09:46:29:     at require (node:internal/modules/helpers:177:18)
2025-04-14 09:46:29:     at Object.<anonymous> (/repo/nodejs/demo-app/app.js:2:1)
2025-04-14 09:46:29:     at Module._compile (node:internal/modules/cjs/loader:1364:14)
2025-04-14 09:46:29: TypeError: detectResourcesSync is not a function
2025-04-14 09:46:29:     at Object.<anonymous> (/repo/nodejs/demo-app/tracing.js:11:26)
2025-04-14 09:46:29:     at Module._compile (node:internal/modules/cjs/loader:1364:14)
2025-04-14 09:46:29:     at Module._extensions..js (node:internal/modules/cjs/loader:1422:10)
2025-04-14 09:46:29:     at Module.load (node:internal/modules/cjs/loader:1203:32)
2025-04-14 09:46:29:     at Module._load (node:internal/modules/cjs/loader:1019:12)
2025-04-14 09:46:29:     at Module.require (node:internal/modules/cjs/loader:1231:19)
2025-04-14 09:46:29:     at Hook._require.Module.require (/nix/store/shfv23xyd45wxv8w4ax04abmvmf1m78w-pm2-5.4.2/lib/node_modules/pm2/node_modules/require-in-the-middle/index.js:101:39)
2025-04-14 09:46:29:     at require (node:internal/modules/helpers:177:18)
2025-04-14 09:46:29:     at Object.<anonymous> (/repo/nodejs/demo-app/app.js:2:1)
2025-04-14 09:46:29:     at Module._compile (node:internal/modules/cjs/loader:1364:14)
2025-04-14 09:46:30: TypeError: detectResourcesSync is not a function
2025-04-14 09:46:30:     at Object.<anonymous> (/repo/nodejs/demo-app/tracing.js:11:26)
2025-04-14 09:46:30:     at Module._compile (node:internal/modules/cjs/loader:1364:14)
2025-04-14 09:46:30:     at Module._extensions..js (node:internal/modules/cjs/loader:1422:10)
2025-04-14 09:46:30:     at Module.load (node:internal/modules/cjs/loader:1203:32)
2025-04-14 09:46:30:     at Module._load (node:internal/modules/cjs/loader:1019:12)
2025-04-14 09:46:30:     at Module.require (node:internal/modules/cjs/loader:1231:19)
2025-04-14 09:46:30:     at Hook._require.Module.require (/nix/store/shfv23xyd45wxv8w4ax04abmvmf1m78w-pm2-5.4.2/lib/node_modules/pm2/node_modules/require-in-the-middle/index.js:101:39)
2025-04-14 09:46:30:     at require (node:internal/modules/helpers:177:18)
2025-04-14 09:46:30:     at Object.<anonymous> (/repo/nodejs/demo-app/app.js:2:1)
2025-04-14 09:46:30:     at Module._compile (node:internal/modules/cjs/loader:1364:14)
2025-04-14 09:46:30: TypeError: detectResourcesSync is not a function
2025-04-14 09:46:30:     at Object.<anonymous> (/repo/nodejs/demo-app/tracing.js:11:26)
2025-04-14 09:46:30:     at Module._compile (node:internal/modules/cjs/loader:1364:14)
2025-04-14 09:46:30:     at Module._extensions..js (node:internal/modules/cjs/loader:1422:10)
2025-04-14 09:46:30:     at Module.load (node:internal/modules/cjs/loader:1203:32)
2025-04-14 09:46:30:     at Module._load (node:internal/modules/cjs/loader:1019:12)
2025-04-14 09:46:30:     at Module.require (node:internal/modules/cjs/loader:1231:19)
2025-04-14 09:46:30:     at Hook._require.Module.require (/nix/store/shfv23xyd45wxv8w4ax04abmvmf1m78w-pm2-5.4.2/lib/node_modules/pm2/node_modules/require-in-the-middle/index.js:101:39)
2025-04-14 09:46:30:     at require (node:internal/modules/helpers:177:18)
2025-04-14 09:46:30:     at Object.<anonymous> (/repo/nodejs/demo-app/app.js:2:1)
2025-04-14 09:46:30:     at Module._compile (node:internal/modules/cjs/loader:1364:14)
2025-04-14 09:46:30: TypeError: detectResourcesSync is not a function
2025-04-14 09:46:30:     at Object.<anonymous> (/repo/nodejs/demo-app/tracing.js:11:26)
2025-04-14 09:46:30:     at Module._compile (node:internal/modules/cjs/loader:1364:14)
2025-04-14 09:46:30:     at Module._extensions..js (node:internal/modules/cjs/loader:1422:10)
2025-04-14 09:46:30:     at Module.load (node:internal/modules/cjs/loader:1203:32)
2025-04-14 09:46:30:     at Module._load (node:internal/modules/cjs/loader:1019:12)
2025-04-14 09:46:30:     at Module.require (node:internal/modules/cjs/loader:1231:19)
2025-04-14 09:46:30:     at Hook._require.Module.require (/nix/store/shfv23xyd45wxv8w4ax04abmvmf1m78w-pm2-5.4.2/lib/node_modules/pm2/node_modules/require-in-the-middle/index.js:101:39)
2025-04-14 09:46:30:     at require (node:internal/modules/helpers:177:18)
2025-04-14 09:46:30:     at Object.<anonymous> (/repo/nodejs/demo-app/app.js:2:1)
2025-04-14 09:46:30:     at Module._compile (node:internal/modules/cjs/loader:1364:14)
2025-04-14 09:46:31: TypeError: detectResourcesSync is not a function
2025-04-14 09:46:31:     at Object.<anonymous> (/repo/nodejs/demo-app/tracing.js:11:26)
2025-04-14 09:46:31:     at Module._compile (node:internal/modules/cjs/loader:1364:14)
2025-04-14 09:46:31:     at Module._extensions..js (node:internal/modules/cjs/loader:1422:10)
2025-04-14 09:46:31:     at Module.load (node:internal/modules/cjs/loader:1203:32)
2025-04-14 09:46:31:     at Module._load (node:internal/modules/cjs/loader:1019:12)
2025-04-14 09:46:31:     at Module.require (node:internal/modules/cjs/loader:1231:19)
2025-04-14 09:46:31:     at Hook._require.Module.require (/nix/store/shfv23xyd45wxv8w4ax04abmvmf1m78w-pm2-5.4.2/lib/node_modules/pm2/node_modules/require-in-the-middle/index.js:101:39)
2025-04-14 09:46:31:     at require (node:internal/modules/helpers:177:18)
2025-04-14 09:46:31:     at Object.<anonymous> (/repo/nodejs/demo-app/app.js:2:1)
2025-04-14 09:46:31:     at Module._compile (node:internal/modules/cjs/loader:1364:14)
2025-04-14 09:46:31: TypeError: detectResourcesSync is not a function
2025-04-14 09:46:31:     at Object.<anonymous> (/repo/nodejs/demo-app/tracing.js:11:26)
2025-04-14 09:46:31:     at Module._compile (node:internal/modules/cjs/loader:1364:14)
2025-04-14 09:46:31:     at Module._extensions..js (node:internal/modules/cjs/loader:1422:10)
2025-04-14 09:46:31:     at Module.load (node:internal/modules/cjs/loader:1203:32)
2025-04-14 09:46:31:     at Module._load (node:internal/modules/cjs/loader:1019:12)
2025-04-14 09:46:31:     at Module.require (node:internal/modules/cjs/loader:1231:19)
2025-04-14 09:46:31:     at Hook._require.Module.require (/nix/store/shfv23xyd45wxv8w4ax04abmvmf1m78w-pm2-5.4.2/lib/node_modules/pm2/node_modules/require-in-the-middle/index.js:101:39)
2025-04-14 09:46:31:     at require (node:internal/modules/helpers:177:18)
2025-04-14 09:46:31:     at Object.<anonymous> (/repo/nodejs/demo-app/app.js:2:1)
2025-04-14 09:46:31:     at Module._compile (node:internal/modules/cjs/loader:1364:14)
2025-04-14 09:46:31: TypeError: detectResourcesSync is not a function
2025-04-14 09:46:31:     at Object.<anonymous> (/repo/nodejs/demo-app/tracing.js:11:26)
2025-04-14 09:46:31:     at Module._compile (node:internal/modules/cjs/loader:1364:14)
2025-04-14 09:46:31:     at Module._extensions..js (node:internal/modules/cjs/loader:1422:10)
2025-04-14 09:46:31:     at Module.load (node:internal/modules/cjs/loader:1203:32)
2025-04-14 09:46:31:     at Module._load (node:internal/modules/cjs/loader:1019:12)
2025-04-14 09:46:31:     at Module.require (node:internal/modules/cjs/loader:1231:19)
2025-04-14 09:46:31:     at Hook._require.Module.require (/nix/store/shfv23xyd45wxv8w4ax04abmvmf1m78w-pm2-5.4.2/lib/node_modules/pm2/node_modules/require-in-the-middle/index.js:101:39)
2025-04-14 09:46:31:     at require (node:internal/modules/helpers:177:18)
2025-04-14 09:46:31:     at Object.<anonymous> (/repo/nodejs/demo-app/app.js:2:1)
2025-04-14 09:46:31:     at Module._compile (node:internal/modules/cjs/loader:1364:14)
2025-04-14 09:46:32: TypeError: detectResourcesSync is not a function
2025-04-14 09:46:32:     at Object.<anonymous> (/repo/nodejs/demo-app/tracing.js:11:26)
2025-04-14 09:46:32:     at Module._compile (node:internal/modules/cjs/loader:1364:14)
2025-04-14 09:46:32:     at Module._extensions..js (node:internal/modules/cjs/loader:1422:10)
2025-04-14 09:46:32:     at Module.load (node:internal/modules/cjs/loader:1203:32)
2025-04-14 09:46:32:     at Module._load (node:internal/modules/cjs/loader:1019:12)
2025-04-14 09:46:32:     at Module.require (node:internal/modules/cjs/loader:1231:19)
2025-04-14 09:46:32:     at Hook._require.Module.require (/nix/store/shfv23xyd45wxv8w4ax04abmvmf1m78w-pm2-5.4.2/lib/node_modules/pm2/node_modules/require-in-the-middle/index.js:101:39)
2025-04-14 09:46:32:     at require (node:internal/modules/helpers:177:18)
2025-04-14 09:46:32:     at Object.<anonymous> (/repo/nodejs/demo-app/app.js:2:1)
2025-04-14 09:46:32:     at Module._compile (node:internal/modules/cjs/loader:1364:14)
2025-04-14 09:46:32: TypeError: detectResourcesSync is not a function
2025-04-14 09:46:32:     at Object.<anonymous> (/repo/nodejs/demo-app/tracing.js:11:26)
2025-04-14 09:46:32:     at Module._compile (node:internal/modules/cjs/loader:1364:14)
2025-04-14 09:46:32:     at Module._extensions..js (node:internal/modules/cjs/loader:1422:10)
2025-04-14 09:46:32:     at Module.load (node:internal/modules/cjs/loader:1203:32)
2025-04-14 09:46:32:     at Module._load (node:internal/modules/cjs/loader:1019:12)
2025-04-14 09:46:32:     at Module.require (node:internal/modules/cjs/loader:1231:19)
2025-04-14 09:46:32:     at Hook._require.Module.require (/nix/store/shfv23xyd45wxv8w4ax04abmvmf1m78w-pm2-5.4.2/lib/node_modules/pm2/node_modules/require-in-the-middle/index.js:101:39)
2025-04-14 09:46:32:     at require (node:internal/modules/helpers:177:18)
2025-04-14 09:46:32:     at Object.<anonymous> (/repo/nodejs/demo-app/app.js:2:1)
2025-04-14 09:46:32:     at Module._compile (node:internal/modules/cjs/loader:1364:14)
2025-04-14 09:46:32: TypeError: detectResourcesSync is not a function
2025-04-14 09:46:32:     at Object.<anonymous> (/repo/nodejs/demo-app/tracing.js:11:26)
2025-04-14 09:46:32:     at Module._compile (node:internal/modules/cjs/loader:1364:14)
2025-04-14 09:46:32:     at Module._extensions..js (node:internal/modules/cjs/loader:1422:10)
2025-04-14 09:46:32:     at Module.load (node:internal/modules/cjs/loader:1203:32)
2025-04-14 09:46:32:     at Module._load (node:internal/modules/cjs/loader:1019:12)
2025-04-14 09:46:32:     at Module.require (node:internal/modules/cjs/loader:1231:19)
2025-04-14 09:46:32:     at Hook._require.Module.require (/nix/store/shfv23xyd45wxv8w4ax04abmvmf1m78w-pm2-5.4.2/lib/node_modules/pm2/node_modules/require-in-the-middle/index.js:101:39)
2025-04-14 09:46:32:     at require (node:internal/modules/helpers:177:18)
2025-04-14 09:46:32:     at Object.<anonymous> (/repo/nodejs/demo-app/app.js:2:1)
2025-04-14 09:46:32:     at Module._compile (node:internal/modules/cjs/loader:1364:14)
2025-04-14 09:46:32: TypeError: detectResourcesSync is not a function
2025-04-14 09:46:32:     at Object.<anonymous> (/repo/nodejs/demo-app/tracing.js:11:26)
2025-04-14 09:46:32:     at Module._compile (node:internal/modules/cjs/loader:1364:14)
2025-04-14 09:46:32:     at Module._extensions..js (node:internal/modules/cjs/loader:1422:10)
2025-04-14 09:46:32:     at Module.load (node:internal/modules/cjs/loader:1203:32)
2025-04-14 09:46:32:     at Module._load (node:internal/modules/cjs/loader:1019:12)
2025-04-14 09:46:32:     at Module.require (node:internal/modules/cjs/loader:1231:19)
2025-04-14 09:46:32:     at Hook._require.Module.require (/nix/store/shfv23xyd45wxv8w4ax04abmvmf1m78w-pm2-5.4.2/lib/node_modules/pm2/node_modules/require-in-the-middle/index.js:101:39)
2025-04-14 09:46:32:     at require (node:internal/modules/helpers:177:18)
2025-04-14 09:46:32:     at Object.<anonymous> (/repo/nodejs/demo-app/app.js:2:1)
2025-04-14 09:46:32:     at Module._compile (node:internal/modules/cjs/loader:1364:14)
2025-04-14 09:46:33: TypeError: detectResourcesSync is not a function
2025-04-14 09:46:33:     at Object.<anonymous> (/repo/nodejs/demo-app/tracing.js:11:26)
2025-04-14 09:46:33:     at Module._compile (node:internal/modules/cjs/loader:1364:14)
2025-04-14 09:46:33:     at Module._extensions..js (node:internal/modules/cjs/loader:1422:10)
2025-04-14 09:46:33:     at Module.load (node:internal/modules/cjs/loader:1203:32)
2025-04-14 09:46:33:     at Module._load (node:internal/modules/cjs/loader:1019:12)
2025-04-14 09:46:33:     at Module.require (node:internal/modules/cjs/loader:1231:19)
2025-04-14 09:46:33:     at Hook._require.Module.require (/nix/store/shfv23xyd45wxv8w4ax04abmvmf1m78w-pm2-5.4.2/lib/node_modules/pm2/node_modules/require-in-the-middle/index.js:101:39)
2025-04-14 09:46:33:     at require (node:internal/modules/helpers:177:18)
2025-04-14 09:46:33:     at Object.<anonymous> (/repo/nodejs/demo-app/app.js:2:1)
2025-04-14 09:46:33:     at Module._compile (node:internal/modules/cjs/loader:1364:14)
2025-04-14 09:46:33: TypeError: detectResourcesSync is not a function
2025-04-14 09:46:33:     at Object.<anonymous> (/repo/nodejs/demo-app/tracing.js:11:26)
2025-04-14 09:46:33:     at Module._compile (node:internal/modules/cjs/loader:1364:14)
2025-04-14 09:46:33:     at Module._extensions..js (node:internal/modules/cjs/loader:1422:10)
2025-04-14 09:46:33:     at Module.load (node:internal/modules/cjs/loader:1203:32)
2025-04-14 09:46:33:     at Module._load (node:internal/modules/cjs/loader:1019:12)
2025-04-14 09:46:33:     at Module.require (node:internal/modules/cjs/loader:1231:19)
2025-04-14 09:46:33:     at Hook._require.Module.require (/nix/store/shfv23xyd45wxv8w4ax04abmvmf1m78w-pm2-5.4.2/lib/node_modules/pm2/node_modules/require-in-the-middle/index.js:101:39)
2025-04-14 09:46:33:     at require (node:internal/modules/helpers:177:18)
2025-04-14 09:46:33:     at Object.<anonymous> (/repo/nodejs/demo-app/app.js:2:1)
2025-04-14 09:46:33:     at Module._compile (node:internal/modules/cjs/loader:1364:14)
2025-04-14 09:46:33: TypeError: detectResourcesSync is not a function
2025-04-14 09:46:33:     at Object.<anonymous> (/repo/nodejs/demo-app/tracing.js:11:26)
2025-04-14 09:46:33:     at Module._compile (node:internal/modules/cjs/loader:1364:14)
2025-04-14 09:46:33:     at Module._extensions..js (node:internal/modules/cjs/loader:1422:10)
2025-04-14 09:46:33:     at Module.load (node:internal/modules/cjs/loader:1203:32)
2025-04-14 09:46:33:     at Module._load (node:internal/modules/cjs/loader:1019:12)
2025-04-14 09:46:33:     at Module.require (node:internal/modules/cjs/loader:1231:19)
2025-04-14 09:46:33:     at Hook._require.Module.require (/nix/store/shfv23xyd45wxv8w4ax04abmvmf1m78w-pm2-5.4.2/lib/node_modules/pm2/node_modules/require-in-the-middle/index.js:101:39)
2025-04-14 09:46:33:     at require (node:internal/modules/helpers:177:18)
2025-04-14 09:46:33:     at Object.<anonymous> (/repo/nodejs/demo-app/app.js:2:1)
2025-04-14 09:46:33:     at Module._compile (node:internal/modules/cjs/loader:1364:14)
2025-04-14 09:46:34: TypeError: detectResourcesSync is not a function
2025-04-14 09:46:34:     at Object.<anonymous> (/repo/nodejs/demo-app/tracing.js:11:26)
2025-04-14 09:46:34:     at Module._compile (node:internal/modules/cjs/loader:1364:14)
2025-04-14 09:46:34:     at Module._extensions..js (node:internal/modules/cjs/loader:1422:10)
2025-04-14 09:46:34:     at Module.load (node:internal/modules/cjs/loader:1203:32)
2025-04-14 09:46:34:     at Module._load (node:internal/modules/cjs/loader:1019:12)
2025-04-14 09:46:34:     at Module.require (node:internal/modules/cjs/loader:1231:19)
2025-04-14 09:46:34:     at Hook._require.Module.require (/nix/store/shfv23xyd45wxv8w4ax04abmvmf1m78w-pm2-5.4.2/lib/node_modules/pm2/node_modules/require-in-the-middle/index.js:101:39)
2025-04-14 09:46:34:     at require (node:internal/modules/helpers:177:18)
2025-04-14 09:46:34:     at Object.<anonymous> (/repo/nodejs/demo-app/app.js:2:1)
2025-04-14 09:46:34:     at Module._compile (node:internal/modules/cjs/loader:1364:14)
2025-04-14 09:46:34: TypeError: detectResourcesSync is not a function
2025-04-14 09:46:34:     at Object.<anonymous> (/repo/nodejs/demo-app/tracing.js:11:26)
2025-04-14 09:46:34:     at Module._compile (node:internal/modules/cjs/loader:1364:14)
2025-04-14 09:46:34:     at Module._extensions..js (node:internal/modules/cjs/loader:1422:10)
2025-04-14 09:46:34:     at Module.load (node:internal/modules/cjs/loader:1203:32)
2025-04-14 09:46:34:     at Module._load (node:internal/modules/cjs/loader:1019:12)
2025-04-14 09:46:34:     at Module.require (node:internal/modules/cjs/loader:1231:19)
2025-04-14 09:46:34:     at Hook._require.Module.require (/nix/store/shfv23xyd45wxv8w4ax04abmvmf1m78w-pm2-5.4.2/lib/node_modules/pm2/node_modules/require-in-the-middle/index.js:101:39)
2025-04-14 09:46:34:     at require (node:internal/modules/helpers:177:18)
2025-04-14 09:46:34:     at Object.<anonymous> (/repo/nodejs/demo-app/app.js:2:1)
2025-04-14 09:46:34:     at Module._compile (node:internal/modules/cjs/loader:1364:14)
2025-04-14 09:46:34: TypeError: detectResourcesSync is not a function
2025-04-14 09:46:34:     at Object.<anonymous> (/repo/nodejs/demo-app/tracing.js:11:26)
2025-04-14 09:46:34:     at Module._compile (node:internal/modules/cjs/loader:1364:14)
2025-04-14 09:46:34:     at Module._extensions..js (node:internal/modules/cjs/loader:1422:10)
2025-04-14 09:46:34:     at Module.load (node:internal/modules/cjs/loader:1203:32)
2025-04-14 09:46:34:     at Module._load (node:internal/modules/cjs/loader:1019:12)
2025-04-14 09:46:34:     at Module.require (node:internal/modules/cjs/loader:1231:19)
2025-04-14 09:46:34:     at Hook._require.Module.require (/nix/store/shfv23xyd45wxv8w4ax04abmvmf1m78w-pm2-5.4.2/lib/node_modules/pm2/node_modules/require-in-the-middle/index.js:101:39)
2025-04-14 09:46:34:     at require (node:internal/modules/helpers:177:18)
2025-04-14 09:46:34:     at Object.<anonymous> (/repo/nodejs/demo-app/app.js:2:1)
2025-04-14 09:46:34:     at Module._compile (node:internal/modules/cjs/loader:1364:14)
2025-04-14 09:46:34: TypeError: detectResourcesSync is not a function
2025-04-14 09:46:34:     at Object.<anonymous> (/repo/nodejs/demo-app/tracing.js:11:26)
2025-04-14 09:46:34:     at Module._compile (node:internal/modules/cjs/loader:1364:14)
2025-04-14 09:46:34:     at Module._extensions..js (node:internal/modules/cjs/loader:1422:10)
2025-04-14 09:46:34:     at Module.load (node:internal/modules/cjs/loader:1203:32)
2025-04-14 09:46:34:     at Module._load (node:internal/modules/cjs/loader:1019:12)
2025-04-14 09:46:34:     at Module.require (node:internal/modules/cjs/loader:1231:19)
2025-04-14 09:46:34:     at Hook._require.Module.require (/nix/store/shfv23xyd45wxv8w4ax04abmvmf1m78w-pm2-5.4.2/lib/node_modules/pm2/node_modules/require-in-the-middle/index.js:101:39)
2025-04-14 09:46:34:     at require (node:internal/modules/helpers:177:18)
2025-04-14 09:46:34:     at Object.<anonymous> (/repo/nodejs/demo-app/app.js:2:1)
2025-04-14 09:46:34:     at Module._compile (node:internal/modules/cjs/loader:1364:14)
2025-04-14 09:46:35: TypeError: detectResourcesSync is not a function
2025-04-14 09:46:35:     at Object.<anonymous> (/repo/nodejs/demo-app/tracing.js:11:26)
2025-04-14 09:46:35:     at Module._compile (node:internal/modules/cjs/loader:1364:14)
2025-04-14 09:46:35:     at Module._extensions..js (node:internal/modules/cjs/loader:1422:10)
2025-04-14 09:46:35:     at Module.load (node:internal/modules/cjs/loader:1203:32)
2025-04-14 09:46:35:     at Module._load (node:internal/modules/cjs/loader:1019:12)
2025-04-14 09:46:35:     at Module.require (node:internal/modules/cjs/loader:1231:19)
2025-04-14 09:46:35:     at Hook._require.Module.require (/nix/store/shfv23xyd45wxv8w4ax04abmvmf1m78w-pm2-5.4.2/lib/node_modules/pm2/node_modules/require-in-the-middle/index.js:101:39)
2025-04-14 09:46:35:     at require (node:internal/modules/helpers:177:18)
2025-04-14 09:46:35:     at Object.<anonymous> (/repo/nodejs/demo-app/app.js:2:1)
2025-04-14 09:46:35:     at Module._compile (node:internal/modules/cjs/loader:1364:14)
2025-04-14 09:46:35: TypeError: detectResourcesSync is not a function
2025-04-14 09:46:35:     at Object.<anonymous> (/repo/nodejs/demo-app/tracing.js:11:26)
2025-04-14 09:46:35:     at Module._compile (node:internal/modules/cjs/loader:1364:14)
2025-04-14 09:46:35:     at Module._extensions..js (node:internal/modules/cjs/loader:1422:10)
2025-04-14 09:46:35:     at Module.load (node:internal/modules/cjs/loader:1203:32)
2025-04-14 09:46:35:     at Module._load (node:internal/modules/cjs/loader:1019:12)
2025-04-14 09:46:35:     at Module.require (node:internal/modules/cjs/loader:1231:19)
2025-04-14 09:46:35:     at Hook._require.Module.require (/nix/store/shfv23xyd45wxv8w4ax04abmvmf1m78w-pm2-5.4.2/lib/node_modules/pm2/node_modules/require-in-the-middle/index.js:101:39)
2025-04-14 09:46:35:     at require (node:internal/modules/helpers:177:18)
2025-04-14 09:46:35:     at Object.<anonymous> (/repo/nodejs/demo-app/app.js:2:1)
2025-04-14 09:46:35:     at Module._compile (node:internal/modules/cjs/loader:1364:14)
2025-04-14 09:46:35: TypeError: detectResourcesSync is not a function
2025-04-14 09:46:35:     at Object.<anonymous> (/repo/nodejs/demo-app/tracing.js:11:26)
2025-04-14 09:46:35:     at Module._compile (node:internal/modules/cjs/loader:1364:14)
2025-04-14 09:46:35:     at Module._extensions..js (node:internal/modules/cjs/loader:1422:10)
2025-04-14 09:46:35:     at Module.load (node:internal/modules/cjs/loader:1203:32)
2025-04-14 09:46:35:     at Module._load (node:internal/modules/cjs/loader:1019:12)
2025-04-14 09:46:35:     at Module.require (node:internal/modules/cjs/loader:1231:19)
2025-04-14 09:46:35:     at Hook._require.Module.require (/nix/store/shfv23xyd45wxv8w4ax04abmvmf1m78w-pm2-5.4.2/lib/node_modules/pm2/node_modules/require-in-the-middle/index.js:101:39)
2025-04-14 09:46:35:     at require (node:internal/modules/helpers:177:18)
2025-04-14 09:46:35:     at Object.<anonymous> (/repo/nodejs/demo-app/app.js:2:1)
2025-04-14 09:46:35:     at Module._compile (node:internal/modules/cjs/loader:1364:14)
2025-04-14 09:46:36: TypeError: detectResourcesSync is not a function
2025-04-14 09:46:36:     at Object.<anonymous> (/repo/nodejs/demo-app/tracing.js:11:26)
2025-04-14 09:46:36:     at Module._compile (node:internal/modules/cjs/loader:1364:14)
2025-04-14 09:46:36:     at Module._extensions..js (node:internal/modules/cjs/loader:1422:10)
2025-04-14 09:46:36:     at Module.load (node:internal/modules/cjs/loader:1203:32)
2025-04-14 09:46:36:     at Module._load (node:internal/modules/cjs/loader:1019:12)
2025-04-14 09:46:36:     at Module.require (node:internal/modules/cjs/loader:1231:19)
2025-04-14 09:46:36:     at Hook._require.Module.require (/nix/store/shfv23xyd45wxv8w4ax04abmvmf1m78w-pm2-5.4.2/lib/node_modules/pm2/node_modules/require-in-the-middle/index.js:101:39)
2025-04-14 09:46:36:     at require (node:internal/modules/helpers:177:18)
2025-04-14 09:46:36:     at Object.<anonymous> (/repo/nodejs/demo-app/app.js:2:1)
2025-04-14 09:46:36:     at Module._compile (node:internal/modules/cjs/loader:1364:14)
2025-04-14 09:46:36: TypeError: detectResourcesSync is not a function
2025-04-14 09:46:36:     at Object.<anonymous> (/repo/nodejs/demo-app/tracing.js:11:26)
2025-04-14 09:46:36:     at Module._compile (node:internal/modules/cjs/loader:1364:14)
2025-04-14 09:46:36:     at Module._extensions..js (node:internal/modules/cjs/loader:1422:10)
2025-04-14 09:46:36:     at Module.load (node:internal/modules/cjs/loader:1203:32)
2025-04-14 09:46:36:     at Module._load (node:internal/modules/cjs/loader:1019:12)
2025-04-14 09:46:36:     at Module.require (node:internal/modules/cjs/loader:1231:19)
2025-04-14 09:46:36:     at Hook._require.Module.require (/nix/store/shfv23xyd45wxv8w4ax04abmvmf1m78w-pm2-5.4.2/lib/node_modules/pm2/node_modules/require-in-the-middle/index.js:101:39)
2025-04-14 09:46:36:     at require (node:internal/modules/helpers:177:18)
2025-04-14 09:46:36:     at Object.<anonymous> (/repo/nodejs/demo-app/app.js:2:1)
2025-04-14 09:46:36:     at Module._compile (node:internal/modules/cjs/loader:1364:14)
2025-04-14 09:46:36: TypeError: detectResourcesSync is not a function
2025-04-14 09:46:36:     at Object.<anonymous> (/repo/nodejs/demo-app/tracing.js:11:26)
2025-04-14 09:46:36:     at Module._compile (node:internal/modules/cjs/loader:1364:14)
2025-04-14 09:46:36:     at Module._extensions..js (node:internal/modules/cjs/loader:1422:10)
2025-04-14 09:46:36:     at Module.load (node:internal/modules/cjs/loader:1203:32)
2025-04-14 09:46:36:     at Module._load (node:internal/modules/cjs/loader:1019:12)
2025-04-14 09:46:36:     at Module.require (node:internal/modules/cjs/loader:1231:19)
2025-04-14 09:46:36:     at Hook._require.Module.require (/nix/store/shfv23xyd45wxv8w4ax04abmvmf1m78w-pm2-5.4.2/lib/node_modules/pm2/node_modules/require-in-the-middle/index.js:101:39)
2025-04-14 09:46:36:     at require (node:internal/modules/helpers:177:18)
2025-04-14 09:46:36:     at Object.<anonymous> (/repo/nodejs/demo-app/app.js:2:1)
2025-04-14 09:46:36:     at Module._compile (node:internal/modules/cjs/loader:1364:14)
2025-04-14 09:46:36: TypeError: detectResourcesSync is not a function
2025-04-14 09:46:36:     at Object.<anonymous> (/repo/nodejs/demo-app/tracing.js:11:26)
2025-04-14 09:46:36:     at Module._compile (node:internal/modules/cjs/loader:1364:14)
2025-04-14 09:46:36:     at Module._extensions..js (node:internal/modules/cjs/loader:1422:10)
2025-04-14 09:46:36:     at Module.load (node:internal/modules/cjs/loader:1203:32)
2025-04-14 09:46:36:     at Module._load (node:internal/modules/cjs/loader:1019:12)
2025-04-14 09:46:36:     at Module.require (node:internal/modules/cjs/loader:1231:19)
2025-04-14 09:46:36:     at Hook._require.Module.require (/nix/store/shfv23xyd45wxv8w4ax04abmvmf1m78w-pm2-5.4.2/lib/node_modules/pm2/node_modules/require-in-the-middle/index.js:101:39)
2025-04-14 09:46:36:     at require (node:internal/modules/helpers:177:18)
2025-04-14 09:46:36:     at Object.<anonymous> (/repo/nodejs/demo-app/app.js:2:1)
2025-04-14 09:46:36:     at Module._compile (node:internal/modules/cjs/loader:1364:14)
2025-04-14 09:46:37: TypeError: detectResourcesSync is not a function
2025-04-14 09:46:37:     at Object.<anonymous> (/repo/nodejs/demo-app/tracing.js:11:26)
2025-04-14 09:46:37:     at Module._compile (node:internal/modules/cjs/loader:1364:14)
2025-04-14 09:46:37:     at Module._extensions..js (node:internal/modules/cjs/loader:1422:10)
2025-04-14 09:46:37:     at Module.load (node:internal/modules/cjs/loader:1203:32)
2025-04-14 09:46:37:     at Module._load (node:internal/modules/cjs/loader:1019:12)
2025-04-14 09:46:37:     at Module.require (node:internal/modules/cjs/loader:1231:19)
2025-04-14 09:46:37:     at Hook._require.Module.require (/nix/store/shfv23xyd45wxv8w4ax04abmvmf1m78w-pm2-5.4.2/lib/node_modules/pm2/node_modules/require-in-the-middle/index.js:101:39)
2025-04-14 09:46:37:     at require (node:internal/modules/helpers:177:18)
2025-04-14 09:46:37:     at Object.<anonymous> (/repo/nodejs/demo-app/app.js:2:1)
2025-04-14 09:46:37:     at Module._compile (node:internal/modules/cjs/loader:1364:14)
2025-04-14 09:46:37: TypeError: detectResourcesSync is not a function
2025-04-14 09:46:37:     at Object.<anonymous> (/repo/nodejs/demo-app/tracing.js:11:26)
2025-04-14 09:46:37:     at Module._compile (node:internal/modules/cjs/loader:1364:14)
2025-04-14 09:46:37:     at Module._extensions..js (node:internal/modules/cjs/loader:1422:10)
2025-04-14 09:46:37:     at Module.load (node:internal/modules/cjs/loader:1203:32)
2025-04-14 09:46:37:     at Module._load (node:internal/modules/cjs/loader:1019:12)
2025-04-14 09:46:37:     at Module.require (node:internal/modules/cjs/loader:1231:19)
2025-04-14 09:46:37:     at Hook._require.Module.require (/nix/store/shfv23xyd45wxv8w4ax04abmvmf1m78w-pm2-5.4.2/lib/node_modules/pm2/node_modules/require-in-the-middle/index.js:101:39)
2025-04-14 09:46:37:     at require (node:internal/modules/helpers:177:18)
2025-04-14 09:46:37:     at Object.<anonymous> (/repo/nodejs/demo-app/app.js:2:1)
2025-04-14 09:46:37:     at Module._compile (node:internal/modules/cjs/loader:1364:14)
2025-04-14 09:46:37: TypeError: detectResourcesSync is not a function
2025-04-14 09:46:37:     at Object.<anonymous> (/repo/nodejs/demo-app/tracing.js:11:26)
2025-04-14 09:46:37:     at Module._compile (node:internal/modules/cjs/loader:1364:14)
2025-04-14 09:46:37:     at Module._extensions..js (node:internal/modules/cjs/loader:1422:10)
2025-04-14 09:46:37:     at Module.load (node:internal/modules/cjs/loader:1203:32)
2025-04-14 09:46:37:     at Module._load (node:internal/modules/cjs/loader:1019:12)
2025-04-14 09:46:37:     at Module.require (node:internal/modules/cjs/loader:1231:19)
2025-04-14 09:46:37:     at Hook._require.Module.require (/nix/store/shfv23xyd45wxv8w4ax04abmvmf1m78w-pm2-5.4.2/lib/node_modules/pm2/node_modules/require-in-the-middle/index.js:101:39)
2025-04-14 09:46:37:     at require (node:internal/modules/helpers:177:18)
2025-04-14 09:46:37:     at Object.<anonymous> (/repo/nodejs/demo-app/app.js:2:1)
2025-04-14 09:46:37:     at Module._compile (node:internal/modules/cjs/loader:1364:14)
2025-04-14 09:46:37: TypeError: detectResourcesSync is not a function
2025-04-14 09:46:37:     at Object.<anonymous> (/repo/nodejs/demo-app/tracing.js:11:26)
2025-04-14 09:46:37:     at Module._compile (node:internal/modules/cjs/loader:1364:14)
2025-04-14 09:46:37:     at Module._extensions..js (node:internal/modules/cjs/loader:1422:10)
2025-04-14 09:46:37:     at Module.load (node:internal/modules/cjs/loader:1203:32)
2025-04-14 09:46:37:     at Module._load (node:internal/modules/cjs/loader:1019:12)
2025-04-14 09:46:37:     at Module.require (node:internal/modules/cjs/loader:1231:19)
2025-04-14 09:46:37:     at Hook._require.Module.require (/nix/store/shfv23xyd45wxv8w4ax04abmvmf1m78w-pm2-5.4.2/lib/node_modules/pm2/node_modules/require-in-the-middle/index.js:101:39)
2025-04-14 09:46:37:     at require (node:internal/modules/helpers:177:18)
2025-04-14 09:46:37:     at Object.<anonymous> (/repo/nodejs/demo-app/app.js:2:1)
2025-04-14 09:46:37:     at Module._compile (node:internal/modules/cjs/loader:1364:14)
2025-04-14 09:46:38: TypeError: detectResourcesSync is not a function
2025-04-14 09:46:38:     at Object.<anonymous> (/repo/nodejs/demo-app/tracing.js:11:26)
2025-04-14 09:46:38:     at Module._compile (node:internal/modules/cjs/loader:1364:14)
2025-04-14 09:46:38:     at Module._extensions..js (node:internal/modules/cjs/loader:1422:10)
2025-04-14 09:46:38:     at Module.load (node:internal/modules/cjs/loader:1203:32)
2025-04-14 09:46:38:     at Module._load (node:internal/modules/cjs/loader:1019:12)
2025-04-14 09:46:38:     at Module.require (node:internal/modules/cjs/loader:1231:19)
2025-04-14 09:46:38:     at Hook._require.Module.require (/nix/store/shfv23xyd45wxv8w4ax04abmvmf1m78w-pm2-5.4.2/lib/node_modules/pm2/node_modules/require-in-the-middle/index.js:101:39)
2025-04-14 09:46:38:     at require (node:internal/modules/helpers:177:18)
2025-04-14 09:46:38:     at Object.<anonymous> (/repo/nodejs/demo-app/app.js:2:1)
2025-04-14 09:46:38:     at Module._compile (node:internal/modules/cjs/loader:1364:14)
2025-04-14 09:46:38: TypeError: detectResourcesSync is not a function
2025-04-14 09:46:38:     at Object.<anonymous> (/repo/nodejs/demo-app/tracing.js:11:26)
2025-04-14 09:46:38:     at Module._compile (node:internal/modules/cjs/loader:1364:14)
2025-04-14 09:46:38:     at Module._extensions..js (node:internal/modules/cjs/loader:1422:10)
2025-04-14 09:46:38:     at Module.load (node:internal/modules/cjs/loader:1203:32)
2025-04-14 09:46:38:     at Module._load (node:internal/modules/cjs/loader:1019:12)
2025-04-14 09:46:38:     at Module.require (node:internal/modules/cjs/loader:1231:19)
2025-04-14 09:46:38:     at Hook._require.Module.require (/nix/store/shfv23xyd45wxv8w4ax04abmvmf1m78w-pm2-5.4.2/lib/node_modules/pm2/node_modules/require-in-the-middle/index.js:101:39)
2025-04-14 09:46:38:     at require (node:internal/modules/helpers:177:18)
2025-04-14 09:46:38:     at Object.<anonymous> (/repo/nodejs/demo-app/app.js:2:1)
2025-04-14 09:46:38:     at Module._compile (node:internal/modules/cjs/loader:1364:14)
2025-04-14 09:46:38: TypeError: detectResourcesSync is not a function
2025-04-14 09:46:38:     at Object.<anonymous> (/repo/nodejs/demo-app/tracing.js:11:26)
2025-04-14 09:46:38:     at Module._compile (node:internal/modules/cjs/loader:1364:14)
2025-04-14 09:46:38:     at Module._extensions..js (node:internal/modules/cjs/loader:1422:10)
2025-04-14 09:46:38:     at Module.load (node:internal/modules/cjs/loader:1203:32)
2025-04-14 09:46:38:     at Module._load (node:internal/modules/cjs/loader:1019:12)
2025-04-14 09:46:38:     at Module.require (node:internal/modules/cjs/loader:1231:19)
2025-04-14 09:46:38:     at Hook._require.Module.require (/nix/store/shfv23xyd45wxv8w4ax04abmvmf1m78w-pm2-5.4.2/lib/node_modules/pm2/node_modules/require-in-the-middle/index.js:101:39)
2025-04-14 09:46:38:     at require (node:internal/modules/helpers:177:18)
2025-04-14 09:46:38:     at Object.<anonymous> (/repo/nodejs/demo-app/app.js:2:1)
2025-04-14 09:46:38:     at Module._compile (node:internal/modules/cjs/loader:1364:14)
2025-04-14 09:46:39: TypeError: detectResourcesSync is not a function
2025-04-14 09:46:39:     at Object.<anonymous> (/repo/nodejs/demo-app/tracing.js:11:26)
2025-04-14 09:46:39:     at Module._compile (node:internal/modules/cjs/loader:1364:14)
2025-04-14 09:46:39:     at Module._extensions..js (node:internal/modules/cjs/loader:1422:10)
2025-04-14 09:46:39:     at Module.load (node:internal/modules/cjs/loader:1203:32)
2025-04-14 09:46:39:     at Module._load (node:internal/modules/cjs/loader:1019:12)
2025-04-14 09:46:39:     at Module.require (node:internal/modules/cjs/loader:1231:19)
2025-04-14 09:46:39:     at Hook._require.Module.require (/nix/store/shfv23xyd45wxv8w4ax04abmvmf1m78w-pm2-5.4.2/lib/node_modules/pm2/node_modules/require-in-the-middle/index.js:101:39)
2025-04-14 09:46:39:     at require (node:internal/modules/helpers:177:18)
2025-04-14 09:46:39:     at Object.<anonymous> (/repo/nodejs/demo-app/app.js:2:1)
2025-04-14 09:46:39:     at Module._compile (node:internal/modules/cjs/loader:1364:14)
2025-04-14 09:46:39: TypeError: detectResourcesSync is not a function
2025-04-14 09:46:39:     at Object.<anonymous> (/repo/nodejs/demo-app/tracing.js:11:26)
2025-04-14 09:46:39:     at Module._compile (node:internal/modules/cjs/loader:1364:14)
2025-04-14 09:46:39:     at Module._extensions..js (node:internal/modules/cjs/loader:1422:10)
2025-04-14 09:46:39:     at Module.load (node:internal/modules/cjs/loader:1203:32)
2025-04-14 09:46:39:     at Module._load (node:internal/modules/cjs/loader:1019:12)
2025-04-14 09:46:39:     at Module.require (node:internal/modules/cjs/loader:1231:19)
2025-04-14 09:46:39:     at Hook._require.Module.require (/nix/store/shfv23xyd45wxv8w4ax04abmvmf1m78w-pm2-5.4.2/lib/node_modules/pm2/node_modules/require-in-the-middle/index.js:101:39)
2025-04-14 09:46:39:     at require (node:internal/modules/helpers:177:18)
2025-04-14 09:46:39:     at Object.<anonymous> (/repo/nodejs/demo-app/app.js:2:1)
2025-04-14 09:46:39:     at Module._compile (node:internal/modules/cjs/loader:1364:14)
2025-04-14 09:46:39: TypeError: detectResourcesSync is not a function
2025-04-14 09:46:39:     at Object.<anonymous> (/repo/nodejs/demo-app/tracing.js:11:26)
2025-04-14 09:46:39:     at Module._compile (node:internal/modules/cjs/loader:1364:14)
2025-04-14 09:46:39:     at Module._extensions..js (node:internal/modules/cjs/loader:1422:10)
2025-04-14 09:46:39:     at Module.load (node:internal/modules/cjs/loader:1203:32)
2025-04-14 09:46:39:     at Module._load (node:internal/modules/cjs/loader:1019:12)
2025-04-14 09:46:39:     at Module.require (node:internal/modules/cjs/loader:1231:19)
2025-04-14 09:46:39:     at Hook._require.Module.require (/nix/store/shfv23xyd45wxv8w4ax04abmvmf1m78w-pm2-5.4.2/lib/node_modules/pm2/node_modules/require-in-the-middle/index.js:101:39)
2025-04-14 09:46:39:     at require (node:internal/modules/helpers:177:18)
2025-04-14 09:46:39:     at Object.<anonymous> (/repo/nodejs/demo-app/app.js:2:1)
2025-04-14 09:46:39:     at Module._compile (node:internal/modules/cjs/loader:1364:14)
2025-04-14 09:46:39: TypeError: detectResourcesSync is not a function
2025-04-14 09:46:39:     at Object.<anonymous> (/repo/nodejs/demo-app/tracing.js:11:26)
2025-04-14 09:46:39:     at Module._compile (node:internal/modules/cjs/loader:1364:14)
2025-04-14 09:46:39:     at Module._extensions..js (node:internal/modules/cjs/loader:1422:10)
2025-04-14 09:46:39:     at Module.load (node:internal/modules/cjs/loader:1203:32)
2025-04-14 09:46:39:     at Module._load (node:internal/modules/cjs/loader:1019:12)
2025-04-14 09:46:39:     at Module.require (node:internal/modules/cjs/loader:1231:19)
2025-04-14 09:46:39:     at Hook._require.Module.require (/nix/store/shfv23xyd45wxv8w4ax04abmvmf1m78w-pm2-5.4.2/lib/node_modules/pm2/node_modules/require-in-the-middle/index.js:101:39)
2025-04-14 09:46:39:     at require (node:internal/modules/helpers:177:18)
2025-04-14 09:46:39:     at Object.<anonymous> (/repo/nodejs/demo-app/app.js:2:1)
2025-04-14 09:46:39:     at Module._compile (node:internal/modules/cjs/loader:1364:14)
2025-04-14 09:46:40: TypeError: detectResourcesSync is not a function
2025-04-14 09:46:40:     at Object.<anonymous> (/repo/nodejs/demo-app/tracing.js:11:26)
2025-04-14 09:46:40:     at Module._compile (node:internal/modules/cjs/loader:1364:14)
2025-04-14 09:46:40:     at Module._extensions..js (node:internal/modules/cjs/loader:1422:10)
2025-04-14 09:46:40:     at Module.load (node:internal/modules/cjs/loader:1203:32)
2025-04-14 09:46:40:     at Module._load (node:internal/modules/cjs/loader:1019:12)
2025-04-14 09:46:40:     at Module.require (node:internal/modules/cjs/loader:1231:19)
2025-04-14 09:46:40:     at Hook._require.Module.require (/nix/store/shfv23xyd45wxv8w4ax04abmvmf1m78w-pm2-5.4.2/lib/node_modules/pm2/node_modules/require-in-the-middle/index.js:101:39)
2025-04-14 09:46:40:     at require (node:internal/modules/helpers:177:18)
2025-04-14 09:46:40:     at Object.<anonymous> (/repo/nodejs/demo-app/app.js:2:1)
2025-04-14 09:46:40:     at Module._compile (node:internal/modules/cjs/loader:1364:14)
2025-04-14 09:46:40: TypeError: detectResourcesSync is not a function
2025-04-14 09:46:40:     at Object.<anonymous> (/repo/nodejs/demo-app/tracing.js:11:26)
2025-04-14 09:46:40:     at Module._compile (node:internal/modules/cjs/loader:1364:14)
2025-04-14 09:46:40:     at Module._extensions..js (node:internal/modules/cjs/loader:1422:10)
2025-04-14 09:46:40:     at Module.load (node:internal/modules/cjs/loader:1203:32)
2025-04-14 09:46:40:     at Module._load (node:internal/modules/cjs/loader:1019:12)
2025-04-14 09:46:40:     at Module.require (node:internal/modules/cjs/loader:1231:19)
2025-04-14 09:46:40:     at Hook._require.Module.require (/nix/store/shfv23xyd45wxv8w4ax04abmvmf1m78w-pm2-5.4.2/lib/node_modules/pm2/node_modules/require-in-the-middle/index.js:101:39)
2025-04-14 09:46:40:     at require (node:internal/modules/helpers:177:18)
2025-04-14 09:46:40:     at Object.<anonymous> (/repo/nodejs/demo-app/app.js:2:1)
2025-04-14 09:46:40:     at Module._compile (node:internal/modules/cjs/loader:1364:14)
2025-04-14 09:46:40: TypeError: detectResourcesSync is not a function
2025-04-14 09:46:40:     at Object.<anonymous> (/repo/nodejs/demo-app/tracing.js:11:26)
2025-04-14 09:46:40:     at Module._compile (node:internal/modules/cjs/loader:1364:14)
2025-04-14 09:46:40:     at Module._extensions..js (node:internal/modules/cjs/loader:1422:10)
2025-04-14 09:46:40:     at Module.load (node:internal/modules/cjs/loader:1203:32)
2025-04-14 09:46:40:     at Module._load (node:internal/modules/cjs/loader:1019:12)
2025-04-14 09:46:40:     at Module.require (node:internal/modules/cjs/loader:1231:19)
2025-04-14 09:46:40:     at Hook._require.Module.require (/nix/store/shfv23xyd45wxv8w4ax04abmvmf1m78w-pm2-5.4.2/lib/node_modules/pm2/node_modules/require-in-the-middle/index.js:101:39)
2025-04-14 09:46:40:     at require (node:internal/modules/helpers:177:18)
2025-04-14 09:46:40:     at Object.<anonymous> (/repo/nodejs/demo-app/app.js:2:1)
2025-04-14 09:46:40:     at Module._compile (node:internal/modules/cjs/loader:1364:14)
2025-04-14 09:46:40: TypeError: detectResourcesSync is not a function
2025-04-14 09:46:40:     at Object.<anonymous> (/repo/nodejs/demo-app/tracing.js:11:26)
2025-04-14 09:46:40:     at Module._compile (node:internal/modules/cjs/loader:1364:14)
2025-04-14 09:46:40:     at Module._extensions..js (node:internal/modules/cjs/loader:1422:10)
2025-04-14 09:46:40:     at Module.load (node:internal/modules/cjs/loader:1203:32)
2025-04-14 09:46:40:     at Module._load (node:internal/modules/cjs/loader:1019:12)
2025-04-14 09:46:40:     at Module.require (node:internal/modules/cjs/loader:1231:19)
2025-04-14 09:46:40:     at Hook._require.Module.require (/nix/store/shfv23xyd45wxv8w4ax04abmvmf1m78w-pm2-5.4.2/lib/node_modules/pm2/node_modules/require-in-the-middle/index.js:101:39)
2025-04-14 09:46:40:     at require (node:internal/modules/helpers:177:18)
2025-04-14 09:46:40:     at Object.<anonymous> (/repo/nodejs/demo-app/app.js:2:1)
2025-04-14 09:46:40:     at Module._compile (node:internal/modules/cjs/loader:1364:14)
2025-04-14 09:46:41: TypeError: detectResourcesSync is not a function
2025-04-14 09:46:41:     at Object.<anonymous> (/repo/nodejs/demo-app/tracing.js:11:26)
2025-04-14 09:46:41:     at Module._compile (node:internal/modules/cjs/loader:1364:14)
2025-04-14 09:46:41:     at Module._extensions..js (node:internal/modules/cjs/loader:1422:10)
2025-04-14 09:46:41:     at Module.load (node:internal/modules/cjs/loader:1203:32)
2025-04-14 09:46:41:     at Module._load (node:internal/modules/cjs/loader:1019:12)
2025-04-14 09:46:41:     at Module.require (node:internal/modules/cjs/loader:1231:19)
2025-04-14 09:46:41:     at Hook._require.Module.require (/nix/store/shfv23xyd45wxv8w4ax04abmvmf1m78w-pm2-5.4.2/lib/node_modules/pm2/node_modules/require-in-the-middle/index.js:101:39)
2025-04-14 09:46:41:     at require (node:internal/modules/helpers:177:18)
2025-04-14 09:46:41:     at Object.<anonymous> (/repo/nodejs/demo-app/app.js:2:1)
2025-04-14 09:46:41:     at Module._compile (node:internal/modules/cjs/loader:1364:14)
2025-04-14 09:46:41: TypeError: detectResourcesSync is not a function
2025-04-14 09:46:41:     at Object.<anonymous> (/repo/nodejs/demo-app/tracing.js:11:26)
2025-04-14 09:46:41:     at Module._compile (node:internal/modules/cjs/loader:1364:14)
2025-04-14 09:46:41:     at Module._extensions..js (node:internal/modules/cjs/loader:1422:10)
2025-04-14 09:46:41:     at Module.load (node:internal/modules/cjs/loader:1203:32)
2025-04-14 09:46:41:     at Module._load (node:internal/modules/cjs/loader:1019:12)
2025-04-14 09:46:41:     at Module.require (node:internal/modules/cjs/loader:1231:19)
2025-04-14 09:46:41:     at Hook._require.Module.require (/nix/store/shfv23xyd45wxv8w4ax04abmvmf1m78w-pm2-5.4.2/lib/node_modules/pm2/node_modules/require-in-the-middle/index.js:101:39)
2025-04-14 09:46:41:     at require (node:internal/modules/helpers:177:18)
2025-04-14 09:46:41:     at Object.<anonymous> (/repo/nodejs/demo-app/app.js:2:1)
2025-04-14 09:46:41:     at Module._compile (node:internal/modules/cjs/loader:1364:14)
2025-04-14 09:46:41: TypeError: detectResourcesSync is not a function
2025-04-14 09:46:41:     at Object.<anonymous> (/repo/nodejs/demo-app/tracing.js:11:26)
2025-04-14 09:46:41:     at Module._compile (node:internal/modules/cjs/loader:1364:14)
2025-04-14 09:46:41:     at Module._extensions..js (node:internal/modules/cjs/loader:1422:10)
2025-04-14 09:46:41:     at Module.load (node:internal/modules/cjs/loader:1203:32)
2025-04-14 09:46:41:     at Module._load (node:internal/modules/cjs/loader:1019:12)
2025-04-14 09:46:41:     at Module.require (node:internal/modules/cjs/loader:1231:19)
2025-04-14 09:46:41:     at Hook._require.Module.require (/nix/store/shfv23xyd45wxv8w4ax04abmvmf1m78w-pm2-5.4.2/lib/node_modules/pm2/node_modules/require-in-the-middle/index.js:101:39)
2025-04-14 09:46:41:     at require (node:internal/modules/helpers:177:18)
2025-04-14 09:46:41:     at Object.<anonymous> (/repo/nodejs/demo-app/app.js:2:1)
2025-04-14 09:46:41:     at Module._compile (node:internal/modules/cjs/loader:1364:14)
2025-04-14 09:46:41: TypeError: detectResourcesSync is not a function
2025-04-14 09:46:41:     at Object.<anonymous> (/repo/nodejs/demo-app/tracing.js:11:26)
2025-04-14 09:46:41:     at Module._compile (node:internal/modules/cjs/loader:1364:14)
2025-04-14 09:46:41:     at Module._extensions..js (node:internal/modules/cjs/loader:1422:10)
2025-04-14 09:46:41:     at Module.load (node:internal/modules/cjs/loader:1203:32)
2025-04-14 09:46:41:     at Module._load (node:internal/modules/cjs/loader:1019:12)
2025-04-14 09:46:41:     at Module.require (node:internal/modules/cjs/loader:1231:19)
2025-04-14 09:46:41:     at Hook._require.Module.require (/nix/store/shfv23xyd45wxv8w4ax04abmvmf1m78w-pm2-5.4.2/lib/node_modules/pm2/node_modules/require-in-the-middle/index.js:101:39)
2025-04-14 09:46:41:     at require (node:internal/modules/helpers:177:18)
2025-04-14 09:46:41:     at Object.<anonymous> (/repo/nodejs/demo-app/app.js:2:1)
2025-04-14 09:46:41:     at Module._compile (node:internal/modules/cjs/loader:1364:14)
2025-04-14 09:46:42: TypeError: detectResourcesSync is not a function
2025-04-14 09:46:42:     at Object.<anonymous> (/repo/nodejs/demo-app/tracing.js:11:26)
2025-04-14 09:46:42:     at Module._compile (node:internal/modules/cjs/loader:1364:14)
2025-04-14 09:46:42:     at Module._extensions..js (node:internal/modules/cjs/loader:1422:10)
2025-04-14 09:46:42:     at Module.load (node:internal/modules/cjs/loader:1203:32)
2025-04-14 09:46:42:     at Module._load (node:internal/modules/cjs/loader:1019:12)
2025-04-14 09:46:42:     at Module.require (node:internal/modules/cjs/loader:1231:19)
2025-04-14 09:46:42:     at Hook._require.Module.require (/nix/store/shfv23xyd45wxv8w4ax04abmvmf1m78w-pm2-5.4.2/lib/node_modules/pm2/node_modules/require-in-the-middle/index.js:101:39)
2025-04-14 09:46:42:     at require (node:internal/modules/helpers:177:18)
2025-04-14 09:46:42:     at Object.<anonymous> (/repo/nodejs/demo-app/app.js:2:1)
2025-04-14 09:46:42:     at Module._compile (node:internal/modules/cjs/loader:1364:14)
2025-04-14 09:46:42: TypeError: detectResourcesSync is not a function
2025-04-14 09:46:42:     at Object.<anonymous> (/repo/nodejs/demo-app/tracing.js:11:26)
2025-04-14 09:46:42:     at Module._compile (node:internal/modules/cjs/loader:1364:14)
2025-04-14 09:46:42:     at Module._extensions..js (node:internal/modules/cjs/loader:1422:10)
2025-04-14 09:46:42:     at Module.load (node:internal/modules/cjs/loader:1203:32)
2025-04-14 09:46:42:     at Module._load (node:internal/modules/cjs/loader:1019:12)
2025-04-14 09:46:42:     at Module.require (node:internal/modules/cjs/loader:1231:19)
2025-04-14 09:46:42:     at Hook._require.Module.require (/nix/store/shfv23xyd45wxv8w4ax04abmvmf1m78w-pm2-5.4.2/lib/node_modules/pm2/node_modules/require-in-the-middle/index.js:101:39)
2025-04-14 09:46:42:     at require (node:internal/modules/helpers:177:18)
2025-04-14 09:46:42:     at Object.<anonymous> (/repo/nodejs/demo-app/app.js:2:1)
2025-04-14 09:46:42:     at Module._compile (node:internal/modules/cjs/loader:1364:14)
2025-04-14 09:46:42: TypeError: detectResourcesSync is not a function
2025-04-14 09:46:42:     at Object.<anonymous> (/repo/nodejs/demo-app/tracing.js:11:26)
2025-04-14 09:46:42:     at Module._compile (node:internal/modules/cjs/loader:1364:14)
2025-04-14 09:46:42:     at Module._extensions..js (node:internal/modules/cjs/loader:1422:10)
2025-04-14 09:46:42:     at Module.load (node:internal/modules/cjs/loader:1203:32)
2025-04-14 09:46:42:     at Module._load (node:internal/modules/cjs/loader:1019:12)
2025-04-14 09:46:42:     at Module.require (node:internal/modules/cjs/loader:1231:19)
2025-04-14 09:46:42:     at Hook._require.Module.require (/nix/store/shfv23xyd45wxv8w4ax04abmvmf1m78w-pm2-5.4.2/lib/node_modules/pm2/node_modules/require-in-the-middle/index.js:101:39)
2025-04-14 09:46:42:     at require (node:internal/modules/helpers:177:18)
2025-04-14 09:46:42:     at Object.<anonymous> (/repo/nodejs/demo-app/app.js:2:1)
2025-04-14 09:46:42:     at Module._compile (node:internal/modules/cjs/loader:1364:14)
2025-04-14 09:46:42: TypeError: detectResourcesSync is not a function
2025-04-14 09:46:42:     at Object.<anonymous> (/repo/nodejs/demo-app/tracing.js:11:26)
2025-04-14 09:46:42:     at Module._compile (node:internal/modules/cjs/loader:1364:14)
2025-04-14 09:46:42:     at Module._extensions..js (node:internal/modules/cjs/loader:1422:10)
2025-04-14 09:46:42:     at Module.load (node:internal/modules/cjs/loader:1203:32)
2025-04-14 09:46:42:     at Module._load (node:internal/modules/cjs/loader:1019:12)
2025-04-14 09:46:42:     at Module.require (node:internal/modules/cjs/loader:1231:19)
2025-04-14 09:46:42:     at Hook._require.Module.require (/nix/store/shfv23xyd45wxv8w4ax04abmvmf1m78w-pm2-5.4.2/lib/node_modules/pm2/node_modules/require-in-the-middle/index.js:101:39)
2025-04-14 09:46:42:     at require (node:internal/modules/helpers:177:18)
2025-04-14 09:46:42:     at Object.<anonymous> (/repo/nodejs/demo-app/app.js:2:1)
2025-04-14 09:46:42:     at Module._compile (node:internal/modules/cjs/loader:1364:14)
2025-04-14 09:46:43: TypeError: detectResourcesSync is not a function
2025-04-14 09:46:43:     at Object.<anonymous> (/repo/nodejs/demo-app/tracing.js:11:26)
2025-04-14 09:46:43:     at Module._compile (node:internal/modules/cjs/loader:1364:14)
2025-04-14 09:46:43:     at Module._extensions..js (node:internal/modules/cjs/loader:1422:10)
2025-04-14 09:46:43:     at Module.load (node:internal/modules/cjs/loader:1203:32)
2025-04-14 09:46:43:     at Module._load (node:internal/modules/cjs/loader:1019:12)
2025-04-14 09:46:43:     at Module.require (node:internal/modules/cjs/loader:1231:19)
2025-04-14 09:46:43:     at Hook._require.Module.require (/nix/store/shfv23xyd45wxv8w4ax04abmvmf1m78w-pm2-5.4.2/lib/node_modules/pm2/node_modules/require-in-the-middle/index.js:101:39)
2025-04-14 09:46:43:     at require (node:internal/modules/helpers:177:18)
2025-04-14 09:46:43:     at Object.<anonymous> (/repo/nodejs/demo-app/app.js:2:1)
2025-04-14 09:46:43:     at Module._compile (node:internal/modules/cjs/loader:1364:14)
2025-04-14 09:46:43: TypeError: detectResourcesSync is not a function
2025-04-14 09:46:43:     at Object.<anonymous> (/repo/nodejs/demo-app/tracing.js:11:26)
2025-04-14 09:46:43:     at Module._compile (node:internal/modules/cjs/loader:1364:14)
2025-04-14 09:46:43:     at Module._extensions..js (node:internal/modules/cjs/loader:1422:10)
2025-04-14 09:46:43:     at Module.load (node:internal/modules/cjs/loader:1203:32)
2025-04-14 09:46:43:     at Module._load (node:internal/modules/cjs/loader:1019:12)
2025-04-14 09:46:43:     at Module.require (node:internal/modules/cjs/loader:1231:19)
2025-04-14 09:46:43:     at Hook._require.Module.require (/nix/store/shfv23xyd45wxv8w4ax04abmvmf1m78w-pm2-5.4.2/lib/node_modules/pm2/node_modules/require-in-the-middle/index.js:101:39)
2025-04-14 09:46:43:     at require (node:internal/modules/helpers:177:18)
2025-04-14 09:46:43:     at Object.<anonymous> (/repo/nodejs/demo-app/app.js:2:1)
2025-04-14 09:46:43:     at Module._compile (node:internal/modules/cjs/loader:1364:14)
2025-04-14 09:46:43: TypeError: detectResourcesSync is not a function
2025-04-14 09:46:43:     at Object.<anonymous> (/repo/nodejs/demo-app/tracing.js:11:26)
2025-04-14 09:46:43:     at Module._compile (node:internal/modules/cjs/loader:1364:14)
2025-04-14 09:46:43:     at Module._extensions..js (node:internal/modules/cjs/loader:1422:10)
2025-04-14 09:46:43:     at Module.load (node:internal/modules/cjs/loader:1203:32)
2025-04-14 09:46:43:     at Module._load (node:internal/modules/cjs/loader:1019:12)
2025-04-14 09:46:43:     at Module.require (node:internal/modules/cjs/loader:1231:19)
2025-04-14 09:46:43:     at Hook._require.Module.require (/nix/store/shfv23xyd45wxv8w4ax04abmvmf1m78w-pm2-5.4.2/lib/node_modules/pm2/node_modules/require-in-the-middle/index.js:101:39)
2025-04-14 09:46:43:     at require (node:internal/modules/helpers:177:18)
2025-04-14 09:46:43:     at Object.<anonymous> (/repo/nodejs/demo-app/app.js:2:1)
2025-04-14 09:46:43:     at Module._compile (node:internal/modules/cjs/loader:1364:14)
2025-04-14 09:46:44: TypeError: detectResourcesSync is not a function
2025-04-14 09:46:44:     at Object.<anonymous> (/repo/nodejs/demo-app/tracing.js:11:26)
2025-04-14 09:46:44:     at Module._compile (node:internal/modules/cjs/loader:1364:14)
2025-04-14 09:46:44:     at Module._extensions..js (node:internal/modules/cjs/loader:1422:10)
2025-04-14 09:46:44:     at Module.load (node:internal/modules/cjs/loader:1203:32)
2025-04-14 09:46:44:     at Module._load (node:internal/modules/cjs/loader:1019:12)
2025-04-14 09:46:44:     at Module.require (node:internal/modules/cjs/loader:1231:19)
2025-04-14 09:46:44:     at Hook._require.Module.require (/nix/store/shfv23xyd45wxv8w4ax04abmvmf1m78w-pm2-5.4.2/lib/node_modules/pm2/node_modules/require-in-the-middle/index.js:101:39)
2025-04-14 09:46:44:     at require (node:internal/modules/helpers:177:18)
2025-04-14 09:46:44:     at Object.<anonymous> (/repo/nodejs/demo-app/app.js:2:1)
2025-04-14 09:46:44:     at Module._compile (node:internal/modules/cjs/loader:1364:14)
2025-04-14 09:46:44: TypeError: detectResourcesSync is not a function
2025-04-14 09:46:44:     at Object.<anonymous> (/repo/nodejs/demo-app/tracing.js:11:26)
2025-04-14 09:46:44:     at Module._compile (node:internal/modules/cjs/loader:1364:14)
2025-04-14 09:46:44:     at Module._extensions..js (node:internal/modules/cjs/loader:1422:10)
2025-04-14 09:46:44:     at Module.load (node:internal/modules/cjs/loader:1203:32)
2025-04-14 09:46:44:     at Module._load (node:internal/modules/cjs/loader:1019:12)
2025-04-14 09:46:44:     at Module.require (node:internal/modules/cjs/loader:1231:19)
2025-04-14 09:46:44:     at Hook._require.Module.require (/nix/store/shfv23xyd45wxv8w4ax04abmvmf1m78w-pm2-5.4.2/lib/node_modules/pm2/node_modules/require-in-the-middle/index.js:101:39)
2025-04-14 09:46:44:     at require (node:internal/modules/helpers:177:18)
2025-04-14 09:46:44:     at Object.<anonymous> (/repo/nodejs/demo-app/app.js:2:1)
2025-04-14 09:46:44:     at Module._compile (node:internal/modules/cjs/loader:1364:14)
2025-04-14 09:46:44: TypeError: detectResourcesSync is not a function
2025-04-14 09:46:44:     at Object.<anonymous> (/repo/nodejs/demo-app/tracing.js:11:26)
2025-04-14 09:46:44:     at Module._compile (node:internal/modules/cjs/loader:1364:14)
2025-04-14 09:46:44:     at Module._extensions..js (node:internal/modules/cjs/loader:1422:10)
2025-04-14 09:46:44:     at Module.load (node:internal/modules/cjs/loader:1203:32)
2025-04-14 09:46:44:     at Module._load (node:internal/modules/cjs/loader:1019:12)
2025-04-14 09:46:44:     at Module.require (node:internal/modules/cjs/loader:1231:19)
2025-04-14 09:46:44:     at Hook._require.Module.require (/nix/store/shfv23xyd45wxv8w4ax04abmvmf1m78w-pm2-5.4.2/lib/node_modules/pm2/node_modules/require-in-the-middle/index.js:101:39)
2025-04-14 09:46:44:     at require (node:internal/modules/helpers:177:18)
2025-04-14 09:46:44:     at Object.<anonymous> (/repo/nodejs/demo-app/app.js:2:1)
2025-04-14 09:46:44:     at Module._compile (node:internal/modules/cjs/loader:1364:14)
2025-04-14 09:46:44: TypeError: detectResourcesSync is not a function
2025-04-14 09:46:44:     at Object.<anonymous> (/repo/nodejs/demo-app/tracing.js:11:26)
2025-04-14 09:46:44:     at Module._compile (node:internal/modules/cjs/loader:1364:14)
2025-04-14 09:46:44:     at Module._extensions..js (node:internal/modules/cjs/loader:1422:10)
2025-04-14 09:46:44:     at Module.load (node:internal/modules/cjs/loader:1203:32)
2025-04-14 09:46:44:     at Module._load (node:internal/modules/cjs/loader:1019:12)
2025-04-14 09:46:44:     at Module.require (node:internal/modules/cjs/loader:1231:19)
2025-04-14 09:46:44:     at Hook._require.Module.require (/nix/store/shfv23xyd45wxv8w4ax04abmvmf1m78w-pm2-5.4.2/lib/node_modules/pm2/node_modules/require-in-the-middle/index.js:101:39)
2025-04-14 09:46:44:     at require (node:internal/modules/helpers:177:18)
2025-04-14 09:46:44:     at Object.<anonymous> (/repo/nodejs/demo-app/app.js:2:1)
2025-04-14 09:46:44:     at Module._compile (node:internal/modules/cjs/loader:1364:14)
2025-04-14 09:46:45: TypeError: detectResourcesSync is not a function
2025-04-14 09:46:45:     at Object.<anonymous> (/repo/nodejs/demo-app/tracing.js:11:26)
2025-04-14 09:46:45:     at Module._compile (node:internal/modules/cjs/loader:1364:14)
2025-04-14 09:46:45:     at Module._extensions..js (node:internal/modules/cjs/loader:1422:10)
2025-04-14 09:46:45:     at Module.load (node:internal/modules/cjs/loader:1203:32)
2025-04-14 09:46:45:     at Module._load (node:internal/modules/cjs/loader:1019:12)
2025-04-14 09:46:45:     at Module.require (node:internal/modules/cjs/loader:1231:19)
2025-04-14 09:46:45:     at Hook._require.Module.require (/nix/store/shfv23xyd45wxv8w4ax04abmvmf1m78w-pm2-5.4.2/lib/node_modules/pm2/node_modules/require-in-the-middle/index.js:101:39)
2025-04-14 09:46:45:     at require (node:internal/modules/helpers:177:18)
2025-04-14 09:46:45:     at Object.<anonymous> (/repo/nodejs/demo-app/app.js:2:1)
2025-04-14 09:46:45:     at Module._compile (node:internal/modules/cjs/loader:1364:14)
2025-04-14 09:46:45: TypeError: detectResourcesSync is not a function
2025-04-14 09:46:45:     at Object.<anonymous> (/repo/nodejs/demo-app/tracing.js:11:26)
2025-04-14 09:46:45:     at Module._compile (node:internal/modules/cjs/loader:1364:14)
2025-04-14 09:46:45:     at Module._extensions..js (node:internal/modules/cjs/loader:1422:10)
2025-04-14 09:46:45:     at Module.load (node:internal/modules/cjs/loader:1203:32)
2025-04-14 09:46:45:     at Module._load (node:internal/modules/cjs/loader:1019:12)
2025-04-14 09:46:45:     at Module.require (node:internal/modules/cjs/loader:1231:19)
2025-04-14 09:46:45:     at Hook._require.Module.require (/nix/store/shfv23xyd45wxv8w4ax04abmvmf1m78w-pm2-5.4.2/lib/node_modules/pm2/node_modules/require-in-the-middle/index.js:101:39)
2025-04-14 09:46:45:     at require (node:internal/modules/helpers:177:18)
2025-04-14 09:46:45:     at Object.<anonymous> (/repo/nodejs/demo-app/app.js:2:1)
2025-04-14 09:46:45:     at Module._compile (node:internal/modules/cjs/loader:1364:14)
2025-04-14 09:46:45: TypeError: detectResourcesSync is not a function
2025-04-14 09:46:45:     at Object.<anonymous> (/repo/nodejs/demo-app/tracing.js:11:26)
2025-04-14 09:46:45:     at Module._compile (node:internal/modules/cjs/loader:1364:14)
2025-04-14 09:46:45:     at Module._extensions..js (node:internal/modules/cjs/loader:1422:10)
2025-04-14 09:46:45:     at Module.load (node:internal/modules/cjs/loader:1203:32)
2025-04-14 09:46:45:     at Module._load (node:internal/modules/cjs/loader:1019:12)
2025-04-14 09:46:45:     at Module.require (node:internal/modules/cjs/loader:1231:19)
2025-04-14 09:46:45:     at Hook._require.Module.require (/nix/store/shfv23xyd45wxv8w4ax04abmvmf1m78w-pm2-5.4.2/lib/node_modules/pm2/node_modules/require-in-the-middle/index.js:101:39)
2025-04-14 09:46:45:     at require (node:internal/modules/helpers:177:18)
2025-04-14 09:46:45:     at Object.<anonymous> (/repo/nodejs/demo-app/app.js:2:1)
2025-04-14 09:46:45:     at Module._compile (node:internal/modules/cjs/loader:1364:14)
2025-04-14 09:46:45: TypeError: detectResourcesSync is not a function
2025-04-14 09:46:45:     at Object.<anonymous> (/repo/nodejs/demo-app/tracing.js:11:26)
2025-04-14 09:46:45:     at Module._compile (node:internal/modules/cjs/loader:1364:14)
2025-04-14 09:46:45:     at Module._extensions..js (node:internal/modules/cjs/loader:1422:10)
2025-04-14 09:46:45:     at Module.load (node:internal/modules/cjs/loader:1203:32)
2025-04-14 09:46:45:     at Module._load (node:internal/modules/cjs/loader:1019:12)
2025-04-14 09:46:45:     at Module.require (node:internal/modules/cjs/loader:1231:19)
2025-04-14 09:46:45:     at Hook._require.Module.require (/nix/store/shfv23xyd45wxv8w4ax04abmvmf1m78w-pm2-5.4.2/lib/node_modules/pm2/node_modules/require-in-the-middle/index.js:101:39)
2025-04-14 09:46:45:     at require (node:internal/modules/helpers:177:18)
2025-04-14 09:46:45:     at Object.<anonymous> (/repo/nodejs/demo-app/app.js:2:1)
2025-04-14 09:46:45:     at Module._compile (node:internal/modules/cjs/loader:1364:14)
2025-04-14 09:46:46: TypeError: detectResourcesSync is not a function
2025-04-14 09:46:46:     at Object.<anonymous> (/repo/nodejs/demo-app/tracing.js:11:26)
2025-04-14 09:46:46:     at Module._compile (node:internal/modules/cjs/loader:1364:14)
2025-04-14 09:46:46:     at Module._extensions..js (node:internal/modules/cjs/loader:1422:10)
2025-04-14 09:46:46:     at Module.load (node:internal/modules/cjs/loader:1203:32)
2025-04-14 09:46:46:     at Module._load (node:internal/modules/cjs/loader:1019:12)
2025-04-14 09:46:46:     at Module.require (node:internal/modules/cjs/loader:1231:19)
2025-04-14 09:46:46:     at Hook._require.Module.require (/nix/store/shfv23xyd45wxv8w4ax04abmvmf1m78w-pm2-5.4.2/lib/node_modules/pm2/node_modules/require-in-the-middle/index.js:101:39)
2025-04-14 09:46:46:     at require (node:internal/modules/helpers:177:18)
2025-04-14 09:46:46:     at Object.<anonymous> (/repo/nodejs/demo-app/app.js:2:1)
2025-04-14 09:46:46:     at Module._compile (node:internal/modules/cjs/loader:1364:14)
2025-04-14 09:46:52: TypeError: detectResourcesSync is not a function
2025-04-14 09:46:52:     at Object.<anonymous> (/repo/nodejs/demo-app/tracing.js:11:26)
2025-04-14 09:46:52:     at Module._compile (node:internal/modules/cjs/loader:1364:14)
2025-04-14 09:46:52:     at Module._extensions..js (node:internal/modules/cjs/loader:1422:10)
2025-04-14 09:46:52:     at Module.load (node:internal/modules/cjs/loader:1203:32)
2025-04-14 09:46:52:     at Module._load (node:internal/modules/cjs/loader:1019:12)
2025-04-14 09:46:52:     at Module.require (node:internal/modules/cjs/loader:1231:19)
2025-04-14 09:46:52:     at Hook._require.Module.require (/nix/store/shfv23xyd45wxv8w4ax04abmvmf1m78w-pm2-5.4.2/lib/node_modules/pm2/node_modules/require-in-the-middle/index.js:101:39)
2025-04-14 09:46:52:     at require (node:internal/modules/helpers:177:18)
2025-04-14 09:46:52:     at Object.<anonymous> (/repo/nodejs/demo-app/app.js:2:1)
2025-04-14 09:46:52:     at Module._compile (node:internal/modules/cjs/loader:1364:14)
2025-04-14 09:46:46: TypeError: detectResourcesSync is not a function
2025-04-14 09:46:46:     at Object.<anonymous> (/repo/nodejs/demo-app/tracing.js:11:26)
2025-04-14 09:46:46:     at Module._compile (node:internal/modules/cjs/loader:1364:14)
2025-04-14 09:46:46:     at Module._extensions..js (node:internal/modules/cjs/loader:1422:10)
2025-04-14 09:46:46:     at Module.load (node:internal/modules/cjs/loader:1203:32)
2025-04-14 09:46:46:     at Module._load (node:internal/modules/cjs/loader:1019:12)
2025-04-14 09:46:46:     at Module.require (node:internal/modules/cjs/loader:1231:19)
2025-04-14 09:46:46:     at Hook._require.Module.require (/nix/store/shfv23xyd45wxv8w4ax04abmvmf1m78w-pm2-5.4.2/lib/node_modules/pm2/node_modules/require-in-the-middle/index.js:101:39)
2025-04-14 09:46:46:     at require (node:internal/modules/helpers:177:18)
2025-04-14 09:46:46:     at Object.<anonymous> (/repo/nodejs/demo-app/app.js:2:1)
2025-04-14 09:46:46:     at Module._compile (node:internal/modules/cjs/loader:1364:14)
2025-04-14 09:46:46: TypeError: detectResourcesSync is not a function
2025-04-14 09:46:46:     at Object.<anonymous> (/repo/nodejs/demo-app/tracing.js:11:26)
2025-04-14 09:46:46:     at Module._compile (node:internal/modules/cjs/loader:1364:14)
2025-04-14 09:46:46:     at Module._extensions..js (node:internal/modules/cjs/loader:1422:10)
2025-04-14 09:46:46:     at Module.load (node:internal/modules/cjs/loader:1203:32)
2025-04-14 09:46:46:     at Module._load (node:internal/modules/cjs/loader:1019:12)
2025-04-14 09:46:46:     at Module.require (node:internal/modules/cjs/loader:1231:19)
2025-04-14 09:46:46:     at Hook._require.Module.require (/nix/store/shfv23xyd45wxv8w4ax04abmvmf1m78w-pm2-5.4.2/lib/node_modules/pm2/node_modules/require-in-the-middle/index.js:101:39)
2025-04-14 09:46:46:     at require (node:internal/modules/helpers:177:18)
2025-04-14 09:46:46:     at Object.<anonymous> (/repo/nodejs/demo-app/app.js:2:1)
2025-04-14 09:46:46:     at Module._compile (node:internal/modules/cjs/loader:1364:14)
2025-04-14 09:46:47: TypeError: detectResourcesSync is not a function
2025-04-14 09:46:47:     at Object.<anonymous> (/repo/nodejs/demo-app/tracing.js:11:26)
2025-04-14 09:46:47:     at Module._compile (node:internal/modules/cjs/loader:1364:14)
2025-04-14 09:46:47:     at Module._extensions..js (node:internal/modules/cjs/loader:1422:10)
2025-04-14 09:46:47:     at Module.load (node:internal/modules/cjs/loader:1203:32)
2025-04-14 09:46:47:     at Module._load (node:internal/modules/cjs/loader:1019:12)
2025-04-14 09:46:47:     at Module.require (node:internal/modules/cjs/loader:1231:19)
2025-04-14 09:46:47:     at Hook._require.Module.require (/nix/store/shfv23xyd45wxv8w4ax04abmvmf1m78w-pm2-5.4.2/lib/node_modules/pm2/node_modules/require-in-the-middle/index.js:101:39)
2025-04-14 09:46:47:     at require (node:internal/modules/helpers:177:18)
2025-04-14 09:46:47:     at Object.<anonymous> (/repo/nodejs/demo-app/app.js:2:1)
2025-04-14 09:46:47:     at Module._compile (node:internal/modules/cjs/loader:1364:14)
2025-04-14 09:46:47: TypeError: detectResourcesSync is not a function
2025-04-14 09:46:47:     at Object.<anonymous> (/repo/nodejs/demo-app/tracing.js:11:26)
2025-04-14 09:46:47:     at Module._compile (node:internal/modules/cjs/loader:1364:14)
2025-04-14 09:46:47:     at Module._extensions..js (node:internal/modules/cjs/loader:1422:10)
2025-04-14 09:46:47:     at Module.load (node:internal/modules/cjs/loader:1203:32)
2025-04-14 09:46:47:     at Module._load (node:internal/modules/cjs/loader:1019:12)
2025-04-14 09:46:47:     at Module.require (node:internal/modules/cjs/loader:1231:19)
2025-04-14 09:46:47:     at Hook._require.Module.require (/nix/store/shfv23xyd45wxv8w4ax04abmvmf1m78w-pm2-5.4.2/lib/node_modules/pm2/node_modules/require-in-the-middle/index.js:101:39)
2025-04-14 09:46:47:     at require (node:internal/modules/helpers:177:18)
2025-04-14 09:46:47:     at Object.<anonymous> (/repo/nodejs/demo-app/app.js:2:1)
2025-04-14 09:46:47:     at Module._compile (node:internal/modules/cjs/loader:1364:14)
2025-04-14 09:46:47: TypeError: detectResourcesSync is not a function
2025-04-14 09:46:47:     at Object.<anonymous> (/repo/nodejs/demo-app/tracing.js:11:26)
2025-04-14 09:46:47:     at Module._compile (node:internal/modules/cjs/loader:1364:14)
2025-04-14 09:46:47:     at Module._extensions..js (node:internal/modules/cjs/loader:1422:10)
2025-04-14 09:46:47:     at Module.load (node:internal/modules/cjs/loader:1203:32)
2025-04-14 09:46:47:     at Module._load (node:internal/modules/cjs/loader:1019:12)
2025-04-14 09:46:47:     at Module.require (node:internal/modules/cjs/loader:1231:19)
2025-04-14 09:46:47:     at Hook._require.Module.require (/nix/store/shfv23xyd45wxv8w4ax04abmvmf1m78w-pm2-5.4.2/lib/node_modules/pm2/node_modules/require-in-the-middle/index.js:101:39)
2025-04-14 09:46:47:     at require (node:internal/modules/helpers:177:18)
2025-04-14 09:46:47:     at Object.<anonymous> (/repo/nodejs/demo-app/app.js:2:1)
2025-04-14 09:46:47:     at Module._compile (node:internal/modules/cjs/loader:1364:14)
2025-04-14 09:46:47: TypeError: detectResourcesSync is not a function
2025-04-14 09:46:47:     at Object.<anonymous> (/repo/nodejs/demo-app/tracing.js:11:26)
2025-04-14 09:46:47:     at Module._compile (node:internal/modules/cjs/loader:1364:14)
2025-04-14 09:46:47:     at Module._extensions..js (node:internal/modules/cjs/loader:1422:10)
2025-04-14 09:46:47:     at Module.load (node:internal/modules/cjs/loader:1203:32)
2025-04-14 09:46:47:     at Module._load (node:internal/modules/cjs/loader:1019:12)
2025-04-14 09:46:47:     at Module.require (node:internal/modules/cjs/loader:1231:19)
2025-04-14 09:46:47:     at Hook._require.Module.require (/nix/store/shfv23xyd45wxv8w4ax04abmvmf1m78w-pm2-5.4.2/lib/node_modules/pm2/node_modules/require-in-the-middle/index.js:101:39)
2025-04-14 09:46:47:     at require (node:internal/modules/helpers:177:18)
2025-04-14 09:46:47:     at Object.<anonymous> (/repo/nodejs/demo-app/app.js:2:1)
2025-04-14 09:46:47:     at Module._compile (node:internal/modules/cjs/loader:1364:14)
2025-04-14 09:46:48: TypeError: detectResourcesSync is not a function
2025-04-14 09:46:48:     at Object.<anonymous> (/repo/nodejs/demo-app/tracing.js:11:26)
2025-04-14 09:46:48:     at Module._compile (node:internal/modules/cjs/loader:1364:14)
2025-04-14 09:46:48:     at Module._extensions..js (node:internal/modules/cjs/loader:1422:10)
2025-04-14 09:46:48:     at Module.load (node:internal/modules/cjs/loader:1203:32)
2025-04-14 09:46:48:     at Module._load (node:internal/modules/cjs/loader:1019:12)
2025-04-14 09:46:48:     at Module.require (node:internal/modules/cjs/loader:1231:19)
2025-04-14 09:46:48:     at Hook._require.Module.require (/nix/store/shfv23xyd45wxv8w4ax04abmvmf1m78w-pm2-5.4.2/lib/node_modules/pm2/node_modules/require-in-the-middle/index.js:101:39)
2025-04-14 09:46:48:     at require (node:internal/modules/helpers:177:18)
2025-04-14 09:46:48:     at Object.<anonymous> (/repo/nodejs/demo-app/app.js:2:1)
2025-04-14 09:46:48:     at Module._compile (node:internal/modules/cjs/loader:1364:14)
2025-04-14 09:46:48: TypeError: detectResourcesSync is not a function
2025-04-14 09:46:48:     at Object.<anonymous> (/repo/nodejs/demo-app/tracing.js:11:26)
2025-04-14 09:46:48:     at Module._compile (node:internal/modules/cjs/loader:1364:14)
2025-04-14 09:46:48:     at Module._extensions..js (node:internal/modules/cjs/loader:1422:10)
2025-04-14 09:46:48:     at Module.load (node:internal/modules/cjs/loader:1203:32)
2025-04-14 09:46:48:     at Module._load (node:internal/modules/cjs/loader:1019:12)
2025-04-14 09:46:48:     at Module.require (node:internal/modules/cjs/loader:1231:19)
2025-04-14 09:46:48:     at Hook._require.Module.require (/nix/store/shfv23xyd45wxv8w4ax04abmvmf1m78w-pm2-5.4.2/lib/node_modules/pm2/node_modules/require-in-the-middle/index.js:101:39)
2025-04-14 09:46:48:     at require (node:internal/modules/helpers:177:18)
2025-04-14 09:46:48:     at Object.<anonymous> (/repo/nodejs/demo-app/app.js:2:1)
2025-04-14 09:46:48:     at Module._compile (node:internal/modules/cjs/loader:1364:14)
2025-04-14 09:46:48: TypeError: detectResourcesSync is not a function
2025-04-14 09:46:48:     at Object.<anonymous> (/repo/nodejs/demo-app/tracing.js:11:26)
2025-04-14 09:46:48:     at Module._compile (node:internal/modules/cjs/loader:1364:14)
2025-04-14 09:46:48:     at Module._extensions..js (node:internal/modules/cjs/loader:1422:10)
2025-04-14 09:46:48:     at Module.load (node:internal/modules/cjs/loader:1203:32)
2025-04-14 09:46:48:     at Module._load (node:internal/modules/cjs/loader:1019:12)
2025-04-14 09:46:48:     at Module.require (node:internal/modules/cjs/loader:1231:19)
2025-04-14 09:46:48:     at Hook._require.Module.require (/nix/store/shfv23xyd45wxv8w4ax04abmvmf1m78w-pm2-5.4.2/lib/node_modules/pm2/node_modules/require-in-the-middle/index.js:101:39)
2025-04-14 09:46:48:     at require (node:internal/modules/helpers:177:18)
2025-04-14 09:46:48:     at Object.<anonymous> (/repo/nodejs/demo-app/app.js:2:1)
2025-04-14 09:46:48:     at Module._compile (node:internal/modules/cjs/loader:1364:14)
2025-04-14 09:46:49: TypeError: detectResourcesSync is not a function
2025-04-14 09:46:49:     at Object.<anonymous> (/repo/nodejs/demo-app/tracing.js:11:26)
2025-04-14 09:46:49:     at Module._compile (node:internal/modules/cjs/loader:1364:14)
2025-04-14 09:46:49:     at Module._extensions..js (node:internal/modules/cjs/loader:1422:10)
2025-04-14 09:46:49:     at Module.load (node:internal/modules/cjs/loader:1203:32)
2025-04-14 09:46:49:     at Module._load (node:internal/modules/cjs/loader:1019:12)
2025-04-14 09:46:49:     at Module.require (node:internal/modules/cjs/loader:1231:19)
2025-04-14 09:46:49:     at Hook._require.Module.require (/nix/store/shfv23xyd45wxv8w4ax04abmvmf1m78w-pm2-5.4.2/lib/node_modules/pm2/node_modules/require-in-the-middle/index.js:101:39)
2025-04-14 09:46:49:     at require (node:internal/modules/helpers:177:18)
2025-04-14 09:46:49:     at Object.<anonymous> (/repo/nodejs/demo-app/app.js:2:1)
2025-04-14 09:46:49:     at Module._compile (node:internal/modules/cjs/loader:1364:14)
2025-04-14 09:46:49: TypeError: detectResourcesSync is not a function
2025-04-14 09:46:49:     at Object.<anonymous> (/repo/nodejs/demo-app/tracing.js:11:26)
2025-04-14 09:46:49:     at Module._compile (node:internal/modules/cjs/loader:1364:14)
2025-04-14 09:46:49:     at Module._extensions..js (node:internal/modules/cjs/loader:1422:10)
2025-04-14 09:46:49:     at Module.load (node:internal/modules/cjs/loader:1203:32)
2025-04-14 09:46:49:     at Module._load (node:internal/modules/cjs/loader:1019:12)
2025-04-14 09:46:49:     at Module.require (node:internal/modules/cjs/loader:1231:19)
2025-04-14 09:46:49:     at Hook._require.Module.require (/nix/store/shfv23xyd45wxv8w4ax04abmvmf1m78w-pm2-5.4.2/lib/node_modules/pm2/node_modules/require-in-the-middle/index.js:101:39)
2025-04-14 09:46:49:     at require (node:internal/modules/helpers:177:18)
2025-04-14 09:46:49:     at Object.<anonymous> (/repo/nodejs/demo-app/app.js:2:1)
2025-04-14 09:46:49:     at Module._compile (node:internal/modules/cjs/loader:1364:14)
2025-04-14 09:46:49: TypeError: detectResourcesSync is not a function
2025-04-14 09:46:49:     at Object.<anonymous> (/repo/nodejs/demo-app/tracing.js:11:26)
2025-04-14 09:46:49:     at Module._compile (node:internal/modules/cjs/loader:1364:14)
2025-04-14 09:46:49:     at Module._extensions..js (node:internal/modules/cjs/loader:1422:10)
2025-04-14 09:46:49:     at Module.load (node:internal/modules/cjs/loader:1203:32)
2025-04-14 09:46:49:     at Module._load (node:internal/modules/cjs/loader:1019:12)
2025-04-14 09:46:49:     at Module.require (node:internal/modules/cjs/loader:1231:19)
2025-04-14 09:46:49:     at Hook._require.Module.require (/nix/store/shfv23xyd45wxv8w4ax04abmvmf1m78w-pm2-5.4.2/lib/node_modules/pm2/node_modules/require-in-the-middle/index.js:101:39)
2025-04-14 09:46:49:     at require (node:internal/modules/helpers:177:18)
2025-04-14 09:46:49:     at Object.<anonymous> (/repo/nodejs/demo-app/app.js:2:1)
2025-04-14 09:46:49:     at Module._compile (node:internal/modules/cjs/loader:1364:14)
2025-04-14 09:46:49: TypeError: detectResourcesSync is not a function
2025-04-14 09:46:49:     at Object.<anonymous> (/repo/nodejs/demo-app/tracing.js:11:26)
2025-04-14 09:46:49:     at Module._compile (node:internal/modules/cjs/loader:1364:14)
2025-04-14 09:46:49:     at Module._extensions..js (node:internal/modules/cjs/loader:1422:10)
2025-04-14 09:46:49:     at Module.load (node:internal/modules/cjs/loader:1203:32)
2025-04-14 09:46:49:     at Module._load (node:internal/modules/cjs/loader:1019:12)
2025-04-14 09:46:49:     at Module.require (node:internal/modules/cjs/loader:1231:19)
2025-04-14 09:46:49:     at Hook._require.Module.require (/nix/store/shfv23xyd45wxv8w4ax04abmvmf1m78w-pm2-5.4.2/lib/node_modules/pm2/node_modules/require-in-the-middle/index.js:101:39)
2025-04-14 09:46:49:     at require (node:internal/modules/helpers:177:18)
2025-04-14 09:46:49:     at Object.<anonymous> (/repo/nodejs/demo-app/app.js:2:1)
2025-04-14 09:46:49:     at Module._compile (node:internal/modules/cjs/loader:1364:14)
2025-04-14 09:46:50: TypeError: detectResourcesSync is not a function
2025-04-14 09:46:50:     at Object.<anonymous> (/repo/nodejs/demo-app/tracing.js:11:26)
2025-04-14 09:46:50:     at Module._compile (node:internal/modules/cjs/loader:1364:14)
2025-04-14 09:46:50:     at Module._extensions..js (node:internal/modules/cjs/loader:1422:10)
2025-04-14 09:46:50:     at Module.load (node:internal/modules/cjs/loader:1203:32)
2025-04-14 09:46:50:     at Module._load (node:internal/modules/cjs/loader:1019:12)
2025-04-14 09:46:50:     at Module.require (node:internal/modules/cjs/loader:1231:19)
2025-04-14 09:46:50:     at Hook._require.Module.require (/nix/store/shfv23xyd45wxv8w4ax04abmvmf1m78w-pm2-5.4.2/lib/node_modules/pm2/node_modules/require-in-the-middle/index.js:101:39)
2025-04-14 09:46:50:     at require (node:internal/modules/helpers:177:18)
2025-04-14 09:46:50:     at Object.<anonymous> (/repo/nodejs/demo-app/app.js:2:1)
2025-04-14 09:46:50:     at Module._compile (node:internal/modules/cjs/loader:1364:14)
2025-04-14 09:46:50: TypeError: detectResourcesSync is not a function
2025-04-14 09:46:50:     at Object.<anonymous> (/repo/nodejs/demo-app/tracing.js:11:26)
2025-04-14 09:46:50:     at Module._compile (node:internal/modules/cjs/loader:1364:14)
2025-04-14 09:46:50:     at Module._extensions..js (node:internal/modules/cjs/loader:1422:10)
2025-04-14 09:46:50:     at Module.load (node:internal/modules/cjs/loader:1203:32)
2025-04-14 09:46:50:     at Module._load (node:internal/modules/cjs/loader:1019:12)
2025-04-14 09:46:50:     at Module.require (node:internal/modules/cjs/loader:1231:19)
2025-04-14 09:46:50:     at Hook._require.Module.require (/nix/store/shfv23xyd45wxv8w4ax04abmvmf1m78w-pm2-5.4.2/lib/node_modules/pm2/node_modules/require-in-the-middle/index.js:101:39)
2025-04-14 09:46:50:     at require (node:internal/modules/helpers:177:18)
2025-04-14 09:46:50:     at Object.<anonymous> (/repo/nodejs/demo-app/app.js:2:1)
2025-04-14 09:46:50:     at Module._compile (node:internal/modules/cjs/loader:1364:14)
2025-04-14 09:46:50: TypeError: detectResourcesSync is not a function
2025-04-14 09:46:50:     at Object.<anonymous> (/repo/nodejs/demo-app/tracing.js:11:26)
2025-04-14 09:46:50:     at Module._compile (node:internal/modules/cjs/loader:1364:14)
2025-04-14 09:46:50:     at Module._extensions..js (node:internal/modules/cjs/loader:1422:10)
2025-04-14 09:46:50:     at Module.load (node:internal/modules/cjs/loader:1203:32)
2025-04-14 09:46:50:     at Module._load (node:internal/modules/cjs/loader:1019:12)
2025-04-14 09:46:50:     at Module.require (node:internal/modules/cjs/loader:1231:19)
2025-04-14 09:46:50:     at Hook._require.Module.require (/nix/store/shfv23xyd45wxv8w4ax04abmvmf1m78w-pm2-5.4.2/lib/node_modules/pm2/node_modules/require-in-the-middle/index.js:101:39)
2025-04-14 09:46:50:     at require (node:internal/modules/helpers:177:18)
2025-04-14 09:46:50:     at Object.<anonymous> (/repo/nodejs/demo-app/app.js:2:1)
2025-04-14 09:46:50:     at Module._compile (node:internal/modules/cjs/loader:1364:14)
2025-04-14 09:46:50: TypeError: detectResourcesSync is not a function
2025-04-14 09:46:50:     at Object.<anonymous> (/repo/nodejs/demo-app/tracing.js:11:26)
2025-04-14 09:46:50:     at Module._compile (node:internal/modules/cjs/loader:1364:14)
2025-04-14 09:46:50:     at Module._extensions..js (node:internal/modules/cjs/loader:1422:10)
2025-04-14 09:46:50:     at Module.load (node:internal/modules/cjs/loader:1203:32)
2025-04-14 09:46:50:     at Module._load (node:internal/modules/cjs/loader:1019:12)
2025-04-14 09:46:50:     at Module.require (node:internal/modules/cjs/loader:1231:19)
2025-04-14 09:46:50:     at Hook._require.Module.require (/nix/store/shfv23xyd45wxv8w4ax04abmvmf1m78w-pm2-5.4.2/lib/node_modules/pm2/node_modules/require-in-the-middle/index.js:101:39)
2025-04-14 09:46:50:     at require (node:internal/modules/helpers:177:18)
2025-04-14 09:46:50:     at Object.<anonymous> (/repo/nodejs/demo-app/app.js:2:1)
2025-04-14 09:46:50:     at Module._compile (node:internal/modules/cjs/loader:1364:14)
2025-04-14 09:46:51: TypeError: detectResourcesSync is not a function
2025-04-14 09:46:51:     at Object.<anonymous> (/repo/nodejs/demo-app/tracing.js:11:26)
2025-04-14 09:46:51:     at Module._compile (node:internal/modules/cjs/loader:1364:14)
2025-04-14 09:46:51:     at Module._extensions..js (node:internal/modules/cjs/loader:1422:10)
2025-04-14 09:46:51:     at Module.load (node:internal/modules/cjs/loader:1203:32)
2025-04-14 09:46:51:     at Module._load (node:internal/modules/cjs/loader:1019:12)
2025-04-14 09:46:51:     at Module.require (node:internal/modules/cjs/loader:1231:19)
2025-04-14 09:46:51:     at Hook._require.Module.require (/nix/store/shfv23xyd45wxv8w4ax04abmvmf1m78w-pm2-5.4.2/lib/node_modules/pm2/node_modules/require-in-the-middle/index.js:101:39)
2025-04-14 09:46:51:     at require (node:internal/modules/helpers:177:18)
2025-04-14 09:46:51:     at Object.<anonymous> (/repo/nodejs/demo-app/app.js:2:1)
2025-04-14 09:46:51:     at Module._compile (node:internal/modules/cjs/loader:1364:14)
2025-04-14 09:46:51: TypeError: detectResourcesSync is not a function
2025-04-14 09:46:51:     at Object.<anonymous> (/repo/nodejs/demo-app/tracing.js:11:26)
2025-04-14 09:46:51:     at Module._compile (node:internal/modules/cjs/loader:1364:14)
2025-04-14 09:46:51:     at Module._extensions..js (node:internal/modules/cjs/loader:1422:10)
2025-04-14 09:46:51:     at Module.load (node:internal/modules/cjs/loader:1203:32)
2025-04-14 09:46:51:     at Module._load (node:internal/modules/cjs/loader:1019:12)
2025-04-14 09:46:51:     at Module.require (node:internal/modules/cjs/loader:1231:19)
2025-04-14 09:46:51:     at Hook._require.Module.require (/nix/store/shfv23xyd45wxv8w4ax04abmvmf1m78w-pm2-5.4.2/lib/node_modules/pm2/node_modules/require-in-the-middle/index.js:101:39)
2025-04-14 09:46:51:     at require (node:internal/modules/helpers:177:18)
2025-04-14 09:46:51:     at Object.<anonymous> (/repo/nodejs/demo-app/app.js:2:1)
2025-04-14 09:46:51:     at Module._compile (node:internal/modules/cjs/loader:1364:14)
2025-04-14 09:46:51: TypeError: detectResourcesSync is not a function
2025-04-14 09:46:51:     at Object.<anonymous> (/repo/nodejs/demo-app/tracing.js:11:26)
2025-04-14 09:46:51:     at Module._compile (node:internal/modules/cjs/loader:1364:14)
2025-04-14 09:46:51:     at Module._extensions..js (node:internal/modules/cjs/loader:1422:10)
2025-04-14 09:46:51:     at Module.load (node:internal/modules/cjs/loader:1203:32)
2025-04-14 09:46:51:     at Module._load (node:internal/modules/cjs/loader:1019:12)
2025-04-14 09:46:51:     at Module.require (node:internal/modules/cjs/loader:1231:19)
2025-04-14 09:46:51:     at Hook._require.Module.require (/nix/store/shfv23xyd45wxv8w4ax04abmvmf1m78w-pm2-5.4.2/lib/node_modules/pm2/node_modules/require-in-the-middle/index.js:101:39)
2025-04-14 09:46:51:     at require (node:internal/modules/helpers:177:18)
2025-04-14 09:46:51:     at Object.<anonymous> (/repo/nodejs/demo-app/app.js:2:1)
2025-04-14 09:46:51:     at Module._compile (node:internal/modules/cjs/loader:1364:14)
2025-04-14 09:46:52: TypeError: detectResourcesSync is not a function
2025-04-14 09:46:52:     at Object.<anonymous> (/repo/nodejs/demo-app/tracing.js:11:26)
2025-04-14 09:46:52:     at Module._compile (node:internal/modules/cjs/loader:1364:14)
2025-04-14 09:46:52:     at Module._extensions..js (node:internal/modules/cjs/loader:1422:10)
2025-04-14 09:46:52:     at Module.load (node:internal/modules/cjs/loader:1203:32)
2025-04-14 09:46:52:     at Module._load (node:internal/modules/cjs/loader:1019:12)
2025-04-14 09:46:52:     at Module.require (node:internal/modules/cjs/loader:1231:19)
2025-04-14 09:46:52:     at Hook._require.Module.require (/nix/store/shfv23xyd45wxv8w4ax04abmvmf1m78w-pm2-5.4.2/lib/node_modules/pm2/node_modules/require-in-the-middle/index.js:101:39)
2025-04-14 09:46:52:     at require (node:internal/modules/helpers:177:18)
2025-04-14 09:46:52:     at Object.<anonymous> (/repo/nodejs/demo-app/app.js:2:1)
2025-04-14 09:46:52:     at Module._compile (node:internal/modules/cjs/loader:1364:14)
2025-04-14 09:46:52: TypeError: detectResourcesSync is not a function
2025-04-14 09:46:52:     at Object.<anonymous> (/repo/nodejs/demo-app/tracing.js:11:26)
2025-04-14 09:46:52:     at Module._compile (node:internal/modules/cjs/loader:1364:14)
2025-04-14 09:46:52:     at Module._extensions..js (node:internal/modules/cjs/loader:1422:10)
2025-04-14 09:46:52:     at Module.load (node:internal/modules/cjs/loader:1203:32)
2025-04-14 09:46:52:     at Module._load (node:internal/modules/cjs/loader:1019:12)
2025-04-14 09:46:52:     at Module.require (node:internal/modules/cjs/loader:1231:19)
2025-04-14 09:46:52:     at Hook._require.Module.require (/nix/store/shfv23xyd45wxv8w4ax04abmvmf1m78w-pm2-5.4.2/lib/node_modules/pm2/node_modules/require-in-the-middle/index.js:101:39)
2025-04-14 09:46:52:     at require (node:internal/modules/helpers:177:18)
2025-04-14 09:46:52:     at Object.<anonymous> (/repo/nodejs/demo-app/app.js:2:1)
2025-04-14 09:46:52:     at Module._compile (node:internal/modules/cjs/loader:1364:14)
2025-04-14 09:46:52: TypeError: detectResourcesSync is not a function
2025-04-14 09:46:52:     at Object.<anonymous> (/repo/nodejs/demo-app/tracing.js:11:26)
2025-04-14 09:46:52:     at Module._compile (node:internal/modules/cjs/loader:1364:14)
2025-04-14 09:46:52:     at Module._extensions..js (node:internal/modules/cjs/loader:1422:10)
2025-04-14 09:46:52:     at Module.load (node:internal/modules/cjs/loader:1203:32)
2025-04-14 09:46:52:     at Module._load (node:internal/modules/cjs/loader:1019:12)
2025-04-14 09:46:52:     at Module.require (node:internal/modules/cjs/loader:1231:19)
2025-04-14 09:46:52:     at Hook._require.Module.require (/nix/store/shfv23xyd45wxv8w4ax04abmvmf1m78w-pm2-5.4.2/lib/node_modules/pm2/node_modules/require-in-the-middle/index.js:101:39)
2025-04-14 09:46:52:     at require (node:internal/modules/helpers:177:18)
2025-04-14 09:46:52:     at Object.<anonymous> (/repo/nodejs/demo-app/app.js:2:1)
2025-04-14 09:46:52:     at Module._compile (node:internal/modules/cjs/loader:1364:14)
2025-04-14 09:46:52: TypeError: detectResourcesSync is not a function
2025-04-14 09:46:52:     at Object.<anonymous> (/repo/nodejs/demo-app/tracing.js:11:26)
2025-04-14 09:46:52:     at Module._compile (node:internal/modules/cjs/loader:1364:14)
2025-04-14 09:46:52:     at Module._extensions..js (node:internal/modules/cjs/loader:1422:10)
2025-04-14 09:46:52:     at Module.load (node:internal/modules/cjs/loader:1203:32)
2025-04-14 09:46:52:     at Module._load (node:internal/modules/cjs/loader:1019:12)
2025-04-14 09:46:52:     at Module.require (node:internal/modules/cjs/loader:1231:19)
2025-04-14 09:46:52:     at Hook._require.Module.require (/nix/store/shfv23xyd45wxv8w4ax04abmvmf1m78w-pm2-5.4.2/lib/node_modules/pm2/node_modules/require-in-the-middle/index.js:101:39)
2025-04-14 09:46:52:     at require (node:internal/modules/helpers:177:18)
2025-04-14 09:46:52:     at Object.<anonymous> (/repo/nodejs/demo-app/app.js:2:1)
2025-04-14 09:46:52:     at Module._compile (node:internal/modules/cjs/loader:1364:14)
2025-04-14 09:46:53: TypeError: detectResourcesSync is not a function
2025-04-14 09:46:53:     at Object.<anonymous> (/repo/nodejs/demo-app/tracing.js:11:26)
2025-04-14 09:46:53:     at Module._compile (node:internal/modules/cjs/loader:1364:14)
2025-04-14 09:46:53:     at Module._extensions..js (node:internal/modules/cjs/loader:1422:10)
2025-04-14 09:46:53:     at Module.load (node:internal/modules/cjs/loader:1203:32)
2025-04-14 09:46:53:     at Module._load (node:internal/modules/cjs/loader:1019:12)
2025-04-14 09:46:53:     at Module.require (node:internal/modules/cjs/loader:1231:19)
2025-04-14 09:46:53:     at Hook._require.Module.require (/nix/store/shfv23xyd45wxv8w4ax04abmvmf1m78w-pm2-5.4.2/lib/node_modules/pm2/node_modules/require-in-the-middle/index.js:101:39)
2025-04-14 09:46:53:     at require (node:internal/modules/helpers:177:18)
2025-04-14 09:46:53:     at Object.<anonymous> (/repo/nodejs/demo-app/app.js:2:1)
2025-04-14 09:46:53:     at Module._compile (node:internal/modules/cjs/loader:1364:14)
2025-04-14 09:46:53: TypeError: detectResourcesSync is not a function
2025-04-14 09:46:53:     at Object.<anonymous> (/repo/nodejs/demo-app/tracing.js:11:26)
2025-04-14 09:46:53:     at Module._compile (node:internal/modules/cjs/loader:1364:14)
2025-04-14 09:46:53:     at Module._extensions..js (node:internal/modules/cjs/loader:1422:10)
2025-04-14 09:46:53:     at Module.load (node:internal/modules/cjs/loader:1203:32)
2025-04-14 09:46:53:     at Module._load (node:internal/modules/cjs/loader:1019:12)
2025-04-14 09:46:53:     at Module.require (node:internal/modules/cjs/loader:1231:19)
2025-04-14 09:46:53:     at Hook._require.Module.require (/nix/store/shfv23xyd45wxv8w4ax04abmvmf1m78w-pm2-5.4.2/lib/node_modules/pm2/node_modules/require-in-the-middle/index.js:101:39)
2025-04-14 09:46:53:     at require (node:internal/modules/helpers:177:18)
2025-04-14 09:46:53:     at Object.<anonymous> (/repo/nodejs/demo-app/app.js:2:1)
2025-04-14 09:46:53:     at Module._compile (node:internal/modules/cjs/loader:1364:14)
2025-04-14 09:46:53: TypeError: detectResourcesSync is not a function
2025-04-14 09:46:53:     at Object.<anonymous> (/repo/nodejs/demo-app/tracing.js:11:26)
2025-04-14 09:46:53:     at Module._compile (node:internal/modules/cjs/loader:1364:14)
2025-04-14 09:46:53:     at Module._extensions..js (node:internal/modules/cjs/loader:1422:10)
2025-04-14 09:46:53:     at Module.load (node:internal/modules/cjs/loader:1203:32)
2025-04-14 09:46:53:     at Module._load (node:internal/modules/cjs/loader:1019:12)
2025-04-14 09:46:53:     at Module.require (node:internal/modules/cjs/loader:1231:19)
2025-04-14 09:46:53:     at Hook._require.Module.require (/nix/store/shfv23xyd45wxv8w4ax04abmvmf1m78w-pm2-5.4.2/lib/node_modules/pm2/node_modules/require-in-the-middle/index.js:101:39)
2025-04-14 09:46:53:     at require (node:internal/modules/helpers:177:18)
2025-04-14 09:46:53:     at Object.<anonymous> (/repo/nodejs/demo-app/app.js:2:1)
2025-04-14 09:46:53:     at Module._compile (node:internal/modules/cjs/loader:1364:14)
2025-04-14 09:46:53: TypeError: detectResourcesSync is not a function
2025-04-14 09:46:53:     at Object.<anonymous> (/repo/nodejs/demo-app/tracing.js:11:26)
2025-04-14 09:46:53:     at Module._compile (node:internal/modules/cjs/loader:1364:14)
2025-04-14 09:46:53:     at Module._extensions..js (node:internal/modules/cjs/loader:1422:10)
2025-04-14 09:46:53:     at Module.load (node:internal/modules/cjs/loader:1203:32)
2025-04-14 09:46:53:     at Module._load (node:internal/modules/cjs/loader:1019:12)
2025-04-14 09:46:53:     at Module.require (node:internal/modules/cjs/loader:1231:19)
2025-04-14 09:46:53:     at Hook._require.Module.require (/nix/store/shfv23xyd45wxv8w4ax04abmvmf1m78w-pm2-5.4.2/lib/node_modules/pm2/node_modules/require-in-the-middle/index.js:101:39)
2025-04-14 09:46:53:     at require (node:internal/modules/helpers:177:18)
2025-04-14 09:46:53:     at Object.<anonymous> (/repo/nodejs/demo-app/app.js:2:1)
2025-04-14 09:46:53:     at Module._compile (node:internal/modules/cjs/loader:1364:14)
2025-04-14 09:46:54: TypeError: detectResourcesSync is not a function
2025-04-14 09:46:54:     at Object.<anonymous> (/repo/nodejs/demo-app/tracing.js:11:26)
2025-04-14 09:46:54:     at Module._compile (node:internal/modules/cjs/loader:1364:14)
2025-04-14 09:46:54:     at Module._extensions..js (node:internal/modules/cjs/loader:1422:10)
2025-04-14 09:46:54:     at Module.load (node:internal/modules/cjs/loader:1203:32)
2025-04-14 09:46:54:     at Module._load (node:internal/modules/cjs/loader:1019:12)
2025-04-14 09:46:54:     at Module.require (node:internal/modules/cjs/loader:1231:19)
2025-04-14 09:46:54:     at Hook._require.Module.require (/nix/store/shfv23xyd45wxv8w4ax04abmvmf1m78w-pm2-5.4.2/lib/node_modules/pm2/node_modules/require-in-the-middle/index.js:101:39)
2025-04-14 09:46:54:     at require (node:internal/modules/helpers:177:18)
2025-04-14 09:46:54:     at Object.<anonymous> (/repo/nodejs/demo-app/app.js:2:1)
2025-04-14 09:46:54:     at Module._compile (node:internal/modules/cjs/loader:1364:14)
2025-04-14 09:46:54: TypeError: detectResourcesSync is not a function
2025-04-14 09:46:54:     at Object.<anonymous> (/repo/nodejs/demo-app/tracing.js:11:26)
2025-04-14 09:46:54:     at Module._compile (node:internal/modules/cjs/loader:1364:14)
2025-04-14 09:46:54:     at Module._extensions..js (node:internal/modules/cjs/loader:1422:10)
2025-04-14 09:46:54:     at Module.load (node:internal/modules/cjs/loader:1203:32)
2025-04-14 09:46:54:     at Module._load (node:internal/modules/cjs/loader:1019:12)
2025-04-14 09:46:54:     at Module.require (node:internal/modules/cjs/loader:1231:19)
2025-04-14 09:46:54:     at Hook._require.Module.require (/nix/store/shfv23xyd45wxv8w4ax04abmvmf1m78w-pm2-5.4.2/lib/node_modules/pm2/node_modules/require-in-the-middle/index.js:101:39)
2025-04-14 09:46:54:     at require (node:internal/modules/helpers:177:18)
2025-04-14 09:46:54:     at Object.<anonymous> (/repo/nodejs/demo-app/app.js:2:1)
2025-04-14 09:46:54:     at Module._compile (node:internal/modules/cjs/loader:1364:14)
2025-04-14 09:46:54: TypeError: detectResourcesSync is not a function
2025-04-14 09:46:54:     at Object.<anonymous> (/repo/nodejs/demo-app/tracing.js:11:26)
2025-04-14 09:46:54:     at Module._compile (node:internal/modules/cjs/loader:1364:14)
2025-04-14 09:46:54:     at Module._extensions..js (node:internal/modules/cjs/loader:1422:10)
2025-04-14 09:46:54:     at Module.load (node:internal/modules/cjs/loader:1203:32)
2025-04-14 09:46:54:     at Module._load (node:internal/modules/cjs/loader:1019:12)
2025-04-14 09:46:54:     at Module.require (node:internal/modules/cjs/loader:1231:19)
2025-04-14 09:46:54:     at Hook._require.Module.require (/nix/store/shfv23xyd45wxv8w4ax04abmvmf1m78w-pm2-5.4.2/lib/node_modules/pm2/node_modules/require-in-the-middle/index.js:101:39)
2025-04-14 09:46:54:     at require (node:internal/modules/helpers:177:18)
2025-04-14 09:46:54:     at Object.<anonymous> (/repo/nodejs/demo-app/app.js:2:1)
2025-04-14 09:46:54:     at Module._compile (node:internal/modules/cjs/loader:1364:14)
2025-04-14 09:46:55: TypeError: detectResourcesSync is not a function
2025-04-14 09:46:55:     at Object.<anonymous> (/repo/nodejs/demo-app/tracing.js:11:26)
2025-04-14 09:46:55:     at Module._compile (node:internal/modules/cjs/loader:1364:14)
2025-04-14 09:46:55:     at Module._extensions..js (node:internal/modules/cjs/loader:1422:10)
2025-04-14 09:46:55:     at Module.load (node:internal/modules/cjs/loader:1203:32)
2025-04-14 09:46:55:     at Module._load (node:internal/modules/cjs/loader:1019:12)
2025-04-14 09:46:55:     at Module.require (node:internal/modules/cjs/loader:1231:19)
2025-04-14 09:46:55:     at Hook._require.Module.require (/nix/store/shfv23xyd45wxv8w4ax04abmvmf1m78w-pm2-5.4.2/lib/node_modules/pm2/node_modules/require-in-the-middle/index.js:101:39)
2025-04-14 09:46:55:     at require (node:internal/modules/helpers:177:18)
2025-04-14 09:46:55:     at Object.<anonymous> (/repo/nodejs/demo-app/app.js:2:1)
2025-04-14 09:46:55:     at Module._compile (node:internal/modules/cjs/loader:1364:14)
2025-04-14 09:46:55: TypeError: detectResourcesSync is not a function
2025-04-14 09:46:55:     at Object.<anonymous> (/repo/nodejs/demo-app/tracing.js:11:26)
2025-04-14 09:46:55:     at Module._compile (node:internal/modules/cjs/loader:1364:14)
2025-04-14 09:46:55:     at Module._extensions..js (node:internal/modules/cjs/loader:1422:10)
2025-04-14 09:46:55:     at Module.load (node:internal/modules/cjs/loader:1203:32)
2025-04-14 09:46:55:     at Module._load (node:internal/modules/cjs/loader:1019:12)
2025-04-14 09:46:55:     at Module.require (node:internal/modules/cjs/loader:1231:19)
2025-04-14 09:46:55:     at Hook._require.Module.require (/nix/store/shfv23xyd45wxv8w4ax04abmvmf1m78w-pm2-5.4.2/lib/node_modules/pm2/node_modules/require-in-the-middle/index.js:101:39)
2025-04-14 09:46:55:     at require (node:internal/modules/helpers:177:18)
2025-04-14 09:46:55:     at Object.<anonymous> (/repo/nodejs/demo-app/app.js:2:1)
2025-04-14 09:46:55:     at Module._compile (node:internal/modules/cjs/loader:1364:14)
2025-04-14 09:46:55: TypeError: detectResourcesSync is not a function
2025-04-14 09:46:55:     at Object.<anonymous> (/repo/nodejs/demo-app/tracing.js:11:26)
2025-04-14 09:46:55:     at Module._compile (node:internal/modules/cjs/loader:1364:14)
2025-04-14 09:46:55:     at Module._extensions..js (node:internal/modules/cjs/loader:1422:10)
2025-04-14 09:46:55:     at Module.load (node:internal/modules/cjs/loader:1203:32)
2025-04-14 09:46:55:     at Module._load (node:internal/modules/cjs/loader:1019:12)
2025-04-14 09:46:55:     at Module.require (node:internal/modules/cjs/loader:1231:19)
2025-04-14 09:46:55:     at Hook._require.Module.require (/nix/store/shfv23xyd45wxv8w4ax04abmvmf1m78w-pm2-5.4.2/lib/node_modules/pm2/node_modules/require-in-the-middle/index.js:101:39)
2025-04-14 09:46:55:     at require (node:internal/modules/helpers:177:18)
2025-04-14 09:46:55:     at Object.<anonymous> (/repo/nodejs/demo-app/app.js:2:1)
2025-04-14 09:46:55:     at Module._compile (node:internal/modules/cjs/loader:1364:14)
2025-04-14 09:46:55: TypeError: detectResourcesSync is not a function
2025-04-14 09:46:55:     at Object.<anonymous> (/repo/nodejs/demo-app/tracing.js:11:26)
2025-04-14 09:46:55:     at Module._compile (node:internal/modules/cjs/loader:1364:14)
2025-04-14 09:46:55:     at Module._extensions..js (node:internal/modules/cjs/loader:1422:10)
2025-04-14 09:46:55:     at Module.load (node:internal/modules/cjs/loader:1203:32)
2025-04-14 09:46:55:     at Module._load (node:internal/modules/cjs/loader:1019:12)
2025-04-14 09:46:55:     at Module.require (node:internal/modules/cjs/loader:1231:19)
2025-04-14 09:46:55:     at Hook._require.Module.require (/nix/store/shfv23xyd45wxv8w4ax04abmvmf1m78w-pm2-5.4.2/lib/node_modules/pm2/node_modules/require-in-the-middle/index.js:101:39)
2025-04-14 09:46:55:     at require (node:internal/modules/helpers:177:18)
2025-04-14 09:46:55:     at Object.<anonymous> (/repo/nodejs/demo-app/app.js:2:1)
2025-04-14 09:46:55:     at Module._compile (node:internal/modules/cjs/loader:1364:14)
2025-04-14 09:46:56: TypeError: detectResourcesSync is not a function
2025-04-14 09:46:56:     at Object.<anonymous> (/repo/nodejs/demo-app/tracing.js:11:26)
2025-04-14 09:46:56:     at Module._compile (node:internal/modules/cjs/loader:1364:14)
2025-04-14 09:46:56:     at Module._extensions..js (node:internal/modules/cjs/loader:1422:10)
2025-04-14 09:46:56:     at Module.load (node:internal/modules/cjs/loader:1203:32)
2025-04-14 09:46:56:     at Module._load (node:internal/modules/cjs/loader:1019:12)
2025-04-14 09:46:56:     at Module.require (node:internal/modules/cjs/loader:1231:19)
2025-04-14 09:46:56:     at Hook._require.Module.require (/nix/store/shfv23xyd45wxv8w4ax04abmvmf1m78w-pm2-5.4.2/lib/node_modules/pm2/node_modules/require-in-the-middle/index.js:101:39)
2025-04-14 09:46:56:     at require (node:internal/modules/helpers:177:18)
2025-04-14 09:46:56:     at Object.<anonymous> (/repo/nodejs/demo-app/app.js:2:1)
2025-04-14 09:46:56:     at Module._compile (node:internal/modules/cjs/loader:1364:14)
2025-04-14 09:46:56: TypeError: detectResourcesSync is not a function
2025-04-14 09:46:56:     at Object.<anonymous> (/repo/nodejs/demo-app/tracing.js:11:26)
2025-04-14 09:46:56:     at Module._compile (node:internal/modules/cjs/loader:1364:14)
2025-04-14 09:46:56:     at Module._extensions..js (node:internal/modules/cjs/loader:1422:10)
2025-04-14 09:46:56:     at Module.load (node:internal/modules/cjs/loader:1203:32)
2025-04-14 09:46:56:     at Module._load (node:internal/modules/cjs/loader:1019:12)
2025-04-14 09:46:56:     at Module.require (node:internal/modules/cjs/loader:1231:19)
2025-04-14 09:46:56:     at Hook._require.Module.require (/nix/store/shfv23xyd45wxv8w4ax04abmvmf1m78w-pm2-5.4.2/lib/node_modules/pm2/node_modules/require-in-the-middle/index.js:101:39)
2025-04-14 09:46:56:     at require (node:internal/modules/helpers:177:18)
2025-04-14 09:46:56:     at Object.<anonymous> (/repo/nodejs/demo-app/app.js:2:1)
2025-04-14 09:46:56:     at Module._compile (node:internal/modules/cjs/loader:1364:14)
2025-04-14 09:46:56: TypeError: detectResourcesSync is not a function
2025-04-14 09:46:56:     at Object.<anonymous> (/repo/nodejs/demo-app/tracing.js:11:26)
2025-04-14 09:46:56:     at Module._compile (node:internal/modules/cjs/loader:1364:14)
2025-04-14 09:46:56:     at Module._extensions..js (node:internal/modules/cjs/loader:1422:10)
2025-04-14 09:46:56:     at Module.load (node:internal/modules/cjs/loader:1203:32)
2025-04-14 09:46:56:     at Module._load (node:internal/modules/cjs/loader:1019:12)
2025-04-14 09:46:56:     at Module.require (node:internal/modules/cjs/loader:1231:19)
2025-04-14 09:46:56:     at Hook._require.Module.require (/nix/store/shfv23xyd45wxv8w4ax04abmvmf1m78w-pm2-5.4.2/lib/node_modules/pm2/node_modules/require-in-the-middle/index.js:101:39)
2025-04-14 09:46:56:     at require (node:internal/modules/helpers:177:18)
2025-04-14 09:46:56:     at Object.<anonymous> (/repo/nodejs/demo-app/app.js:2:1)
2025-04-14 09:46:56:     at Module._compile (node:internal/modules/cjs/loader:1364:14)
2025-04-14 09:46:57: TypeError: detectResourcesSync is not a function
2025-04-14 09:46:57:     at Object.<anonymous> (/repo/nodejs/demo-app/tracing.js:11:26)
2025-04-14 09:46:57:     at Module._compile (node:internal/modules/cjs/loader:1364:14)
2025-04-14 09:46:57:     at Module._extensions..js (node:internal/modules/cjs/loader:1422:10)
2025-04-14 09:46:57:     at Module.load (node:internal/modules/cjs/loader:1203:32)
2025-04-14 09:46:57:     at Module._load (node:internal/modules/cjs/loader:1019:12)
2025-04-14 09:46:57:     at Module.require (node:internal/modules/cjs/loader:1231:19)
2025-04-14 09:46:57:     at Hook._require.Module.require (/nix/store/shfv23xyd45wxv8w4ax04abmvmf1m78w-pm2-5.4.2/lib/node_modules/pm2/node_modules/require-in-the-middle/index.js:101:39)
2025-04-14 09:46:57:     at require (node:internal/modules/helpers:177:18)
2025-04-14 09:46:57:     at Object.<anonymous> (/repo/nodejs/demo-app/app.js:2:1)
2025-04-14 09:46:57:     at Module._compile (node:internal/modules/cjs/loader:1364:14)
2025-04-14 09:46:57: TypeError: detectResourcesSync is not a function
2025-04-14 09:46:57:     at Object.<anonymous> (/repo/nodejs/demo-app/tracing.js:11:26)
2025-04-14 09:46:57:     at Module._compile (node:internal/modules/cjs/loader:1364:14)
2025-04-14 09:46:57:     at Module._extensions..js (node:internal/modules/cjs/loader:1422:10)
2025-04-14 09:46:57:     at Module.load (node:internal/modules/cjs/loader:1203:32)
2025-04-14 09:46:57:     at Module._load (node:internal/modules/cjs/loader:1019:12)
2025-04-14 09:46:57:     at Module.require (node:internal/modules/cjs/loader:1231:19)
2025-04-14 09:46:57:     at Hook._require.Module.require (/nix/store/shfv23xyd45wxv8w4ax04abmvmf1m78w-pm2-5.4.2/lib/node_modules/pm2/node_modules/require-in-the-middle/index.js:101:39)
2025-04-14 09:46:57:     at require (node:internal/modules/helpers:177:18)
2025-04-14 09:46:57:     at Object.<anonymous> (/repo/nodejs/demo-app/app.js:2:1)
2025-04-14 09:46:57:     at Module._compile (node:internal/modules/cjs/loader:1364:14)
2025-04-14 09:46:58: TypeError: detectResourcesSync is not a function
2025-04-14 09:46:58:     at Object.<anonymous> (/repo/nodejs/demo-app/tracing.js:11:26)
2025-04-14 09:46:58:     at Module._compile (node:internal/modules/cjs/loader:1364:14)
2025-04-14 09:46:58:     at Module._extensions..js (node:internal/modules/cjs/loader:1422:10)
2025-04-14 09:46:58:     at Module.load (node:internal/modules/cjs/loader:1203:32)
2025-04-14 09:46:58:     at Module._load (node:internal/modules/cjs/loader:1019:12)
2025-04-14 09:46:58:     at Module.require (node:internal/modules/cjs/loader:1231:19)
2025-04-14 09:46:58:     at Hook._require.Module.require (/nix/store/shfv23xyd45wxv8w4ax04abmvmf1m78w-pm2-5.4.2/lib/node_modules/pm2/node_modules/require-in-the-middle/index.js:101:39)
2025-04-14 09:46:58:     at require (node:internal/modules/helpers:177:18)
2025-04-14 09:46:58:     at Object.<anonymous> (/repo/nodejs/demo-app/app.js:2:1)
2025-04-14 09:46:58:     at Module._compile (node:internal/modules/cjs/loader:1364:14)
2025-04-14 09:46:58: TypeError: detectResourcesSync is not a function
2025-04-14 09:46:58:     at Object.<anonymous> (/repo/nodejs/demo-app/tracing.js:11:26)
2025-04-14 09:46:58:     at Module._compile (node:internal/modules/cjs/loader:1364:14)
2025-04-14 09:46:58:     at Module._extensions..js (node:internal/modules/cjs/loader:1422:10)
2025-04-14 09:46:58:     at Module.load (node:internal/modules/cjs/loader:1203:32)
2025-04-14 09:46:58:     at Module._load (node:internal/modules/cjs/loader:1019:12)
2025-04-14 09:46:58:     at Module.require (node:internal/modules/cjs/loader:1231:19)
2025-04-14 09:46:58:     at Hook._require.Module.require (/nix/store/shfv23xyd45wxv8w4ax04abmvmf1m78w-pm2-5.4.2/lib/node_modules/pm2/node_modules/require-in-the-middle/index.js:101:39)
2025-04-14 09:46:58:     at require (node:internal/modules/helpers:177:18)
2025-04-14 09:46:58:     at Object.<anonymous> (/repo/nodejs/demo-app/app.js:2:1)
2025-04-14 09:46:58:     at Module._compile (node:internal/modules/cjs/loader:1364:14)
2025-04-14 09:46:59: TypeError: detectResourcesSync is not a function
2025-04-14 09:46:59:     at Object.<anonymous> (/repo/nodejs/demo-app/tracing.js:11:26)
2025-04-14 09:46:59:     at Module._compile (node:internal/modules/cjs/loader:1364:14)
2025-04-14 09:46:59:     at Module._extensions..js (node:internal/modules/cjs/loader:1422:10)
2025-04-14 09:46:59:     at Module.load (node:internal/modules/cjs/loader:1203:32)
2025-04-14 09:46:59:     at Module._load (node:internal/modules/cjs/loader:1019:12)
2025-04-14 09:46:59:     at Module.require (node:internal/modules/cjs/loader:1231:19)
2025-04-14 09:46:59:     at Hook._require.Module.require (/nix/store/shfv23xyd45wxv8w4ax04abmvmf1m78w-pm2-5.4.2/lib/node_modules/pm2/node_modules/require-in-the-middle/index.js:101:39)
2025-04-14 09:46:59:     at require (node:internal/modules/helpers:177:18)
2025-04-14 09:46:59:     at Object.<anonymous> (/repo/nodejs/demo-app/app.js:1:1)
2025-04-14 09:46:59:     at Module._compile (node:internal/modules/cjs/loader:1364:14)
2025-04-14 09:46:59: TypeError: detectResourcesSync is not a function
2025-04-14 09:46:59:     at Object.<anonymous> (/repo/nodejs/demo-app/tracing.js:11:26)
2025-04-14 09:46:59:     at Module._compile (node:internal/modules/cjs/loader:1364:14)
2025-04-14 09:46:59:     at Module._extensions..js (node:internal/modules/cjs/loader:1422:10)
2025-04-14 09:46:59:     at Module.load (node:internal/modules/cjs/loader:1203:32)
2025-04-14 09:46:59:     at Module._load (node:internal/modules/cjs/loader:1019:12)
2025-04-14 09:46:59:     at Module.require (node:internal/modules/cjs/loader:1231:19)
2025-04-14 09:46:59:     at Hook._require.Module.require (/nix/store/shfv23xyd45wxv8w4ax04abmvmf1m78w-pm2-5.4.2/lib/node_modules/pm2/node_modules/require-in-the-middle/index.js:101:39)
2025-04-14 09:46:59:     at require (node:internal/modules/helpers:177:18)
2025-04-14 09:46:59:     at Object.<anonymous> (/repo/nodejs/demo-app/app.js:1:1)
2025-04-14 09:46:59:     at Module._compile (node:internal/modules/cjs/loader:1364:14)
2025-04-14 09:46:59: TypeError: detectResourcesSync is not a function
2025-04-14 09:46:59:     at Object.<anonymous> (/repo/nodejs/demo-app/tracing.js:11:26)
2025-04-14 09:46:59:     at Module._compile (node:internal/modules/cjs/loader:1364:14)
2025-04-14 09:46:59:     at Module._extensions..js (node:internal/modules/cjs/loader:1422:10)
2025-04-14 09:46:59:     at Module.load (node:internal/modules/cjs/loader:1203:32)
2025-04-14 09:46:59:     at Module._load (node:internal/modules/cjs/loader:1019:12)
2025-04-14 09:46:59:     at Module.require (node:internal/modules/cjs/loader:1231:19)
2025-04-14 09:46:59:     at Hook._require.Module.require (/nix/store/shfv23xyd45wxv8w4ax04abmvmf1m78w-pm2-5.4.2/lib/node_modules/pm2/node_modules/require-in-the-middle/index.js:101:39)
2025-04-14 09:46:59:     at require (node:internal/modules/helpers:177:18)
2025-04-14 09:46:59:     at Object.<anonymous> (/repo/nodejs/demo-app/app.js:1:1)
2025-04-14 09:46:59:     at Module._compile (node:internal/modules/cjs/loader:1364:14)
2025-04-14 09:46:59: TypeError: detectResourcesSync is not a function
2025-04-14 09:46:59:     at Object.<anonymous> (/repo/nodejs/demo-app/tracing.js:11:26)
2025-04-14 09:46:59:     at Module._compile (node:internal/modules/cjs/loader:1364:14)
2025-04-14 09:46:59:     at Module._extensions..js (node:internal/modules/cjs/loader:1422:10)
2025-04-14 09:46:59:     at Module.load (node:internal/modules/cjs/loader:1203:32)
2025-04-14 09:46:59:     at Module._load (node:internal/modules/cjs/loader:1019:12)
2025-04-14 09:46:59:     at Module.require (node:internal/modules/cjs/loader:1231:19)
2025-04-14 09:46:59:     at Hook._require.Module.require (/nix/store/shfv23xyd45wxv8w4ax04abmvmf1m78w-pm2-5.4.2/lib/node_modules/pm2/node_modules/require-in-the-middle/index.js:101:39)
2025-04-14 09:46:59:     at require (node:internal/modules/helpers:177:18)
2025-04-14 09:46:59:     at Object.<anonymous> (/repo/nodejs/demo-app/app.js:1:1)
2025-04-14 09:46:59:     at Module._compile (node:internal/modules/cjs/loader:1364:14)
2025-04-14 09:46:59: TypeError: detectResourcesSync is not a function
2025-04-14 09:46:59:     at Object.<anonymous> (/repo/nodejs/demo-app/tracing.js:11:26)
2025-04-14 09:46:59:     at Module._compile (node:internal/modules/cjs/loader:1364:14)
2025-04-14 09:46:59:     at Module._extensions..js (node:internal/modules/cjs/loader:1422:10)
2025-04-14 09:46:59:     at Module.load (node:internal/modules/cjs/loader:1203:32)
2025-04-14 09:46:59:     at Module._load (node:internal/modules/cjs/loader:1019:12)
2025-04-14 09:46:59:     at Module.require (node:internal/modules/cjs/loader:1231:19)
2025-04-14 09:46:59:     at Hook._require.Module.require (/nix/store/shfv23xyd45wxv8w4ax04abmvmf1m78w-pm2-5.4.2/lib/node_modules/pm2/node_modules/require-in-the-middle/index.js:101:39)
2025-04-14 09:46:59:     at require (node:internal/modules/helpers:177:18)
2025-04-14 09:46:59:     at Object.<anonymous> (/repo/nodejs/demo-app/app.js:1:1)
2025-04-14 09:46:59:     at Module._compile (node:internal/modules/cjs/loader:1364:14)
2025-04-14 09:47:00: TypeError: detectResourcesSync is not a function
2025-04-14 09:47:00:     at Object.<anonymous> (/repo/nodejs/demo-app/tracing.js:11:26)
2025-04-14 09:47:00:     at Module._compile (node:internal/modules/cjs/loader:1364:14)
2025-04-14 09:47:00:     at Module._extensions..js (node:internal/modules/cjs/loader:1422:10)
2025-04-14 09:47:00:     at Module.load (node:internal/modules/cjs/loader:1203:32)
2025-04-14 09:47:00:     at Module._load (node:internal/modules/cjs/loader:1019:12)
2025-04-14 09:47:00:     at Module.require (node:internal/modules/cjs/loader:1231:19)
2025-04-14 09:47:00:     at Hook._require.Module.require (/nix/store/shfv23xyd45wxv8w4ax04abmvmf1m78w-pm2-5.4.2/lib/node_modules/pm2/node_modules/require-in-the-middle/index.js:101:39)
2025-04-14 09:47:00:     at require (node:internal/modules/helpers:177:18)
2025-04-14 09:47:00:     at Object.<anonymous> (/repo/nodejs/demo-app/app.js:1:1)
2025-04-14 09:47:00:     at Module._compile (node:internal/modules/cjs/loader:1364:14)
2025-04-14 09:47:00: TypeError: detectResourcesSync is not a function
2025-04-14 09:47:00:     at Object.<anonymous> (/repo/nodejs/demo-app/tracing.js:11:26)
2025-04-14 09:47:00:     at Module._compile (node:internal/modules/cjs/loader:1364:14)
2025-04-14 09:47:00:     at Module._extensions..js (node:internal/modules/cjs/loader:1422:10)
2025-04-14 09:47:00:     at Module.load (node:internal/modules/cjs/loader:1203:32)
2025-04-14 09:47:00:     at Module._load (node:internal/modules/cjs/loader:1019:12)
2025-04-14 09:47:00:     at Module.require (node:internal/modules/cjs/loader:1231:19)
2025-04-14 09:47:00:     at Hook._require.Module.require (/nix/store/shfv23xyd45wxv8w4ax04abmvmf1m78w-pm2-5.4.2/lib/node_modules/pm2/node_modules/require-in-the-middle/index.js:101:39)
2025-04-14 09:47:00:     at require (node:internal/modules/helpers:177:18)
2025-04-14 09:47:00:     at Object.<anonymous> (/repo/nodejs/demo-app/app.js:1:1)
2025-04-14 09:47:00:     at Module._compile (node:internal/modules/cjs/loader:1364:14)
2025-04-14 09:47:00: TypeError: detectResourcesSync is not a function
2025-04-14 09:47:00:     at Object.<anonymous> (/repo/nodejs/demo-app/tracing.js:11:26)
2025-04-14 09:47:00:     at Module._compile (node:internal/modules/cjs/loader:1364:14)
2025-04-14 09:47:00:     at Module._extensions..js (node:internal/modules/cjs/loader:1422:10)
2025-04-14 09:47:00:     at Module.load (node:internal/modules/cjs/loader:1203:32)
2025-04-14 09:47:00:     at Module._load (node:internal/modules/cjs/loader:1019:12)
2025-04-14 09:47:00:     at Module.require (node:internal/modules/cjs/loader:1231:19)
2025-04-14 09:47:00:     at Hook._require.Module.require (/nix/store/shfv23xyd45wxv8w4ax04abmvmf1m78w-pm2-5.4.2/lib/node_modules/pm2/node_modules/require-in-the-middle/index.js:101:39)
2025-04-14 09:47:00:     at require (node:internal/modules/helpers:177:18)
2025-04-14 09:47:00:     at Object.<anonymous> (/repo/nodejs/demo-app/app.js:1:1)
2025-04-14 09:47:00:     at Module._compile (node:internal/modules/cjs/loader:1364:14)
2025-04-14 09:47:01: TypeError: detectResourcesSync is not a function
2025-04-14 09:47:01:     at Object.<anonymous> (/repo/nodejs/demo-app/tracing.js:11:26)
2025-04-14 09:47:01:     at Module._compile (node:internal/modules/cjs/loader:1364:14)
2025-04-14 09:47:01:     at Module._extensions..js (node:internal/modules/cjs/loader:1422:10)
2025-04-14 09:47:01:     at Module.load (node:internal/modules/cjs/loader:1203:32)
2025-04-14 09:47:01:     at Module._load (node:internal/modules/cjs/loader:1019:12)
2025-04-14 09:47:01:     at Module.require (node:internal/modules/cjs/loader:1231:19)
2025-04-14 09:47:01:     at Hook._require.Module.require (/nix/store/shfv23xyd45wxv8w4ax04abmvmf1m78w-pm2-5.4.2/lib/node_modules/pm2/node_modules/require-in-the-middle/index.js:101:39)
2025-04-14 09:47:01:     at require (node:internal/modules/helpers:177:18)
2025-04-14 09:47:01:     at Object.<anonymous> (/repo/nodejs/demo-app/app.js:1:1)
2025-04-14 09:47:01:     at Module._compile (node:internal/modules/cjs/loader:1364:14)
2025-04-14 09:47:01: TypeError: detectResourcesSync is not a function
2025-04-14 09:47:01:     at Object.<anonymous> (/repo/nodejs/demo-app/tracing.js:11:26)
2025-04-14 09:47:01:     at Module._compile (node:internal/modules/cjs/loader:1364:14)
2025-04-14 09:47:01:     at Module._extensions..js (node:internal/modules/cjs/loader:1422:10)
2025-04-14 09:47:01:     at Module.load (node:internal/modules/cjs/loader:1203:32)
2025-04-14 09:47:01:     at Module._load (node:internal/modules/cjs/loader:1019:12)
2025-04-14 09:47:01:     at Module.require (node:internal/modules/cjs/loader:1231:19)
2025-04-14 09:47:01:     at Hook._require.Module.require (/nix/store/shfv23xyd45wxv8w4ax04abmvmf1m78w-pm2-5.4.2/lib/node_modules/pm2/node_modules/require-in-the-middle/index.js:101:39)
2025-04-14 09:47:01:     at require (node:internal/modules/helpers:177:18)
2025-04-14 09:47:01:     at Object.<anonymous> (/repo/nodejs/demo-app/app.js:1:1)
2025-04-14 09:47:01:     at Module._compile (node:internal/modules/cjs/loader:1364:14)
2025-04-14 09:47:01: TypeError: detectResourcesSync is not a function
2025-04-14 09:47:01:     at Object.<anonymous> (/repo/nodejs/demo-app/tracing.js:11:26)
2025-04-14 09:47:01:     at Module._compile (node:internal/modules/cjs/loader:1364:14)
2025-04-14 09:47:01:     at Module._extensions..js (node:internal/modules/cjs/loader:1422:10)
2025-04-14 09:47:01:     at Module.load (node:internal/modules/cjs/loader:1203:32)
2025-04-14 09:47:01:     at Module._load (node:internal/modules/cjs/loader:1019:12)
2025-04-14 09:47:01:     at Module.require (node:internal/modules/cjs/loader:1231:19)
2025-04-14 09:47:01:     at Hook._require.Module.require (/nix/store/shfv23xyd45wxv8w4ax04abmvmf1m78w-pm2-5.4.2/lib/node_modules/pm2/node_modules/require-in-the-middle/index.js:101:39)
2025-04-14 09:47:01:     at require (node:internal/modules/helpers:177:18)
2025-04-14 09:47:01:     at Object.<anonymous> (/repo/nodejs/demo-app/app.js:1:1)
2025-04-14 09:47:01:     at Module._compile (node:internal/modules/cjs/loader:1364:14)
2025-04-14 09:47:01: TypeError: detectResourcesSync is not a function
2025-04-14 09:47:01:     at Object.<anonymous> (/repo/nodejs/demo-app/tracing.js:11:26)
2025-04-14 09:47:01:     at Module._compile (node:internal/modules/cjs/loader:1364:14)
2025-04-14 09:47:01:     at Module._extensions..js (node:internal/modules/cjs/loader:1422:10)
2025-04-14 09:47:01:     at Module.load (node:internal/modules/cjs/loader:1203:32)
2025-04-14 09:47:01:     at Module._load (node:internal/modules/cjs/loader:1019:12)
2025-04-14 09:47:01:     at Module.require (node:internal/modules/cjs/loader:1231:19)
2025-04-14 09:47:01:     at Hook._require.Module.require (/nix/store/shfv23xyd45wxv8w4ax04abmvmf1m78w-pm2-5.4.2/lib/node_modules/pm2/node_modules/require-in-the-middle/index.js:101:39)
2025-04-14 09:47:01:     at require (node:internal/modules/helpers:177:18)
2025-04-14 09:47:01:     at Object.<anonymous> (/repo/nodejs/demo-app/app.js:1:1)
2025-04-14 09:47:01:     at Module._compile (node:internal/modules/cjs/loader:1364:14)
2025-04-14 09:47:01: TypeError: detectResourcesSync is not a function
2025-04-14 09:47:01:     at Object.<anonymous> (/repo/nodejs/demo-app/tracing.js:11:26)
2025-04-14 09:47:01:     at Module._compile (node:internal/modules/cjs/loader:1364:14)
2025-04-14 09:47:01:     at Module._extensions..js (node:internal/modules/cjs/loader:1422:10)
2025-04-14 09:47:01:     at Module.load (node:internal/modules/cjs/loader:1203:32)
2025-04-14 09:47:01:     at Module._load (node:internal/modules/cjs/loader:1019:12)
2025-04-14 09:47:01:     at Module.require (node:internal/modules/cjs/loader:1231:19)
2025-04-14 09:47:01:     at Hook._require.Module.require (/nix/store/shfv23xyd45wxv8w4ax04abmvmf1m78w-pm2-5.4.2/lib/node_modules/pm2/node_modules/require-in-the-middle/index.js:101:39)
2025-04-14 09:47:01:     at require (node:internal/modules/helpers:177:18)
2025-04-14 09:47:01:     at Object.<anonymous> (/repo/nodejs/demo-app/app.js:1:1)
2025-04-14 09:47:01:     at Module._compile (node:internal/modules/cjs/loader:1364:14)
2025-04-14 09:47:02: TypeError: detectResourcesSync is not a function
2025-04-14 09:47:02:     at Object.<anonymous> (/repo/nodejs/demo-app/tracing.js:11:26)
2025-04-14 09:47:02:     at Module._compile (node:internal/modules/cjs/loader:1364:14)
2025-04-14 09:47:02:     at Module._extensions..js (node:internal/modules/cjs/loader:1422:10)
2025-04-14 09:47:02:     at Module.load (node:internal/modules/cjs/loader:1203:32)
2025-04-14 09:47:02:     at Module._load (node:internal/modules/cjs/loader:1019:12)
2025-04-14 09:47:02:     at Module.require (node:internal/modules/cjs/loader:1231:19)
2025-04-14 09:47:02:     at Hook._require.Module.require (/nix/store/shfv23xyd45wxv8w4ax04abmvmf1m78w-pm2-5.4.2/lib/node_modules/pm2/node_modules/require-in-the-middle/index.js:101:39)
2025-04-14 09:47:02:     at require (node:internal/modules/helpers:177:18)
2025-04-14 09:47:02:     at Object.<anonymous> (/repo/nodejs/demo-app/app.js:1:1)
2025-04-14 09:47:02:     at Module._compile (node:internal/modules/cjs/loader:1364:14)
2025-04-14 09:47:02: TypeError: detectResourcesSync is not a function
2025-04-14 09:47:02:     at Object.<anonymous> (/repo/nodejs/demo-app/tracing.js:11:26)
2025-04-14 09:47:02:     at Module._compile (node:internal/modules/cjs/loader:1364:14)
2025-04-14 09:47:02:     at Module._extensions..js (node:internal/modules/cjs/loader:1422:10)
2025-04-14 09:47:02:     at Module.load (node:internal/modules/cjs/loader:1203:32)
2025-04-14 09:47:02:     at Module._load (node:internal/modules/cjs/loader:1019:12)
2025-04-14 09:47:02:     at Module.require (node:internal/modules/cjs/loader:1231:19)
2025-04-14 09:47:02:     at Hook._require.Module.require (/nix/store/shfv23xyd45wxv8w4ax04abmvmf1m78w-pm2-5.4.2/lib/node_modules/pm2/node_modules/require-in-the-middle/index.js:101:39)
2025-04-14 09:47:02:     at require (node:internal/modules/helpers:177:18)
2025-04-14 09:47:02:     at Object.<anonymous> (/repo/nodejs/demo-app/app.js:1:1)
2025-04-14 09:47:02:     at Module._compile (node:internal/modules/cjs/loader:1364:14)
2025-04-14 09:47:02: TypeError: detectResourcesSync is not a function
2025-04-14 09:47:02:     at Object.<anonymous> (/repo/nodejs/demo-app/tracing.js:11:26)
2025-04-14 09:47:02:     at Module._compile (node:internal/modules/cjs/loader:1364:14)
2025-04-14 09:47:02:     at Module._extensions..js (node:internal/modules/cjs/loader:1422:10)
2025-04-14 09:47:02:     at Module.load (node:internal/modules/cjs/loader:1203:32)
2025-04-14 09:47:02:     at Module._load (node:internal/modules/cjs/loader:1019:12)
2025-04-14 09:47:02:     at Module.require (node:internal/modules/cjs/loader:1231:19)
2025-04-14 09:47:02:     at Hook._require.Module.require (/nix/store/shfv23xyd45wxv8w4ax04abmvmf1m78w-pm2-5.4.2/lib/node_modules/pm2/node_modules/require-in-the-middle/index.js:101:39)
2025-04-14 09:47:02:     at require (node:internal/modules/helpers:177:18)
2025-04-14 09:47:02:     at Object.<anonymous> (/repo/nodejs/demo-app/app.js:1:1)
2025-04-14 09:47:02:     at Module._compile (node:internal/modules/cjs/loader:1364:14)
2025-04-14 09:47:02: TypeError: detectResourcesSync is not a function
2025-04-14 09:47:02:     at Object.<anonymous> (/repo/nodejs/demo-app/tracing.js:11:26)
2025-04-14 09:47:02:     at Module._compile (node:internal/modules/cjs/loader:1364:14)
2025-04-14 09:47:02:     at Module._extensions..js (node:internal/modules/cjs/loader:1422:10)
2025-04-14 09:47:02:     at Module.load (node:internal/modules/cjs/loader:1203:32)
2025-04-14 09:47:02:     at Module._load (node:internal/modules/cjs/loader:1019:12)
2025-04-14 09:47:02:     at Module.require (node:internal/modules/cjs/loader:1231:19)
2025-04-14 09:47:02:     at Hook._require.Module.require (/nix/store/shfv23xyd45wxv8w4ax04abmvmf1m78w-pm2-5.4.2/lib/node_modules/pm2/node_modules/require-in-the-middle/index.js:101:39)
2025-04-14 09:47:02:     at require (node:internal/modules/helpers:177:18)
2025-04-14 09:47:02:     at Object.<anonymous> (/repo/nodejs/demo-app/app.js:1:1)
2025-04-14 09:47:02:     at Module._compile (node:internal/modules/cjs/loader:1364:14)
2025-04-14 09:47:02: TypeError: detectResourcesSync is not a function
2025-04-14 09:47:02:     at Object.<anonymous> (/repo/nodejs/demo-app/tracing.js:11:26)
2025-04-14 09:47:02:     at Module._compile (node:internal/modules/cjs/loader:1364:14)
2025-04-14 09:47:02:     at Module._extensions..js (node:internal/modules/cjs/loader:1422:10)
2025-04-14 09:47:02:     at Module.load (node:internal/modules/cjs/loader:1203:32)
2025-04-14 09:47:02:     at Module._load (node:internal/modules/cjs/loader:1019:12)
2025-04-14 09:47:02:     at Module.require (node:internal/modules/cjs/loader:1231:19)
2025-04-14 09:47:02:     at Hook._require.Module.require (/nix/store/shfv23xyd45wxv8w4ax04abmvmf1m78w-pm2-5.4.2/lib/node_modules/pm2/node_modules/require-in-the-middle/index.js:101:39)
2025-04-14 09:47:02:     at require (node:internal/modules/helpers:177:18)
2025-04-14 09:47:02:     at Object.<anonymous> (/repo/nodejs/demo-app/app.js:1:1)
2025-04-14 09:47:02:     at Module._compile (node:internal/modules/cjs/loader:1364:14)
2025-04-14 09:47:02: TypeError: detectResourcesSync is not a function
2025-04-14 09:47:02:     at Object.<anonymous> (/repo/nodejs/demo-app/tracing.js:11:26)
2025-04-14 09:47:02:     at Module._compile (node:internal/modules/cjs/loader:1364:14)
2025-04-14 09:47:02:     at Module._extensions..js (node:internal/modules/cjs/loader:1422:10)
2025-04-14 09:47:02:     at Module.load (node:internal/modules/cjs/loader:1203:32)
2025-04-14 09:47:02:     at Module._load (node:internal/modules/cjs/loader:1019:12)
2025-04-14 09:47:02:     at Module.require (node:internal/modules/cjs/loader:1231:19)
2025-04-14 09:47:02:     at Hook._require.Module.require (/nix/store/shfv23xyd45wxv8w4ax04abmvmf1m78w-pm2-5.4.2/lib/node_modules/pm2/node_modules/require-in-the-middle/index.js:101:39)
2025-04-14 09:47:02:     at require (node:internal/modules/helpers:177:18)
2025-04-14 09:47:02:     at Object.<anonymous> (/repo/nodejs/demo-app/app.js:1:1)
2025-04-14 09:47:02:     at Module._compile (node:internal/modules/cjs/loader:1364:14)
2025-04-14 09:47:02: TypeError: detectResourcesSync is not a function
2025-04-14 09:47:02:     at Object.<anonymous> (/repo/nodejs/demo-app/tracing.js:11:26)
2025-04-14 09:47:02:     at Module._compile (node:internal/modules/cjs/loader:1364:14)
2025-04-14 09:47:02:     at Module._extensions..js (node:internal/modules/cjs/loader:1422:10)
2025-04-14 09:47:02:     at Module.load (node:internal/modules/cjs/loader:1203:32)
2025-04-14 09:47:02:     at Module._load (node:internal/modules/cjs/loader:1019:12)
2025-04-14 09:47:02:     at Module.require (node:internal/modules/cjs/loader:1231:19)
2025-04-14 09:47:02:     at Hook._require.Module.require (/nix/store/shfv23xyd45wxv8w4ax04abmvmf1m78w-pm2-5.4.2/lib/node_modules/pm2/node_modules/require-in-the-middle/index.js:101:39)
2025-04-14 09:47:02:     at require (node:internal/modules/helpers:177:18)
2025-04-14 09:47:02:     at Object.<anonymous> (/repo/nodejs/demo-app/app.js:1:1)
2025-04-14 09:47:02:     at Module._compile (node:internal/modules/cjs/loader:1364:14)
2025-04-14 09:47:03: TypeError: detectResourcesSync is not a function
2025-04-14 09:47:03:     at Object.<anonymous> (/repo/nodejs/demo-app/tracing.js:11:26)
2025-04-14 09:47:03:     at Module._compile (node:internal/modules/cjs/loader:1364:14)
2025-04-14 09:47:03:     at Module._extensions..js (node:internal/modules/cjs/loader:1422:10)
2025-04-14 09:47:03:     at Module.load (node:internal/modules/cjs/loader:1203:32)
2025-04-14 09:47:03:     at Module._load (node:internal/modules/cjs/loader:1019:12)
2025-04-14 09:47:03:     at Module.require (node:internal/modules/cjs/loader:1231:19)
2025-04-14 09:47:03:     at Hook._require.Module.require (/nix/store/shfv23xyd45wxv8w4ax04abmvmf1m78w-pm2-5.4.2/lib/node_modules/pm2/node_modules/require-in-the-middle/index.js:101:39)
2025-04-14 09:47:03:     at require (node:internal/modules/helpers:177:18)
2025-04-14 09:47:03:     at Object.<anonymous> (/repo/nodejs/demo-app/app.js:1:1)
2025-04-14 09:47:03:     at Module._compile (node:internal/modules/cjs/loader:1364:14)
2025-04-14 09:47:03: TypeError: detectResourcesSync is not a function
2025-04-14 09:47:03:     at Object.<anonymous> (/repo/nodejs/demo-app/tracing.js:11:26)
2025-04-14 09:47:03:     at Module._compile (node:internal/modules/cjs/loader:1364:14)
2025-04-14 09:47:03:     at Module._extensions..js (node:internal/modules/cjs/loader:1422:10)
2025-04-14 09:47:03:     at Module.load (node:internal/modules/cjs/loader:1203:32)
2025-04-14 09:47:03:     at Module._load (node:internal/modules/cjs/loader:1019:12)
2025-04-14 09:47:03:     at Module.require (node:internal/modules/cjs/loader:1231:19)
2025-04-14 09:47:03:     at Hook._require.Module.require (/nix/store/shfv23xyd45wxv8w4ax04abmvmf1m78w-pm2-5.4.2/lib/node_modules/pm2/node_modules/require-in-the-middle/index.js:101:39)
2025-04-14 09:47:03:     at require (node:internal/modules/helpers:177:18)
2025-04-14 09:47:03:     at Object.<anonymous> (/repo/nodejs/demo-app/app.js:1:1)
2025-04-14 09:47:03:     at Module._compile (node:internal/modules/cjs/loader:1364:14)
2025-04-14 09:47:03: TypeError: detectResourcesSync is not a function
2025-04-14 09:47:03:     at Object.<anonymous> (/repo/nodejs/demo-app/tracing.js:11:26)
2025-04-14 09:47:03:     at Module._compile (node:internal/modules/cjs/loader:1364:14)
2025-04-14 09:47:03:     at Module._extensions..js (node:internal/modules/cjs/loader:1422:10)
2025-04-14 09:47:03:     at Module.load (node:internal/modules/cjs/loader:1203:32)
2025-04-14 09:47:03:     at Module._load (node:internal/modules/cjs/loader:1019:12)
2025-04-14 09:47:03:     at Module.require (node:internal/modules/cjs/loader:1231:19)
2025-04-14 09:47:03:     at Hook._require.Module.require (/nix/store/shfv23xyd45wxv8w4ax04abmvmf1m78w-pm2-5.4.2/lib/node_modules/pm2/node_modules/require-in-the-middle/index.js:101:39)
2025-04-14 09:47:03:     at require (node:internal/modules/helpers:177:18)
2025-04-14 09:47:03:     at Object.<anonymous> (/repo/nodejs/demo-app/app.js:1:1)
2025-04-14 09:47:03:     at Module._compile (node:internal/modules/cjs/loader:1364:14)
2025-04-14 09:47:04: TypeError: detectResourcesSync is not a function
2025-04-14 09:47:04:     at Object.<anonymous> (/repo/nodejs/demo-app/tracing.js:11:26)
2025-04-14 09:47:04:     at Module._compile (node:internal/modules/cjs/loader:1364:14)
2025-04-14 09:47:04:     at Module._extensions..js (node:internal/modules/cjs/loader:1422:10)
2025-04-14 09:47:04:     at Module.load (node:internal/modules/cjs/loader:1203:32)
2025-04-14 09:47:04:     at Module._load (node:internal/modules/cjs/loader:1019:12)
2025-04-14 09:47:04:     at Module.require (node:internal/modules/cjs/loader:1231:19)
2025-04-14 09:47:04:     at Hook._require.Module.require (/nix/store/shfv23xyd45wxv8w4ax04abmvmf1m78w-pm2-5.4.2/lib/node_modules/pm2/node_modules/require-in-the-middle/index.js:101:39)
2025-04-14 09:47:04:     at require (node:internal/modules/helpers:177:18)
2025-04-14 09:47:04:     at Object.<anonymous> (/repo/nodejs/demo-app/app.js:1:1)
2025-04-14 09:47:04:     at Module._compile (node:internal/modules/cjs/loader:1364:14)
2025-04-14 09:47:04: TypeError: detectResourcesSync is not a function
2025-04-14 09:47:04:     at Object.<anonymous> (/repo/nodejs/demo-app/tracing.js:11:26)
2025-04-14 09:47:04:     at Module._compile (node:internal/modules/cjs/loader:1364:14)
2025-04-14 09:47:04:     at Module._extensions..js (node:internal/modules/cjs/loader:1422:10)
2025-04-14 09:47:04:     at Module.load (node:internal/modules/cjs/loader:1203:32)
2025-04-14 09:47:04:     at Module._load (node:internal/modules/cjs/loader:1019:12)
2025-04-14 09:47:04:     at Module.require (node:internal/modules/cjs/loader:1231:19)
2025-04-14 09:47:04:     at Hook._require.Module.require (/nix/store/shfv23xyd45wxv8w4ax04abmvmf1m78w-pm2-5.4.2/lib/node_modules/pm2/node_modules/require-in-the-middle/index.js:101:39)
2025-04-14 09:47:04:     at require (node:internal/modules/helpers:177:18)
2025-04-14 09:47:04:     at Object.<anonymous> (/repo/nodejs/demo-app/app.js:1:1)
2025-04-14 09:47:04:     at Module._compile (node:internal/modules/cjs/loader:1364:14)
2025-04-14 09:47:04: TypeError: detectResourcesSync is not a function
2025-04-14 09:47:04:     at Object.<anonymous> (/repo/nodejs/demo-app/tracing.js:11:26)
2025-04-14 09:47:04:     at Module._compile (node:internal/modules/cjs/loader:1364:14)
2025-04-14 09:47:04:     at Module._extensions..js (node:internal/modules/cjs/loader:1422:10)
2025-04-14 09:47:04:     at Module.load (node:internal/modules/cjs/loader:1203:32)
2025-04-14 09:47:04:     at Module._load (node:internal/modules/cjs/loader:1019:12)
2025-04-14 09:47:04:     at Module.require (node:internal/modules/cjs/loader:1231:19)
2025-04-14 09:47:04:     at Hook._require.Module.require (/nix/store/shfv23xyd45wxv8w4ax04abmvmf1m78w-pm2-5.4.2/lib/node_modules/pm2/node_modules/require-in-the-middle/index.js:101:39)
2025-04-14 09:47:04:     at require (node:internal/modules/helpers:177:18)
2025-04-14 09:47:04:     at Object.<anonymous> (/repo/nodejs/demo-app/app.js:1:1)
2025-04-14 09:47:04:     at Module._compile (node:internal/modules/cjs/loader:1364:14)
2025-04-14 09:47:04: TypeError: detectResourcesSync is not a function
2025-04-14 09:47:04:     at Object.<anonymous> (/repo/nodejs/demo-app/tracing.js:11:26)
2025-04-14 09:47:04:     at Module._compile (node:internal/modules/cjs/loader:1364:14)
2025-04-14 09:47:04:     at Module._extensions..js (node:internal/modules/cjs/loader:1422:10)
2025-04-14 09:47:04:     at Module.load (node:internal/modules/cjs/loader:1203:32)
2025-04-14 09:47:04:     at Module._load (node:internal/modules/cjs/loader:1019:12)
2025-04-14 09:47:04:     at Module.require (node:internal/modules/cjs/loader:1231:19)
2025-04-14 09:47:04:     at Hook._require.Module.require (/nix/store/shfv23xyd45wxv8w4ax04abmvmf1m78w-pm2-5.4.2/lib/node_modules/pm2/node_modules/require-in-the-middle/index.js:101:39)
2025-04-14 09:47:04:     at require (node:internal/modules/helpers:177:18)
2025-04-14 09:47:04:     at Object.<anonymous> (/repo/nodejs/demo-app/app.js:1:1)
2025-04-14 09:47:04:     at Module._compile (node:internal/modules/cjs/loader:1364:14)
2025-04-14 09:47:05: TypeError: detectResourcesSync is not a function
2025-04-14 09:47:05:     at Object.<anonymous> (/repo/nodejs/demo-app/tracing.js:11:26)
2025-04-14 09:47:05:     at Module._compile (node:internal/modules/cjs/loader:1364:14)
2025-04-14 09:47:05:     at Module._extensions..js (node:internal/modules/cjs/loader:1422:10)
2025-04-14 09:47:05:     at Module.load (node:internal/modules/cjs/loader:1203:32)
2025-04-14 09:47:05:     at Module._load (node:internal/modules/cjs/loader:1019:12)
2025-04-14 09:47:05:     at Module.require (node:internal/modules/cjs/loader:1231:19)
2025-04-14 09:47:05:     at Hook._require.Module.require (/nix/store/shfv23xyd45wxv8w4ax04abmvmf1m78w-pm2-5.4.2/lib/node_modules/pm2/node_modules/require-in-the-middle/index.js:101:39)
2025-04-14 09:47:05:     at require (node:internal/modules/helpers:177:18)
2025-04-14 09:47:05:     at Object.<anonymous> (/repo/nodejs/demo-app/app.js:1:1)
2025-04-14 09:47:05:     at Module._compile (node:internal/modules/cjs/loader:1364:14)
2025-04-14 09:47:05: TypeError: detectResourcesSync is not a function
2025-04-14 09:47:05:     at Object.<anonymous> (/repo/nodejs/demo-app/tracing.js:11:26)
2025-04-14 09:47:05:     at Module._compile (node:internal/modules/cjs/loader:1364:14)
2025-04-14 09:47:05:     at Module._extensions..js (node:internal/modules/cjs/loader:1422:10)
2025-04-14 09:47:05:     at Module.load (node:internal/modules/cjs/loader:1203:32)
2025-04-14 09:47:05:     at Module._load (node:internal/modules/cjs/loader:1019:12)
2025-04-14 09:47:05:     at Module.require (node:internal/modules/cjs/loader:1231:19)
2025-04-14 09:47:05:     at Hook._require.Module.require (/nix/store/shfv23xyd45wxv8w4ax04abmvmf1m78w-pm2-5.4.2/lib/node_modules/pm2/node_modules/require-in-the-middle/index.js:101:39)
2025-04-14 09:47:05:     at require (node:internal/modules/helpers:177:18)
2025-04-14 09:47:05:     at Object.<anonymous> (/repo/nodejs/demo-app/app.js:1:1)
2025-04-14 09:47:05:     at Module._compile (node:internal/modules/cjs/loader:1364:14)
2025-04-14 09:47:05: TypeError: detectResourcesSync is not a function
2025-04-14 09:47:05:     at Object.<anonymous> (/repo/nodejs/demo-app/tracing.js:11:26)
2025-04-14 09:47:05:     at Module._compile (node:internal/modules/cjs/loader:1364:14)
2025-04-14 09:47:05:     at Module._extensions..js (node:internal/modules/cjs/loader:1422:10)
2025-04-14 09:47:05:     at Module.load (node:internal/modules/cjs/loader:1203:32)
2025-04-14 09:47:05:     at Module._load (node:internal/modules/cjs/loader:1019:12)
2025-04-14 09:47:05:     at Module.require (node:internal/modules/cjs/loader:1231:19)
2025-04-14 09:47:05:     at Hook._require.Module.require (/nix/store/shfv23xyd45wxv8w4ax04abmvmf1m78w-pm2-5.4.2/lib/node_modules/pm2/node_modules/require-in-the-middle/index.js:101:39)
2025-04-14 09:47:05:     at require (node:internal/modules/helpers:177:18)
2025-04-14 09:47:05:     at Object.<anonymous> (/repo/nodejs/demo-app/app.js:1:1)
2025-04-14 09:47:05:     at Module._compile (node:internal/modules/cjs/loader:1364:14)
2025-04-14 09:47:05: TypeError: detectResourcesSync is not a function
2025-04-14 09:47:05:     at Object.<anonymous> (/repo/nodejs/demo-app/tracing.js:11:26)
2025-04-14 09:47:05:     at Module._compile (node:internal/modules/cjs/loader:1364:14)
2025-04-14 09:47:05:     at Module._extensions..js (node:internal/modules/cjs/loader:1422:10)
2025-04-14 09:47:05:     at Module.load (node:internal/modules/cjs/loader:1203:32)
2025-04-14 09:47:05:     at Module._load (node:internal/modules/cjs/loader:1019:12)
2025-04-14 09:47:05:     at Module.require (node:internal/modules/cjs/loader:1231:19)
2025-04-14 09:47:05:     at Hook._require.Module.require (/nix/store/shfv23xyd45wxv8w4ax04abmvmf1m78w-pm2-5.4.2/lib/node_modules/pm2/node_modules/require-in-the-middle/index.js:101:39)
2025-04-14 09:47:05:     at require (node:internal/modules/helpers:177:18)
2025-04-14 09:47:05:     at Object.<anonymous> (/repo/nodejs/demo-app/app.js:1:1)
2025-04-14 09:47:05:     at Module._compile (node:internal/modules/cjs/loader:1364:14)
2025-04-14 09:47:05: TypeError: detectResourcesSync is not a function
2025-04-14 09:47:05:     at Object.<anonymous> (/repo/nodejs/demo-app/tracing.js:11:26)
2025-04-14 09:47:05:     at Module._compile (node:internal/modules/cjs/loader:1364:14)
2025-04-14 09:47:05:     at Module._extensions..js (node:internal/modules/cjs/loader:1422:10)
2025-04-14 09:47:05:     at Module.load (node:internal/modules/cjs/loader:1203:32)
2025-04-14 09:47:05:     at Module._load (node:internal/modules/cjs/loader:1019:12)
2025-04-14 09:47:05:     at Module.require (node:internal/modules/cjs/loader:1231:19)
2025-04-14 09:47:05:     at Hook._require.Module.require (/nix/store/shfv23xyd45wxv8w4ax04abmvmf1m78w-pm2-5.4.2/lib/node_modules/pm2/node_modules/require-in-the-middle/index.js:101:39)
2025-04-14 09:47:05:     at require (node:internal/modules/helpers:177:18)
2025-04-14 09:47:05:     at Object.<anonymous> (/repo/nodejs/demo-app/app.js:1:1)
2025-04-14 09:47:05:     at Module._compile (node:internal/modules/cjs/loader:1364:14)
2025-04-14 09:47:05: TypeError: detectResourcesSync is not a function
2025-04-14 09:47:05:     at Object.<anonymous> (/repo/nodejs/demo-app/tracing.js:11:26)
2025-04-14 09:47:05:     at Module._compile (node:internal/modules/cjs/loader:1364:14)
2025-04-14 09:47:05:     at Module._extensions..js (node:internal/modules/cjs/loader:1422:10)
2025-04-14 09:47:05:     at Module.load (node:internal/modules/cjs/loader:1203:32)
2025-04-14 09:47:05:     at Module._load (node:internal/modules/cjs/loader:1019:12)
2025-04-14 09:47:05:     at Module.require (node:internal/modules/cjs/loader:1231:19)
2025-04-14 09:47:05:     at Hook._require.Module.require (/nix/store/shfv23xyd45wxv8w4ax04abmvmf1m78w-pm2-5.4.2/lib/node_modules/pm2/node_modules/require-in-the-middle/index.js:101:39)
2025-04-14 09:47:05:     at require (node:internal/modules/helpers:177:18)
2025-04-14 09:47:05:     at Object.<anonymous> (/repo/nodejs/demo-app/app.js:1:1)
2025-04-14 09:47:05:     at Module._compile (node:internal/modules/cjs/loader:1364:14)
2025-04-14 09:47:06: TypeError: detectResourcesSync is not a function
2025-04-14 09:47:06:     at Object.<anonymous> (/repo/nodejs/demo-app/tracing.js:11:26)
2025-04-14 09:47:06:     at Module._compile (node:internal/modules/cjs/loader:1364:14)
2025-04-14 09:47:06:     at Module._extensions..js (node:internal/modules/cjs/loader:1422:10)
2025-04-14 09:47:06:     at Module.load (node:internal/modules/cjs/loader:1203:32)
2025-04-14 09:47:06:     at Module._load (node:internal/modules/cjs/loader:1019:12)
2025-04-14 09:47:06:     at Module.require (node:internal/modules/cjs/loader:1231:19)
2025-04-14 09:47:06:     at Hook._require.Module.require (/nix/store/shfv23xyd45wxv8w4ax04abmvmf1m78w-pm2-5.4.2/lib/node_modules/pm2/node_modules/require-in-the-middle/index.js:101:39)
2025-04-14 09:47:06:     at require (node:internal/modules/helpers:177:18)
2025-04-14 09:47:06:     at Object.<anonymous> (/repo/nodejs/demo-app/app.js:1:1)
2025-04-14 09:47:06:     at Module._compile (node:internal/modules/cjs/loader:1364:14)
2025-04-14 09:47:06: TypeError: detectResourcesSync is not a function
2025-04-14 09:47:06:     at Object.<anonymous> (/repo/nodejs/demo-app/tracing.js:11:26)
2025-04-14 09:47:06:     at Module._compile (node:internal/modules/cjs/loader:1364:14)
2025-04-14 09:47:06:     at Module._extensions..js (node:internal/modules/cjs/loader:1422:10)
2025-04-14 09:47:06:     at Module.load (node:internal/modules/cjs/loader:1203:32)
2025-04-14 09:47:06:     at Module._load (node:internal/modules/cjs/loader:1019:12)
2025-04-14 09:47:06:     at Module.require (node:internal/modules/cjs/loader:1231:19)
2025-04-14 09:47:06:     at Hook._require.Module.require (/nix/store/shfv23xyd45wxv8w4ax04abmvmf1m78w-pm2-5.4.2/lib/node_modules/pm2/node_modules/require-in-the-middle/index.js:101:39)
2025-04-14 09:47:06:     at require (node:internal/modules/helpers:177:18)
2025-04-14 09:47:06:     at Object.<anonymous> (/repo/nodejs/demo-app/app.js:1:1)
2025-04-14 09:47:06:     at Module._compile (node:internal/modules/cjs/loader:1364:14)
2025-04-14 09:47:06: TypeError: detectResourcesSync is not a function
2025-04-14 09:47:06:     at Object.<anonymous> (/repo/nodejs/demo-app/tracing.js:11:26)
2025-04-14 09:47:06:     at Module._compile (node:internal/modules/cjs/loader:1364:14)
2025-04-14 09:47:06:     at Module._extensions..js (node:internal/modules/cjs/loader:1422:10)
2025-04-14 09:47:06:     at Module.load (node:internal/modules/cjs/loader:1203:32)
2025-04-14 09:47:06:     at Module._load (node:internal/modules/cjs/loader:1019:12)
2025-04-14 09:47:06:     at Module.require (node:internal/modules/cjs/loader:1231:19)
2025-04-14 09:47:06:     at Hook._require.Module.require (/nix/store/shfv23xyd45wxv8w4ax04abmvmf1m78w-pm2-5.4.2/lib/node_modules/pm2/node_modules/require-in-the-middle/index.js:101:39)
2025-04-14 09:47:06:     at require (node:internal/modules/helpers:177:18)
2025-04-14 09:47:06:     at Object.<anonymous> (/repo/nodejs/demo-app/app.js:1:1)
2025-04-14 09:47:06:     at Module._compile (node:internal/modules/cjs/loader:1364:14)
2025-04-14 09:47:06: TypeError: detectResourcesSync is not a function
2025-04-14 09:47:06:     at Object.<anonymous> (/repo/nodejs/demo-app/tracing.js:11:26)
2025-04-14 09:47:06:     at Module._compile (node:internal/modules/cjs/loader:1364:14)
2025-04-14 09:47:06:     at Module._extensions..js (node:internal/modules/cjs/loader:1422:10)
2025-04-14 09:47:06:     at Module.load (node:internal/modules/cjs/loader:1203:32)
2025-04-14 09:47:06:     at Module._load (node:internal/modules/cjs/loader:1019:12)
2025-04-14 09:47:06:     at Module.require (node:internal/modules/cjs/loader:1231:19)
2025-04-14 09:47:06:     at Hook._require.Module.require (/nix/store/shfv23xyd45wxv8w4ax04abmvmf1m78w-pm2-5.4.2/lib/node_modules/pm2/node_modules/require-in-the-middle/index.js:101:39)
2025-04-14 09:47:06:     at require (node:internal/modules/helpers:177:18)
2025-04-14 09:47:06:     at Object.<anonymous> (/repo/nodejs/demo-app/app.js:1:1)
2025-04-14 09:47:06:     at Module._compile (node:internal/modules/cjs/loader:1364:14)
2025-04-14 09:47:06: TypeError: detectResourcesSync is not a function
2025-04-14 09:47:06:     at Object.<anonymous> (/repo/nodejs/demo-app/tracing.js:11:26)
2025-04-14 09:47:06:     at Module._compile (node:internal/modules/cjs/loader:1364:14)
2025-04-14 09:47:06:     at Module._extensions..js (node:internal/modules/cjs/loader:1422:10)
2025-04-14 09:47:06:     at Module.load (node:internal/modules/cjs/loader:1203:32)
2025-04-14 09:47:06:     at Module._load (node:internal/modules/cjs/loader:1019:12)
2025-04-14 09:47:06:     at Module.require (node:internal/modules/cjs/loader:1231:19)
2025-04-14 09:47:06:     at Hook._require.Module.require (/nix/store/shfv23xyd45wxv8w4ax04abmvmf1m78w-pm2-5.4.2/lib/node_modules/pm2/node_modules/require-in-the-middle/index.js:101:39)
2025-04-14 09:47:06:     at require (node:internal/modules/helpers:177:18)
2025-04-14 09:47:06:     at Object.<anonymous> (/repo/nodejs/demo-app/app.js:1:1)
2025-04-14 09:47:06:     at Module._compile (node:internal/modules/cjs/loader:1364:14)
2025-04-14 09:47:06: TypeError: detectResourcesSync is not a function
2025-04-14 09:47:06:     at Object.<anonymous> (/repo/nodejs/demo-app/tracing.js:11:26)
2025-04-14 09:47:06:     at Module._compile (node:internal/modules/cjs/loader:1364:14)
2025-04-14 09:47:06:     at Module._extensions..js (node:internal/modules/cjs/loader:1422:10)
2025-04-14 09:47:06:     at Module.load (node:internal/modules/cjs/loader:1203:32)
2025-04-14 09:47:06:     at Module._load (node:internal/modules/cjs/loader:1019:12)
2025-04-14 09:47:06:     at Module.require (node:internal/modules/cjs/loader:1231:19)
2025-04-14 09:47:06:     at Hook._require.Module.require (/nix/store/shfv23xyd45wxv8w4ax04abmvmf1m78w-pm2-5.4.2/lib/node_modules/pm2/node_modules/require-in-the-middle/index.js:101:39)
2025-04-14 09:47:06:     at require (node:internal/modules/helpers:177:18)
2025-04-14 09:47:06:     at Object.<anonymous> (/repo/nodejs/demo-app/app.js:1:1)
2025-04-14 09:47:06:     at Module._compile (node:internal/modules/cjs/loader:1364:14)
2025-04-14 09:47:06: TypeError: detectResourcesSync is not a function
2025-04-14 09:47:06:     at Object.<anonymous> (/repo/nodejs/demo-app/tracing.js:11:26)
2025-04-14 09:47:06:     at Module._compile (node:internal/modules/cjs/loader:1364:14)
2025-04-14 09:47:06:     at Module._extensions..js (node:internal/modules/cjs/loader:1422:10)
2025-04-14 09:47:06:     at Module.load (node:internal/modules/cjs/loader:1203:32)
2025-04-14 09:47:06:     at Module._load (node:internal/modules/cjs/loader:1019:12)
2025-04-14 09:47:06:     at Module.require (node:internal/modules/cjs/loader:1231:19)
2025-04-14 09:47:06:     at Hook._require.Module.require (/nix/store/shfv23xyd45wxv8w4ax04abmvmf1m78w-pm2-5.4.2/lib/node_modules/pm2/node_modules/require-in-the-middle/index.js:101:39)
2025-04-14 09:47:06:     at require (node:internal/modules/helpers:177:18)
2025-04-14 09:47:06:     at Object.<anonymous> (/repo/nodejs/demo-app/app.js:1:1)
2025-04-14 09:47:06:     at Module._compile (node:internal/modules/cjs/loader:1364:14)
2025-04-14 09:47:06: TypeError: detectResourcesSync is not a function
2025-04-14 09:47:06:     at Object.<anonymous> (/repo/nodejs/demo-app/tracing.js:11:26)
2025-04-14 09:47:06:     at Module._compile (node:internal/modules/cjs/loader:1364:14)
2025-04-14 09:47:06:     at Module._extensions..js (node:internal/modules/cjs/loader:1422:10)
2025-04-14 09:47:06:     at Module.load (node:internal/modules/cjs/loader:1203:32)
2025-04-14 09:47:06:     at Module._load (node:internal/modules/cjs/loader:1019:12)
2025-04-14 09:47:06:     at Module.require (node:internal/modules/cjs/loader:1231:19)
2025-04-14 09:47:06:     at Hook._require.Module.require (/nix/store/shfv23xyd45wxv8w4ax04abmvmf1m78w-pm2-5.4.2/lib/node_modules/pm2/node_modules/require-in-the-middle/index.js:101:39)
2025-04-14 09:47:06:     at require (node:internal/modules/helpers:177:18)
2025-04-14 09:47:06:     at Object.<anonymous> (/repo/nodejs/demo-app/app.js:1:1)
2025-04-14 09:47:06:     at Module._compile (node:internal/modules/cjs/loader:1364:14)
2025-04-14 09:47:07: TypeError: detectResourcesSync is not a function
2025-04-14 09:47:07:     at Object.<anonymous> (/repo/nodejs/demo-app/tracing.js:11:26)
2025-04-14 09:47:07:     at Module._compile (node:internal/modules/cjs/loader:1364:14)
2025-04-14 09:47:07:     at Module._extensions..js (node:internal/modules/cjs/loader:1422:10)
2025-04-14 09:47:07:     at Module.load (node:internal/modules/cjs/loader:1203:32)
2025-04-14 09:47:07:     at Module._load (node:internal/modules/cjs/loader:1019:12)
2025-04-14 09:47:07:     at Module.require (node:internal/modules/cjs/loader:1231:19)
2025-04-14 09:47:07:     at Hook._require.Module.require (/nix/store/shfv23xyd45wxv8w4ax04abmvmf1m78w-pm2-5.4.2/lib/node_modules/pm2/node_modules/require-in-the-middle/index.js:101:39)
2025-04-14 09:47:07:     at require (node:internal/modules/helpers:177:18)
2025-04-14 09:47:07:     at Object.<anonymous> (/repo/nodejs/demo-app/app.js:1:1)
2025-04-14 09:47:07:     at Module._compile (node:internal/modules/cjs/loader:1364:14)
2025-04-14 09:47:07: TypeError: detectResourcesSync is not a function
2025-04-14 09:47:07:     at Object.<anonymous> (/repo/nodejs/demo-app/tracing.js:11:26)
2025-04-14 09:47:07:     at Module._compile (node:internal/modules/cjs/loader:1364:14)
2025-04-14 09:47:07:     at Module._extensions..js (node:internal/modules/cjs/loader:1422:10)
2025-04-14 09:47:07:     at Module.load (node:internal/modules/cjs/loader:1203:32)
2025-04-14 09:47:07:     at Module._load (node:internal/modules/cjs/loader:1019:12)
2025-04-14 09:47:07:     at Module.require (node:internal/modules/cjs/loader:1231:19)
2025-04-14 09:47:07:     at Hook._require.Module.require (/nix/store/shfv23xyd45wxv8w4ax04abmvmf1m78w-pm2-5.4.2/lib/node_modules/pm2/node_modules/require-in-the-middle/index.js:101:39)
2025-04-14 09:47:07:     at require (node:internal/modules/helpers:177:18)
2025-04-14 09:47:07:     at Object.<anonymous> (/repo/nodejs/demo-app/app.js:1:1)
2025-04-14 09:47:07:     at Module._compile (node:internal/modules/cjs/loader:1364:14)
2025-04-14 09:47:07: TypeError: detectResourcesSync is not a function
2025-04-14 09:47:07:     at Object.<anonymous> (/repo/nodejs/demo-app/tracing.js:11:26)
2025-04-14 09:47:07:     at Module._compile (node:internal/modules/cjs/loader:1364:14)
2025-04-14 09:47:07:     at Module._extensions..js (node:internal/modules/cjs/loader:1422:10)
2025-04-14 09:47:07:     at Module.load (node:internal/modules/cjs/loader:1203:32)
2025-04-14 09:47:07:     at Module._load (node:internal/modules/cjs/loader:1019:12)
2025-04-14 09:47:07:     at Module.require (node:internal/modules/cjs/loader:1231:19)
2025-04-14 09:47:07:     at Hook._require.Module.require (/nix/store/shfv23xyd45wxv8w4ax04abmvmf1m78w-pm2-5.4.2/lib/node_modules/pm2/node_modules/require-in-the-middle/index.js:101:39)
2025-04-14 09:47:07:     at require (node:internal/modules/helpers:177:18)
2025-04-14 09:47:07:     at Object.<anonymous> (/repo/nodejs/demo-app/app.js:1:1)
2025-04-14 09:47:07:     at Module._compile (node:internal/modules/cjs/loader:1364:14)
2025-04-14 09:47:07: TypeError: detectResourcesSync is not a function
2025-04-14 09:47:07:     at Object.<anonymous> (/repo/nodejs/demo-app/tracing.js:11:26)
2025-04-14 09:47:07:     at Module._compile (node:internal/modules/cjs/loader:1364:14)
2025-04-14 09:47:07:     at Module._extensions..js (node:internal/modules/cjs/loader:1422:10)
2025-04-14 09:47:07:     at Module.load (node:internal/modules/cjs/loader:1203:32)
2025-04-14 09:47:07:     at Module._load (node:internal/modules/cjs/loader:1019:12)
2025-04-14 09:47:07:     at Module.require (node:internal/modules/cjs/loader:1231:19)
2025-04-14 09:47:07:     at Hook._require.Module.require (/nix/store/shfv23xyd45wxv8w4ax04abmvmf1m78w-pm2-5.4.2/lib/node_modules/pm2/node_modules/require-in-the-middle/index.js:101:39)
2025-04-14 09:47:07:     at require (node:internal/modules/helpers:177:18)
2025-04-14 09:47:07:     at Object.<anonymous> (/repo/nodejs/demo-app/app.js:1:1)
2025-04-14 09:47:07:     at Module._compile (node:internal/modules/cjs/loader:1364:14)
2025-04-14 09:47:07: TypeError: detectResourcesSync is not a function
2025-04-14 09:47:07:     at Object.<anonymous> (/repo/nodejs/demo-app/tracing.js:11:26)
2025-04-14 09:47:07:     at Module._compile (node:internal/modules/cjs/loader:1364:14)
2025-04-14 09:47:07:     at Module._extensions..js (node:internal/modules/cjs/loader:1422:10)
2025-04-14 09:47:07:     at Module.load (node:internal/modules/cjs/loader:1203:32)
2025-04-14 09:47:07:     at Module._load (node:internal/modules/cjs/loader:1019:12)
2025-04-14 09:47:07:     at Module.require (node:internal/modules/cjs/loader:1231:19)
2025-04-14 09:47:07:     at Hook._require.Module.require (/nix/store/shfv23xyd45wxv8w4ax04abmvmf1m78w-pm2-5.4.2/lib/node_modules/pm2/node_modules/require-in-the-middle/index.js:101:39)
2025-04-14 09:47:07:     at require (node:internal/modules/helpers:177:18)
2025-04-14 09:47:07:     at Object.<anonymous> (/repo/nodejs/demo-app/app.js:1:1)
2025-04-14 09:47:07:     at Module._compile (node:internal/modules/cjs/loader:1364:14)
2025-04-14 09:47:07: TypeError: detectResourcesSync is not a function
2025-04-14 09:47:07:     at Object.<anonymous> (/repo/nodejs/demo-app/tracing.js:11:26)
2025-04-14 09:47:07:     at Module._compile (node:internal/modules/cjs/loader:1364:14)
2025-04-14 09:47:07:     at Module._extensions..js (node:internal/modules/cjs/loader:1422:10)
2025-04-14 09:47:07:     at Module.load (node:internal/modules/cjs/loader:1203:32)
2025-04-14 09:47:07:     at Module._load (node:internal/modules/cjs/loader:1019:12)
2025-04-14 09:47:07:     at Module.require (node:internal/modules/cjs/loader:1231:19)
2025-04-14 09:47:07:     at Hook._require.Module.require (/nix/store/shfv23xyd45wxv8w4ax04abmvmf1m78w-pm2-5.4.2/lib/node_modules/pm2/node_modules/require-in-the-middle/index.js:101:39)
2025-04-14 09:47:07:     at require (node:internal/modules/helpers:177:18)
2025-04-14 09:47:07:     at Object.<anonymous> (/repo/nodejs/demo-app/app.js:1:1)
2025-04-14 09:47:07:     at Module._compile (node:internal/modules/cjs/loader:1364:14)
2025-04-14 09:47:07: TypeError: detectResourcesSync is not a function
2025-04-14 09:47:07:     at Object.<anonymous> (/repo/nodejs/demo-app/tracing.js:11:26)
2025-04-14 09:47:07:     at Module._compile (node:internal/modules/cjs/loader:1364:14)
2025-04-14 09:47:07:     at Module._extensions..js (node:internal/modules/cjs/loader:1422:10)
2025-04-14 09:47:07:     at Module.load (node:internal/modules/cjs/loader:1203:32)
2025-04-14 09:47:07:     at Module._load (node:internal/modules/cjs/loader:1019:12)
2025-04-14 09:47:07:     at Module.require (node:internal/modules/cjs/loader:1231:19)
2025-04-14 09:47:07:     at Hook._require.Module.require (/nix/store/shfv23xyd45wxv8w4ax04abmvmf1m78w-pm2-5.4.2/lib/node_modules/pm2/node_modules/require-in-the-middle/index.js:101:39)
2025-04-14 09:47:07:     at require (node:internal/modules/helpers:177:18)
2025-04-14 09:47:07:     at Object.<anonymous> (/repo/nodejs/demo-app/app.js:1:1)
2025-04-14 09:47:07:     at Module._compile (node:internal/modules/cjs/loader:1364:14)
2025-04-14 09:47:08: TypeError: detectResourcesSync is not a function
2025-04-14 09:47:08:     at Object.<anonymous> (/repo/nodejs/demo-app/tracing.js:11:26)
2025-04-14 09:47:08:     at Module._compile (node:internal/modules/cjs/loader:1364:14)
2025-04-14 09:47:08:     at Module._extensions..js (node:internal/modules/cjs/loader:1422:10)
2025-04-14 09:47:08:     at Module.load (node:internal/modules/cjs/loader:1203:32)
2025-04-14 09:47:08:     at Module._load (node:internal/modules/cjs/loader:1019:12)
2025-04-14 09:47:08:     at Module.require (node:internal/modules/cjs/loader:1231:19)
2025-04-14 09:47:08:     at Hook._require.Module.require (/nix/store/shfv23xyd45wxv8w4ax04abmvmf1m78w-pm2-5.4.2/lib/node_modules/pm2/node_modules/require-in-the-middle/index.js:101:39)
2025-04-14 09:47:08:     at require (node:internal/modules/helpers:177:18)
2025-04-14 09:47:08:     at Object.<anonymous> (/repo/nodejs/demo-app/app.js:1:1)
2025-04-14 09:47:08:     at Module._compile (node:internal/modules/cjs/loader:1364:14)
2025-04-14 09:47:08: TypeError: detectResourcesSync is not a function
2025-04-14 09:47:08:     at Object.<anonymous> (/repo/nodejs/demo-app/tracing.js:11:26)
2025-04-14 09:47:08:     at Module._compile (node:internal/modules/cjs/loader:1364:14)
2025-04-14 09:47:08:     at Module._extensions..js (node:internal/modules/cjs/loader:1422:10)
2025-04-14 09:47:08:     at Module.load (node:internal/modules/cjs/loader:1203:32)
2025-04-14 09:47:08:     at Module._load (node:internal/modules/cjs/loader:1019:12)
2025-04-14 09:47:08:     at Module.require (node:internal/modules/cjs/loader:1231:19)
2025-04-14 09:47:08:     at Hook._require.Module.require (/nix/store/shfv23xyd45wxv8w4ax04abmvmf1m78w-pm2-5.4.2/lib/node_modules/pm2/node_modules/require-in-the-middle/index.js:101:39)
2025-04-14 09:47:08:     at require (node:internal/modules/helpers:177:18)
2025-04-14 09:47:08:     at Object.<anonymous> (/repo/nodejs/demo-app/app.js:1:1)
2025-04-14 09:47:08:     at Module._compile (node:internal/modules/cjs/loader:1364:14)
2025-04-14 09:47:08: TypeError: detectResourcesSync is not a function
2025-04-14 09:47:08:     at Object.<anonymous> (/repo/nodejs/demo-app/tracing.js:11:26)
2025-04-14 09:47:08:     at Module._compile (node:internal/modules/cjs/loader:1364:14)
2025-04-14 09:47:08:     at Module._extensions..js (node:internal/modules/cjs/loader:1422:10)
2025-04-14 09:47:08:     at Module.load (node:internal/modules/cjs/loader:1203:32)
2025-04-14 09:47:08:     at Module._load (node:internal/modules/cjs/loader:1019:12)
2025-04-14 09:47:08:     at Module.require (node:internal/modules/cjs/loader:1231:19)
2025-04-14 09:47:08:     at Hook._require.Module.require (/nix/store/shfv23xyd45wxv8w4ax04abmvmf1m78w-pm2-5.4.2/lib/node_modules/pm2/node_modules/require-in-the-middle/index.js:101:39)
2025-04-14 09:47:08:     at require (node:internal/modules/helpers:177:18)
2025-04-14 09:47:08:     at Object.<anonymous> (/repo/nodejs/demo-app/app.js:1:1)
2025-04-14 09:47:08:     at Module._compile (node:internal/modules/cjs/loader:1364:14)
2025-04-14 09:47:08: TypeError: detectResourcesSync is not a function
2025-04-14 09:47:08:     at Object.<anonymous> (/repo/nodejs/demo-app/tracing.js:11:26)
2025-04-14 09:47:08:     at Module._compile (node:internal/modules/cjs/loader:1364:14)
2025-04-14 09:47:08:     at Module._extensions..js (node:internal/modules/cjs/loader:1422:10)
2025-04-14 09:47:08:     at Module.load (node:internal/modules/cjs/loader:1203:32)
2025-04-14 09:47:08:     at Module._load (node:internal/modules/cjs/loader:1019:12)
2025-04-14 09:47:08:     at Module.require (node:internal/modules/cjs/loader:1231:19)
2025-04-14 09:47:08:     at Hook._require.Module.require (/nix/store/shfv23xyd45wxv8w4ax04abmvmf1m78w-pm2-5.4.2/lib/node_modules/pm2/node_modules/require-in-the-middle/index.js:101:39)
2025-04-14 09:47:08:     at require (node:internal/modules/helpers:177:18)
2025-04-14 09:47:08:     at Object.<anonymous> (/repo/nodejs/demo-app/app.js:1:1)
2025-04-14 09:47:08:     at Module._compile (node:internal/modules/cjs/loader:1364:14)
2025-04-14 09:47:09: TypeError: detectResourcesSync is not a function
2025-04-14 09:47:09:     at Object.<anonymous> (/repo/nodejs/demo-app/tracing.js:11:26)
2025-04-14 09:47:09:     at Module._compile (node:internal/modules/cjs/loader:1364:14)
2025-04-14 09:47:09:     at Module._extensions..js (node:internal/modules/cjs/loader:1422:10)
2025-04-14 09:47:09:     at Module.load (node:internal/modules/cjs/loader:1203:32)
2025-04-14 09:47:09:     at Module._load (node:internal/modules/cjs/loader:1019:12)
2025-04-14 09:47:09:     at Module.require (node:internal/modules/cjs/loader:1231:19)
2025-04-14 09:47:09:     at Hook._require.Module.require (/nix/store/shfv23xyd45wxv8w4ax04abmvmf1m78w-pm2-5.4.2/lib/node_modules/pm2/node_modules/require-in-the-middle/index.js:101:39)
2025-04-14 09:47:09:     at require (node:internal/modules/helpers:177:18)
2025-04-14 09:47:09:     at Object.<anonymous> (/repo/nodejs/demo-app/app.js:1:1)
2025-04-14 09:47:09:     at Module._compile (node:internal/modules/cjs/loader:1364:14)
2025-04-14 09:47:09: TypeError: detectResourcesSync is not a function
2025-04-14 09:47:09:     at Object.<anonymous> (/repo/nodejs/demo-app/tracing.js:11:26)
2025-04-14 09:47:09:     at Module._compile (node:internal/modules/cjs/loader:1364:14)
2025-04-14 09:47:09:     at Module._extensions..js (node:internal/modules/cjs/loader:1422:10)
2025-04-14 09:47:09:     at Module.load (node:internal/modules/cjs/loader:1203:32)
2025-04-14 09:47:09:     at Module._load (node:internal/modules/cjs/loader:1019:12)
2025-04-14 09:47:09:     at Module.require (node:internal/modules/cjs/loader:1231:19)
2025-04-14 09:47:09:     at Hook._require.Module.require (/nix/store/shfv23xyd45wxv8w4ax04abmvmf1m78w-pm2-5.4.2/lib/node_modules/pm2/node_modules/require-in-the-middle/index.js:101:39)
2025-04-14 09:47:09:     at require (node:internal/modules/helpers:177:18)
2025-04-14 09:47:09:     at Object.<anonymous> (/repo/nodejs/demo-app/app.js:1:1)
2025-04-14 09:47:09:     at Module._compile (node:internal/modules/cjs/loader:1364:14)
2025-04-14 09:47:09: TypeError: detectResourcesSync is not a function
2025-04-14 09:47:09:     at Object.<anonymous> (/repo/nodejs/demo-app/tracing.js:11:26)
2025-04-14 09:47:09:     at Module._compile (node:internal/modules/cjs/loader:1364:14)
2025-04-14 09:47:09:     at Module._extensions..js (node:internal/modules/cjs/loader:1422:10)
2025-04-14 09:47:09:     at Module.load (node:internal/modules/cjs/loader:1203:32)
2025-04-14 09:47:09:     at Module._load (node:internal/modules/cjs/loader:1019:12)
2025-04-14 09:47:09:     at Module.require (node:internal/modules/cjs/loader:1231:19)
2025-04-14 09:47:09:     at Hook._require.Module.require (/nix/store/shfv23xyd45wxv8w4ax04abmvmf1m78w-pm2-5.4.2/lib/node_modules/pm2/node_modules/require-in-the-middle/index.js:101:39)
2025-04-14 09:47:09:     at require (node:internal/modules/helpers:177:18)
2025-04-14 09:47:09:     at Object.<anonymous> (/repo/nodejs/demo-app/app.js:1:1)
2025-04-14 09:47:09:     at Module._compile (node:internal/modules/cjs/loader:1364:14)
2025-04-14 09:47:09: TypeError: detectResourcesSync is not a function
2025-04-14 09:47:09:     at Object.<anonymous> (/repo/nodejs/demo-app/tracing.js:11:26)
2025-04-14 09:47:09:     at Module._compile (node:internal/modules/cjs/loader:1364:14)
2025-04-14 09:47:09:     at Module._extensions..js (node:internal/modules/cjs/loader:1422:10)
2025-04-14 09:47:09:     at Module.load (node:internal/modules/cjs/loader:1203:32)
2025-04-14 09:47:09:     at Module._load (node:internal/modules/cjs/loader:1019:12)
2025-04-14 09:47:09:     at Module.require (node:internal/modules/cjs/loader:1231:19)
2025-04-14 09:47:09:     at Hook._require.Module.require (/nix/store/shfv23xyd45wxv8w4ax04abmvmf1m78w-pm2-5.4.2/lib/node_modules/pm2/node_modules/require-in-the-middle/index.js:101:39)
2025-04-14 09:47:09:     at require (node:internal/modules/helpers:177:18)
2025-04-14 09:47:09:     at Object.<anonymous> (/repo/nodejs/demo-app/app.js:1:1)
2025-04-14 09:47:09:     at Module._compile (node:internal/modules/cjs/loader:1364:14)
2025-04-14 09:47:09: TypeError: detectResourcesSync is not a function
2025-04-14 09:47:09:     at Object.<anonymous> (/repo/nodejs/demo-app/tracing.js:11:26)
2025-04-14 09:47:09:     at Module._compile (node:internal/modules/cjs/loader:1364:14)
2025-04-14 09:47:09:     at Module._extensions..js (node:internal/modules/cjs/loader:1422:10)
2025-04-14 09:47:09:     at Module.load (node:internal/modules/cjs/loader:1203:32)
2025-04-14 09:47:09:     at Module._load (node:internal/modules/cjs/loader:1019:12)
2025-04-14 09:47:09:     at Module.require (node:internal/modules/cjs/loader:1231:19)
2025-04-14 09:47:09:     at Hook._require.Module.require (/nix/store/shfv23xyd45wxv8w4ax04abmvmf1m78w-pm2-5.4.2/lib/node_modules/pm2/node_modules/require-in-the-middle/index.js:101:39)
2025-04-14 09:47:09:     at require (node:internal/modules/helpers:177:18)
2025-04-14 09:47:09:     at Object.<anonymous> (/repo/nodejs/demo-app/app.js:1:1)
2025-04-14 09:47:09:     at Module._compile (node:internal/modules/cjs/loader:1364:14)
2025-04-14 09:47:10: TypeError: detectResourcesSync is not a function
2025-04-14 09:47:10:     at Object.<anonymous> (/repo/nodejs/demo-app/tracing.js:11:26)
2025-04-14 09:47:10:     at Module._compile (node:internal/modules/cjs/loader:1364:14)
2025-04-14 09:47:10:     at Module._extensions..js (node:internal/modules/cjs/loader:1422:10)
2025-04-14 09:47:10:     at Module.load (node:internal/modules/cjs/loader:1203:32)
2025-04-14 09:47:10:     at Module._load (node:internal/modules/cjs/loader:1019:12)
2025-04-14 09:47:10:     at Module.require (node:internal/modules/cjs/loader:1231:19)
2025-04-14 09:47:10:     at Hook._require.Module.require (/nix/store/shfv23xyd45wxv8w4ax04abmvmf1m78w-pm2-5.4.2/lib/node_modules/pm2/node_modules/require-in-the-middle/index.js:101:39)
2025-04-14 09:47:10:     at require (node:internal/modules/helpers:177:18)
2025-04-14 09:47:10:     at Object.<anonymous> (/repo/nodejs/demo-app/app.js:1:1)
2025-04-14 09:47:10:     at Module._compile (node:internal/modules/cjs/loader:1364:14)
2025-04-14 09:47:10: TypeError: detectResourcesSync is not a function
2025-04-14 09:47:10:     at Object.<anonymous> (/repo/nodejs/demo-app/tracing.js:11:26)
2025-04-14 09:47:10:     at Module._compile (node:internal/modules/cjs/loader:1364:14)
2025-04-14 09:47:10:     at Module._extensions..js (node:internal/modules/cjs/loader:1422:10)
2025-04-14 09:47:10:     at Module.load (node:internal/modules/cjs/loader:1203:32)
2025-04-14 09:47:10:     at Module._load (node:internal/modules/cjs/loader:1019:12)
2025-04-14 09:47:10:     at Module.require (node:internal/modules/cjs/loader:1231:19)
2025-04-14 09:47:10:     at Hook._require.Module.require (/nix/store/shfv23xyd45wxv8w4ax04abmvmf1m78w-pm2-5.4.2/lib/node_modules/pm2/node_modules/require-in-the-middle/index.js:101:39)
2025-04-14 09:47:10:     at require (node:internal/modules/helpers:177:18)
2025-04-14 09:47:10:     at Object.<anonymous> (/repo/nodejs/demo-app/app.js:1:1)
2025-04-14 09:47:10:     at Module._compile (node:internal/modules/cjs/loader:1364:14)
2025-04-14 09:47:10: TypeError: detectResourcesSync is not a function
2025-04-14 09:47:10:     at Object.<anonymous> (/repo/nodejs/demo-app/tracing.js:11:26)
2025-04-14 09:47:10:     at Module._compile (node:internal/modules/cjs/loader:1364:14)
2025-04-14 09:47:10:     at Module._extensions..js (node:internal/modules/cjs/loader:1422:10)
2025-04-14 09:47:10:     at Module.load (node:internal/modules/cjs/loader:1203:32)
2025-04-14 09:47:10:     at Module._load (node:internal/modules/cjs/loader:1019:12)
2025-04-14 09:47:10:     at Module.require (node:internal/modules/cjs/loader:1231:19)
2025-04-14 09:47:10:     at Hook._require.Module.require (/nix/store/shfv23xyd45wxv8w4ax04abmvmf1m78w-pm2-5.4.2/lib/node_modules/pm2/node_modules/require-in-the-middle/index.js:101:39)
2025-04-14 09:47:10:     at require (node:internal/modules/helpers:177:18)
2025-04-14 09:47:10:     at Object.<anonymous> (/repo/nodejs/demo-app/app.js:1:1)
2025-04-14 09:47:10:     at Module._compile (node:internal/modules/cjs/loader:1364:14)
2025-04-14 09:47:10: TypeError: detectResourcesSync is not a function
2025-04-14 09:47:10:     at Object.<anonymous> (/repo/nodejs/demo-app/tracing.js:11:26)
2025-04-14 09:47:10:     at Module._compile (node:internal/modules/cjs/loader:1364:14)
2025-04-14 09:47:10:     at Module._extensions..js (node:internal/modules/cjs/loader:1422:10)
2025-04-14 09:47:10:     at Module.load (node:internal/modules/cjs/loader:1203:32)
2025-04-14 09:47:10:     at Module._load (node:internal/modules/cjs/loader:1019:12)
2025-04-14 09:47:10:     at Module.require (node:internal/modules/cjs/loader:1231:19)
2025-04-14 09:47:10:     at Hook._require.Module.require (/nix/store/shfv23xyd45wxv8w4ax04abmvmf1m78w-pm2-5.4.2/lib/node_modules/pm2/node_modules/require-in-the-middle/index.js:101:39)
2025-04-14 09:47:10:     at require (node:internal/modules/helpers:177:18)
2025-04-14 09:47:10:     at Object.<anonymous> (/repo/nodejs/demo-app/app.js:1:1)
2025-04-14 09:47:10:     at Module._compile (node:internal/modules/cjs/loader:1364:14)
2025-04-14 09:47:10: TypeError: detectResourcesSync is not a function
2025-04-14 09:47:10:     at Object.<anonymous> (/repo/nodejs/demo-app/tracing.js:11:26)
2025-04-14 09:47:10:     at Module._compile (node:internal/modules/cjs/loader:1364:14)
2025-04-14 09:47:10:     at Module._extensions..js (node:internal/modules/cjs/loader:1422:10)
2025-04-14 09:47:10:     at Module.load (node:internal/modules/cjs/loader:1203:32)
2025-04-14 09:47:10:     at Module._load (node:internal/modules/cjs/loader:1019:12)
2025-04-14 09:47:10:     at Module.require (node:internal/modules/cjs/loader:1231:19)
2025-04-14 09:47:10:     at Hook._require.Module.require (/nix/store/shfv23xyd45wxv8w4ax04abmvmf1m78w-pm2-5.4.2/lib/node_modules/pm2/node_modules/require-in-the-middle/index.js:101:39)
2025-04-14 09:47:10:     at require (node:internal/modules/helpers:177:18)
2025-04-14 09:47:10:     at Object.<anonymous> (/repo/nodejs/demo-app/app.js:1:1)
2025-04-14 09:47:10:     at Module._compile (node:internal/modules/cjs/loader:1364:14)
2025-04-14 09:47:10: TypeError: detectResourcesSync is not a function
2025-04-14 09:47:10:     at Object.<anonymous> (/repo/nodejs/demo-app/tracing.js:11:26)
2025-04-14 09:47:10:     at Module._compile (node:internal/modules/cjs/loader:1364:14)
2025-04-14 09:47:10:     at Module._extensions..js (node:internal/modules/cjs/loader:1422:10)
2025-04-14 09:47:10:     at Module.load (node:internal/modules/cjs/loader:1203:32)
2025-04-14 09:47:10:     at Module._load (node:internal/modules/cjs/loader:1019:12)
2025-04-14 09:47:10:     at Module.require (node:internal/modules/cjs/loader:1231:19)
2025-04-14 09:47:10:     at Hook._require.Module.require (/nix/store/shfv23xyd45wxv8w4ax04abmvmf1m78w-pm2-5.4.2/lib/node_modules/pm2/node_modules/require-in-the-middle/index.js:101:39)
2025-04-14 09:47:10:     at require (node:internal/modules/helpers:177:18)
2025-04-14 09:47:10:     at Object.<anonymous> (/repo/nodejs/demo-app/app.js:1:1)
2025-04-14 09:47:10:     at Module._compile (node:internal/modules/cjs/loader:1364:14)
2025-04-14 09:47:11: TypeError: detectResourcesSync is not a function
2025-04-14 09:47:11:     at Object.<anonymous> (/repo/nodejs/demo-app/tracing.js:11:26)
2025-04-14 09:47:11:     at Module._compile (node:internal/modules/cjs/loader:1364:14)
2025-04-14 09:47:11:     at Module._extensions..js (node:internal/modules/cjs/loader:1422:10)
2025-04-14 09:47:11:     at Module.load (node:internal/modules/cjs/loader:1203:32)
2025-04-14 09:47:11:     at Module._load (node:internal/modules/cjs/loader:1019:12)
2025-04-14 09:47:11:     at Module.require (node:internal/modules/cjs/loader:1231:19)
2025-04-14 09:47:11:     at Hook._require.Module.require (/nix/store/shfv23xyd45wxv8w4ax04abmvmf1m78w-pm2-5.4.2/lib/node_modules/pm2/node_modules/require-in-the-middle/index.js:101:39)
2025-04-14 09:47:11:     at require (node:internal/modules/helpers:177:18)
2025-04-14 09:47:11:     at Object.<anonymous> (/repo/nodejs/demo-app/app.js:1:1)
2025-04-14 09:47:11:     at Module._compile (node:internal/modules/cjs/loader:1364:14)
2025-04-14 09:47:11: TypeError: detectResourcesSync is not a function
2025-04-14 09:47:11:     at Object.<anonymous> (/repo/nodejs/demo-app/tracing.js:11:26)
2025-04-14 09:47:11:     at Module._compile (node:internal/modules/cjs/loader:1364:14)
2025-04-14 09:47:11:     at Module._extensions..js (node:internal/modules/cjs/loader:1422:10)
2025-04-14 09:47:11:     at Module.load (node:internal/modules/cjs/loader:1203:32)
2025-04-14 09:47:11:     at Module._load (node:internal/modules/cjs/loader:1019:12)
2025-04-14 09:47:11:     at Module.require (node:internal/modules/cjs/loader:1231:19)
2025-04-14 09:47:11:     at Hook._require.Module.require (/nix/store/shfv23xyd45wxv8w4ax04abmvmf1m78w-pm2-5.4.2/lib/node_modules/pm2/node_modules/require-in-the-middle/index.js:101:39)
2025-04-14 09:47:11:     at require (node:internal/modules/helpers:177:18)
2025-04-14 09:47:11:     at Object.<anonymous> (/repo/nodejs/demo-app/app.js:1:1)
2025-04-14 09:47:11:     at Module._compile (node:internal/modules/cjs/loader:1364:14)
2025-04-14 09:47:11: TypeError: detectResourcesSync is not a function
2025-04-14 09:47:11:     at Object.<anonymous> (/repo/nodejs/demo-app/tracing.js:11:26)
2025-04-14 09:47:11:     at Module._compile (node:internal/modules/cjs/loader:1364:14)
2025-04-14 09:47:11:     at Module._extensions..js (node:internal/modules/cjs/loader:1422:10)
2025-04-14 09:47:11:     at Module.load (node:internal/modules/cjs/loader:1203:32)
2025-04-14 09:47:11:     at Module._load (node:internal/modules/cjs/loader:1019:12)
2025-04-14 09:47:11:     at Module.require (node:internal/modules/cjs/loader:1231:19)
2025-04-14 09:47:11:     at Hook._require.Module.require (/nix/store/shfv23xyd45wxv8w4ax04abmvmf1m78w-pm2-5.4.2/lib/node_modules/pm2/node_modules/require-in-the-middle/index.js:101:39)
2025-04-14 09:47:11:     at require (node:internal/modules/helpers:177:18)
2025-04-14 09:47:11:     at Object.<anonymous> (/repo/nodejs/demo-app/app.js:1:1)
2025-04-14 09:47:11:     at Module._compile (node:internal/modules/cjs/loader:1364:14)
2025-04-14 09:47:11: TypeError: detectResourcesSync is not a function
2025-04-14 09:47:11:     at Object.<anonymous> (/repo/nodejs/demo-app/tracing.js:11:26)
2025-04-14 09:47:11:     at Module._compile (node:internal/modules/cjs/loader:1364:14)
2025-04-14 09:47:11:     at Module._extensions..js (node:internal/modules/cjs/loader:1422:10)
2025-04-14 09:47:11:     at Module.load (node:internal/modules/cjs/loader:1203:32)
2025-04-14 09:47:11:     at Module._load (node:internal/modules/cjs/loader:1019:12)
2025-04-14 09:47:11:     at Module.require (node:internal/modules/cjs/loader:1231:19)
2025-04-14 09:47:11:     at Hook._require.Module.require (/nix/store/shfv23xyd45wxv8w4ax04abmvmf1m78w-pm2-5.4.2/lib/node_modules/pm2/node_modules/require-in-the-middle/index.js:101:39)
2025-04-14 09:47:11:     at require (node:internal/modules/helpers:177:18)
2025-04-14 09:47:11:     at Object.<anonymous> (/repo/nodejs/demo-app/app.js:1:1)
2025-04-14 09:47:11:     at Module._compile (node:internal/modules/cjs/loader:1364:14)
2025-04-14 09:47:11: TypeError: detectResourcesSync is not a function
2025-04-14 09:47:11:     at Object.<anonymous> (/repo/nodejs/demo-app/tracing.js:11:26)
2025-04-14 09:47:11:     at Module._compile (node:internal/modules/cjs/loader:1364:14)
2025-04-14 09:47:11:     at Module._extensions..js (node:internal/modules/cjs/loader:1422:10)
2025-04-14 09:47:11:     at Module.load (node:internal/modules/cjs/loader:1203:32)
2025-04-14 09:47:11:     at Module._load (node:internal/modules/cjs/loader:1019:12)
2025-04-14 09:47:11:     at Module.require (node:internal/modules/cjs/loader:1231:19)
2025-04-14 09:47:11:     at Hook._require.Module.require (/nix/store/shfv23xyd45wxv8w4ax04abmvmf1m78w-pm2-5.4.2/lib/node_modules/pm2/node_modules/require-in-the-middle/index.js:101:39)
2025-04-14 09:47:11:     at require (node:internal/modules/helpers:177:18)
2025-04-14 09:47:11:     at Object.<anonymous> (/repo/nodejs/demo-app/app.js:1:1)
2025-04-14 09:47:11:     at Module._compile (node:internal/modules/cjs/loader:1364:14)
2025-04-14 09:47:11: TypeError: detectResourcesSync is not a function
2025-04-14 09:47:11:     at Object.<anonymous> (/repo/nodejs/demo-app/tracing.js:11:26)
2025-04-14 09:47:11:     at Module._compile (node:internal/modules/cjs/loader:1364:14)
2025-04-14 09:47:11:     at Module._extensions..js (node:internal/modules/cjs/loader:1422:10)
2025-04-14 09:47:11:     at Module.load (node:internal/modules/cjs/loader:1203:32)
2025-04-14 09:47:11:     at Module._load (node:internal/modules/cjs/loader:1019:12)
2025-04-14 09:47:11:     at Module.require (node:internal/modules/cjs/loader:1231:19)
2025-04-14 09:47:11:     at Hook._require.Module.require (/nix/store/shfv23xyd45wxv8w4ax04abmvmf1m78w-pm2-5.4.2/lib/node_modules/pm2/node_modules/require-in-the-middle/index.js:101:39)
2025-04-14 09:47:11:     at require (node:internal/modules/helpers:177:18)
2025-04-14 09:47:11:     at Object.<anonymous> (/repo/nodejs/demo-app/app.js:1:1)
2025-04-14 09:47:11:     at Module._compile (node:internal/modules/cjs/loader:1364:14)
2025-04-14 09:47:12: TypeError: detectResourcesSync is not a function
2025-04-14 09:47:12:     at Object.<anonymous> (/repo/nodejs/demo-app/tracing.js:11:26)
2025-04-14 09:47:12:     at Module._compile (node:internal/modules/cjs/loader:1364:14)
2025-04-14 09:47:12:     at Module._extensions..js (node:internal/modules/cjs/loader:1422:10)
2025-04-14 09:47:12:     at Module.load (node:internal/modules/cjs/loader:1203:32)
2025-04-14 09:47:12:     at Module._load (node:internal/modules/cjs/loader:1019:12)
2025-04-14 09:47:12:     at Module.require (node:internal/modules/cjs/loader:1231:19)
2025-04-14 09:47:12:     at Hook._require.Module.require (/nix/store/shfv23xyd45wxv8w4ax04abmvmf1m78w-pm2-5.4.2/lib/node_modules/pm2/node_modules/require-in-the-middle/index.js:101:39)
2025-04-14 09:47:12:     at require (node:internal/modules/helpers:177:18)
2025-04-14 09:47:12:     at Object.<anonymous> (/repo/nodejs/demo-app/app.js:1:1)
2025-04-14 09:47:12:     at Module._compile (node:internal/modules/cjs/loader:1364:14)
2025-04-14 09:47:12: TypeError: detectResourcesSync is not a function
2025-04-14 09:47:12:     at Object.<anonymous> (/repo/nodejs/demo-app/tracing.js:11:26)
2025-04-14 09:47:12:     at Module._compile (node:internal/modules/cjs/loader:1364:14)
2025-04-14 09:47:12:     at Module._extensions..js (node:internal/modules/cjs/loader:1422:10)
2025-04-14 09:47:12:     at Module.load (node:internal/modules/cjs/loader:1203:32)
2025-04-14 09:47:12:     at Module._load (node:internal/modules/cjs/loader:1019:12)
2025-04-14 09:47:12:     at Module.require (node:internal/modules/cjs/loader:1231:19)
2025-04-14 09:47:12:     at Hook._require.Module.require (/nix/store/shfv23xyd45wxv8w4ax04abmvmf1m78w-pm2-5.4.2/lib/node_modules/pm2/node_modules/require-in-the-middle/index.js:101:39)
2025-04-14 09:47:12:     at require (node:internal/modules/helpers:177:18)
2025-04-14 09:47:12:     at Object.<anonymous> (/repo/nodejs/demo-app/app.js:1:1)
2025-04-14 09:47:12:     at Module._compile (node:internal/modules/cjs/loader:1364:14)
2025-04-14 09:47:12: TypeError: detectResourcesSync is not a function
2025-04-14 09:47:12:     at Object.<anonymous> (/repo/nodejs/demo-app/tracing.js:11:26)
2025-04-14 09:47:12:     at Module._compile (node:internal/modules/cjs/loader:1364:14)
2025-04-14 09:47:12:     at Module._extensions..js (node:internal/modules/cjs/loader:1422:10)
2025-04-14 09:47:12:     at Module.load (node:internal/modules/cjs/loader:1203:32)
2025-04-14 09:47:12:     at Module._load (node:internal/modules/cjs/loader:1019:12)
2025-04-14 09:47:12:     at Module.require (node:internal/modules/cjs/loader:1231:19)
2025-04-14 09:47:12:     at Hook._require.Module.require (/nix/store/shfv23xyd45wxv8w4ax04abmvmf1m78w-pm2-5.4.2/lib/node_modules/pm2/node_modules/require-in-the-middle/index.js:101:39)
2025-04-14 09:47:12:     at require (node:internal/modules/helpers:177:18)
2025-04-14 09:47:12:     at Object.<anonymous> (/repo/nodejs/demo-app/app.js:1:1)
2025-04-14 09:47:12:     at Module._compile (node:internal/modules/cjs/loader:1364:14)
2025-04-14 09:47:16: TypeError: detectResourcesSync is not a function
2025-04-14 09:47:16:     at Object.<anonymous> (/repo/nodejs/demo-app/tracing.js:11:26)
2025-04-14 09:47:16:     at Module._compile (node:internal/modules/cjs/loader:1364:14)
2025-04-14 09:47:16:     at Module._extensions..js (node:internal/modules/cjs/loader:1422:10)
2025-04-14 09:47:16:     at Module.load (node:internal/modules/cjs/loader:1203:32)
2025-04-14 09:47:16:     at Module._load (node:internal/modules/cjs/loader:1019:12)
2025-04-14 09:47:16:     at Module.require (node:internal/modules/cjs/loader:1231:19)
2025-04-14 09:47:16:     at Hook._require.Module.require (/nix/store/shfv23xyd45wxv8w4ax04abmvmf1m78w-pm2-5.4.2/lib/node_modules/pm2/node_modules/require-in-the-middle/index.js:101:39)
2025-04-14 09:47:16:     at require (node:internal/modules/helpers:177:18)
2025-04-14 09:47:16:     at Object.<anonymous> (/repo/nodejs/demo-app/app.js:1:1)
2025-04-14 09:47:16:     at Module._compile (node:internal/modules/cjs/loader:1364:14)
2025-04-14 09:47:16: TypeError: detectResourcesSync is not a function
2025-04-14 09:47:16:     at Object.<anonymous> (/repo/nodejs/demo-app/tracing.js:11:26)
2025-04-14 09:47:16:     at Module._compile (node:internal/modules/cjs/loader:1364:14)
2025-04-14 09:47:16:     at Module._extensions..js (node:internal/modules/cjs/loader:1422:10)
2025-04-14 09:47:16:     at Module.load (node:internal/modules/cjs/loader:1203:32)
2025-04-14 09:47:16:     at Module._load (node:internal/modules/cjs/loader:1019:12)
2025-04-14 09:47:16:     at Module.require (node:internal/modules/cjs/loader:1231:19)
2025-04-14 09:47:16:     at Hook._require.Module.require (/nix/store/shfv23xyd45wxv8w4ax04abmvmf1m78w-pm2-5.4.2/lib/node_modules/pm2/node_modules/require-in-the-middle/index.js:101:39)
2025-04-14 09:47:16:     at require (node:internal/modules/helpers:177:18)
2025-04-14 09:47:16:     at Object.<anonymous> (/repo/nodejs/demo-app/app.js:1:1)
2025-04-14 09:47:16:     at Module._compile (node:internal/modules/cjs/loader:1364:14)
2025-04-14 09:47:16: TypeError: detectResourcesSync is not a function
2025-04-14 09:47:16:     at Object.<anonymous> (/repo/nodejs/demo-app/tracing.js:11:26)
2025-04-14 09:47:16:     at Module._compile (node:internal/modules/cjs/loader:1364:14)
2025-04-14 09:47:16:     at Module._extensions..js (node:internal/modules/cjs/loader:1422:10)
2025-04-14 09:47:16:     at Module.load (node:internal/modules/cjs/loader:1203:32)
2025-04-14 09:47:16:     at Module._load (node:internal/modules/cjs/loader:1019:12)
2025-04-14 09:47:16:     at Module.require (node:internal/modules/cjs/loader:1231:19)
2025-04-14 09:47:16:     at Hook._require.Module.require (/nix/store/shfv23xyd45wxv8w4ax04abmvmf1m78w-pm2-5.4.2/lib/node_modules/pm2/node_modules/require-in-the-middle/index.js:101:39)
2025-04-14 09:47:16:     at require (node:internal/modules/helpers:177:18)
2025-04-14 09:47:16:     at Object.<anonymous> (/repo/nodejs/demo-app/app.js:1:1)
2025-04-14 09:47:16:     at Module._compile (node:internal/modules/cjs/loader:1364:14)
2025-04-14 09:47:17: TypeError: detectResourcesSync is not a function
2025-04-14 09:47:17:     at Object.<anonymous> (/repo/nodejs/demo-app/tracing.js:11:26)
2025-04-14 09:47:17:     at Module._compile (node:internal/modules/cjs/loader:1364:14)
2025-04-14 09:47:17:     at Module._extensions..js (node:internal/modules/cjs/loader:1422:10)
2025-04-14 09:47:17:     at Module.load (node:internal/modules/cjs/loader:1203:32)
2025-04-14 09:47:17:     at Module._load (node:internal/modules/cjs/loader:1019:12)
2025-04-14 09:47:17:     at Module.require (node:internal/modules/cjs/loader:1231:19)
2025-04-14 09:47:17:     at Hook._require.Module.require (/nix/store/shfv23xyd45wxv8w4ax04abmvmf1m78w-pm2-5.4.2/lib/node_modules/pm2/node_modules/require-in-the-middle/index.js:101:39)
2025-04-14 09:47:17:     at require (node:internal/modules/helpers:177:18)
2025-04-14 09:47:17:     at Object.<anonymous> (/repo/nodejs/demo-app/app.js:1:1)
2025-04-14 09:47:17:     at Module._compile (node:internal/modules/cjs/loader:1364:14)
2025-04-14 09:47:17: TypeError: detectResourcesSync is not a function
2025-04-14 09:47:17:     at Object.<anonymous> (/repo/nodejs/demo-app/tracing.js:11:26)
2025-04-14 09:47:17:     at Module._compile (node:internal/modules/cjs/loader:1364:14)
2025-04-14 09:47:17:     at Module._extensions..js (node:internal/modules/cjs/loader:1422:10)
2025-04-14 09:47:17:     at Module.load (node:internal/modules/cjs/loader:1203:32)
2025-04-14 09:47:17:     at Module._load (node:internal/modules/cjs/loader:1019:12)
2025-04-14 09:47:17:     at Module.require (node:internal/modules/cjs/loader:1231:19)
2025-04-14 09:47:17:     at Hook._require.Module.require (/nix/store/shfv23xyd45wxv8w4ax04abmvmf1m78w-pm2-5.4.2/lib/node_modules/pm2/node_modules/require-in-the-middle/index.js:101:39)
2025-04-14 09:47:17:     at require (node:internal/modules/helpers:177:18)
2025-04-14 09:47:17:     at Object.<anonymous> (/repo/nodejs/demo-app/app.js:1:1)
2025-04-14 09:47:17:     at Module._compile (node:internal/modules/cjs/loader:1364:14)
2025-04-14 09:47:17: TypeError: detectResourcesSync is not a function
2025-04-14 09:47:17:     at Object.<anonymous> (/repo/nodejs/demo-app/tracing.js:11:26)
2025-04-14 09:47:17:     at Module._compile (node:internal/modules/cjs/loader:1364:14)
2025-04-14 09:47:17:     at Module._extensions..js (node:internal/modules/cjs/loader:1422:10)
2025-04-14 09:47:17:     at Module.load (node:internal/modules/cjs/loader:1203:32)
2025-04-14 09:47:17:     at Module._load (node:internal/modules/cjs/loader:1019:12)
2025-04-14 09:47:17:     at Module.require (node:internal/modules/cjs/loader:1231:19)
2025-04-14 09:47:17:     at Hook._require.Module.require (/nix/store/shfv23xyd45wxv8w4ax04abmvmf1m78w-pm2-5.4.2/lib/node_modules/pm2/node_modules/require-in-the-middle/index.js:101:39)
2025-04-14 09:47:17:     at require (node:internal/modules/helpers:177:18)
2025-04-14 09:47:17:     at Object.<anonymous> (/repo/nodejs/demo-app/app.js:1:1)
2025-04-14 09:47:17:     at Module._compile (node:internal/modules/cjs/loader:1364:14)
2025-04-14 09:47:17: TypeError: detectResourcesSync is not a function
2025-04-14 09:47:17:     at Object.<anonymous> (/repo/nodejs/demo-app/tracing.js:11:26)
2025-04-14 09:47:17:     at Module._compile (node:internal/modules/cjs/loader:1364:14)
2025-04-14 09:47:17:     at Module._extensions..js (node:internal/modules/cjs/loader:1422:10)
2025-04-14 09:47:17:     at Module.load (node:internal/modules/cjs/loader:1203:32)
2025-04-14 09:47:17:     at Module._load (node:internal/modules/cjs/loader:1019:12)
2025-04-14 09:47:17:     at Module.require (node:internal/modules/cjs/loader:1231:19)
2025-04-14 09:47:17:     at Hook._require.Module.require (/nix/store/shfv23xyd45wxv8w4ax04abmvmf1m78w-pm2-5.4.2/lib/node_modules/pm2/node_modules/require-in-the-middle/index.js:101:39)
2025-04-14 09:47:17:     at require (node:internal/modules/helpers:177:18)
2025-04-14 09:47:17:     at Object.<anonymous> (/repo/nodejs/demo-app/app.js:1:1)
2025-04-14 09:47:17:     at Module._compile (node:internal/modules/cjs/loader:1364:14)
2025-04-14 09:47:18: TypeError: detectResourcesSync is not a function
2025-04-14 09:47:18:     at Object.<anonymous> (/repo/nodejs/demo-app/tracing.js:11:26)
2025-04-14 09:47:18:     at Module._compile (node:internal/modules/cjs/loader:1364:14)
2025-04-14 09:47:18:     at Module._extensions..js (node:internal/modules/cjs/loader:1422:10)
2025-04-14 09:47:18:     at Module.load (node:internal/modules/cjs/loader:1203:32)
2025-04-14 09:47:18:     at Module._load (node:internal/modules/cjs/loader:1019:12)
2025-04-14 09:47:18:     at Module.require (node:internal/modules/cjs/loader:1231:19)
2025-04-14 09:47:18:     at Hook._require.Module.require (/nix/store/shfv23xyd45wxv8w4ax04abmvmf1m78w-pm2-5.4.2/lib/node_modules/pm2/node_modules/require-in-the-middle/index.js:101:39)
2025-04-14 09:47:18:     at require (node:internal/modules/helpers:177:18)
2025-04-14 09:47:18:     at Object.<anonymous> (/repo/nodejs/demo-app/app.js:1:1)
2025-04-14 09:47:18:     at Module._compile (node:internal/modules/cjs/loader:1364:14)
2025-04-14 09:47:18: TypeError: detectResourcesSync is not a function
2025-04-14 09:47:18:     at Object.<anonymous> (/repo/nodejs/demo-app/tracing.js:11:26)
2025-04-14 09:47:18:     at Module._compile (node:internal/modules/cjs/loader:1364:14)
2025-04-14 09:47:18:     at Module._extensions..js (node:internal/modules/cjs/loader:1422:10)
2025-04-14 09:47:18:     at Module.load (node:internal/modules/cjs/loader:1203:32)
2025-04-14 09:47:18:     at Module._load (node:internal/modules/cjs/loader:1019:12)
2025-04-14 09:47:18:     at Module.require (node:internal/modules/cjs/loader:1231:19)
2025-04-14 09:47:18:     at Hook._require.Module.require (/nix/store/shfv23xyd45wxv8w4ax04abmvmf1m78w-pm2-5.4.2/lib/node_modules/pm2/node_modules/require-in-the-middle/index.js:101:39)
2025-04-14 09:47:18:     at require (node:internal/modules/helpers:177:18)
2025-04-14 09:47:18:     at Object.<anonymous> (/repo/nodejs/demo-app/app.js:1:1)
2025-04-14 09:47:18:     at Module._compile (node:internal/modules/cjs/loader:1364:14)
2025-04-14 09:47:18: TypeError: detectResourcesSync is not a function
2025-04-14 09:47:18:     at Object.<anonymous> (/repo/nodejs/demo-app/tracing.js:11:26)
2025-04-14 09:47:18:     at Module._compile (node:internal/modules/cjs/loader:1364:14)
2025-04-14 09:47:18:     at Module._extensions..js (node:internal/modules/cjs/loader:1422:10)
2025-04-14 09:47:18:     at Module.load (node:internal/modules/cjs/loader:1203:32)
2025-04-14 09:47:18:     at Module._load (node:internal/modules/cjs/loader:1019:12)
2025-04-14 09:47:18:     at Module.require (node:internal/modules/cjs/loader:1231:19)
2025-04-14 09:47:18:     at Hook._require.Module.require (/nix/store/shfv23xyd45wxv8w4ax04abmvmf1m78w-pm2-5.4.2/lib/node_modules/pm2/node_modules/require-in-the-middle/index.js:101:39)
2025-04-14 09:47:18:     at require (node:internal/modules/helpers:177:18)
2025-04-14 09:47:18:     at Object.<anonymous> (/repo/nodejs/demo-app/app.js:1:1)
2025-04-14 09:47:18:     at Module._compile (node:internal/modules/cjs/loader:1364:14)
2025-04-14 09:47:18: TypeError: detectResourcesSync is not a function
2025-04-14 09:47:18:     at Object.<anonymous> (/repo/nodejs/demo-app/tracing.js:11:26)
2025-04-14 09:47:18:     at Module._compile (node:internal/modules/cjs/loader:1364:14)
2025-04-14 09:47:18:     at Module._extensions..js (node:internal/modules/cjs/loader:1422:10)
2025-04-14 09:47:18:     at Module.load (node:internal/modules/cjs/loader:1203:32)
2025-04-14 09:47:18:     at Module._load (node:internal/modules/cjs/loader:1019:12)
2025-04-14 09:47:18:     at Module.require (node:internal/modules/cjs/loader:1231:19)
2025-04-14 09:47:18:     at Hook._require.Module.require (/nix/store/shfv23xyd45wxv8w4ax04abmvmf1m78w-pm2-5.4.2/lib/node_modules/pm2/node_modules/require-in-the-middle/index.js:101:39)
2025-04-14 09:47:18:     at require (node:internal/modules/helpers:177:18)
2025-04-14 09:47:18:     at Object.<anonymous> (/repo/nodejs/demo-app/app.js:1:1)
2025-04-14 09:47:18:     at Module._compile (node:internal/modules/cjs/loader:1364:14)
2025-04-14 09:47:18: TypeError: detectResourcesSync is not a function
2025-04-14 09:47:18:     at Object.<anonymous> (/repo/nodejs/demo-app/tracing.js:11:26)
2025-04-14 09:47:18:     at Module._compile (node:internal/modules/cjs/loader:1364:14)
2025-04-14 09:47:18:     at Module._extensions..js (node:internal/modules/cjs/loader:1422:10)
2025-04-14 09:47:18:     at Module.load (node:internal/modules/cjs/loader:1203:32)
2025-04-14 09:47:18:     at Module._load (node:internal/modules/cjs/loader:1019:12)
2025-04-14 09:47:18:     at Module.require (node:internal/modules/cjs/loader:1231:19)
2025-04-14 09:47:18:     at Hook._require.Module.require (/nix/store/shfv23xyd45wxv8w4ax04abmvmf1m78w-pm2-5.4.2/lib/node_modules/pm2/node_modules/require-in-the-middle/index.js:101:39)
2025-04-14 09:47:18:     at require (node:internal/modules/helpers:177:18)
2025-04-14 09:47:18:     at Object.<anonymous> (/repo/nodejs/demo-app/app.js:1:1)
2025-04-14 09:47:18:     at Module._compile (node:internal/modules/cjs/loader:1364:14)
2025-04-14 09:47:18: TypeError: detectResourcesSync is not a function
2025-04-14 09:47:18:     at Object.<anonymous> (/repo/nodejs/demo-app/tracing.js:11:26)
2025-04-14 09:47:18:     at Module._compile (node:internal/modules/cjs/loader:1364:14)
2025-04-14 09:47:18:     at Module._extensions..js (node:internal/modules/cjs/loader:1422:10)
2025-04-14 09:47:18:     at Module.load (node:internal/modules/cjs/loader:1203:32)
2025-04-14 09:47:18:     at Module._load (node:internal/modules/cjs/loader:1019:12)
2025-04-14 09:47:18:     at Module.require (node:internal/modules/cjs/loader:1231:19)
2025-04-14 09:47:18:     at Hook._require.Module.require (/nix/store/shfv23xyd45wxv8w4ax04abmvmf1m78w-pm2-5.4.2/lib/node_modules/pm2/node_modules/require-in-the-middle/index.js:101:39)
2025-04-14 09:47:18:     at require (node:internal/modules/helpers:177:18)
2025-04-14 09:47:18:     at Object.<anonymous> (/repo/nodejs/demo-app/app.js:1:1)
2025-04-14 09:47:18:     at Module._compile (node:internal/modules/cjs/loader:1364:14)
2025-04-14 09:47:19: TypeError: detectResourcesSync is not a function
2025-04-14 09:47:19:     at Object.<anonymous> (/repo/nodejs/demo-app/tracing.js:11:26)
2025-04-14 09:47:19:     at Module._compile (node:internal/modules/cjs/loader:1364:14)
2025-04-14 09:47:19:     at Module._extensions..js (node:internal/modules/cjs/loader:1422:10)
2025-04-14 09:47:19:     at Module.load (node:internal/modules/cjs/loader:1203:32)
2025-04-14 09:47:19:     at Module._load (node:internal/modules/cjs/loader:1019:12)
2025-04-14 09:47:19:     at Module.require (node:internal/modules/cjs/loader:1231:19)
2025-04-14 09:47:19:     at Hook._require.Module.require (/nix/store/shfv23xyd45wxv8w4ax04abmvmf1m78w-pm2-5.4.2/lib/node_modules/pm2/node_modules/require-in-the-middle/index.js:101:39)
2025-04-14 09:47:19:     at require (node:internal/modules/helpers:177:18)
2025-04-14 09:47:19:     at Object.<anonymous> (/repo/nodejs/demo-app/app.js:1:1)
2025-04-14 09:47:19:     at Module._compile (node:internal/modules/cjs/loader:1364:14)
2025-04-14 09:47:19: TypeError: detectResourcesSync is not a function
2025-04-14 09:47:19:     at Object.<anonymous> (/repo/nodejs/demo-app/tracing.js:11:26)
2025-04-14 09:47:19:     at Module._compile (node:internal/modules/cjs/loader:1364:14)
2025-04-14 09:47:19:     at Module._extensions..js (node:internal/modules/cjs/loader:1422:10)
2025-04-14 09:47:19:     at Module.load (node:internal/modules/cjs/loader:1203:32)
2025-04-14 09:47:19:     at Module._load (node:internal/modules/cjs/loader:1019:12)
2025-04-14 09:47:19:     at Module.require (node:internal/modules/cjs/loader:1231:19)
2025-04-14 09:47:19:     at Hook._require.Module.require (/nix/store/shfv23xyd45wxv8w4ax04abmvmf1m78w-pm2-5.4.2/lib/node_modules/pm2/node_modules/require-in-the-middle/index.js:101:39)
2025-04-14 09:47:19:     at require (node:internal/modules/helpers:177:18)
2025-04-14 09:47:19:     at Object.<anonymous> (/repo/nodejs/demo-app/app.js:1:1)
2025-04-14 09:47:19:     at Module._compile (node:internal/modules/cjs/loader:1364:14)
2025-04-14 09:47:19: TypeError: detectResourcesSync is not a function
2025-04-14 09:47:19:     at Object.<anonymous> (/repo/nodejs/demo-app/tracing.js:11:26)
2025-04-14 09:47:19:     at Module._compile (node:internal/modules/cjs/loader:1364:14)
2025-04-14 09:47:19:     at Module._extensions..js (node:internal/modules/cjs/loader:1422:10)
2025-04-14 09:47:19:     at Module.load (node:internal/modules/cjs/loader:1203:32)
2025-04-14 09:47:19:     at Module._load (node:internal/modules/cjs/loader:1019:12)
2025-04-14 09:47:19:     at Module.require (node:internal/modules/cjs/loader:1231:19)
2025-04-14 09:47:19:     at Hook._require.Module.require (/nix/store/shfv23xyd45wxv8w4ax04abmvmf1m78w-pm2-5.4.2/lib/node_modules/pm2/node_modules/require-in-the-middle/index.js:101:39)
2025-04-14 09:47:19:     at require (node:internal/modules/helpers:177:18)
2025-04-14 09:47:19:     at Object.<anonymous> (/repo/nodejs/demo-app/app.js:1:1)
2025-04-14 09:47:19:     at Module._compile (node:internal/modules/cjs/loader:1364:14)
2025-04-14 09:47:19: TypeError: detectResourcesSync is not a function
2025-04-14 09:47:19:     at Object.<anonymous> (/repo/nodejs/demo-app/tracing.js:11:26)
2025-04-14 09:47:19:     at Module._compile (node:internal/modules/cjs/loader:1364:14)
2025-04-14 09:47:19:     at Module._extensions..js (node:internal/modules/cjs/loader:1422:10)
2025-04-14 09:47:19:     at Module.load (node:internal/modules/cjs/loader:1203:32)
2025-04-14 09:47:19:     at Module._load (node:internal/modules/cjs/loader:1019:12)
2025-04-14 09:47:19:     at Module.require (node:internal/modules/cjs/loader:1231:19)
2025-04-14 09:47:19:     at Hook._require.Module.require (/nix/store/shfv23xyd45wxv8w4ax04abmvmf1m78w-pm2-5.4.2/lib/node_modules/pm2/node_modules/require-in-the-middle/index.js:101:39)
2025-04-14 09:47:19:     at require (node:internal/modules/helpers:177:18)
2025-04-14 09:47:19:     at Object.<anonymous> (/repo/nodejs/demo-app/app.js:1:1)
2025-04-14 09:47:19:     at Module._compile (node:internal/modules/cjs/loader:1364:14)
2025-04-14 09:47:19: TypeError: detectResourcesSync is not a function
2025-04-14 09:47:19:     at Object.<anonymous> (/repo/nodejs/demo-app/tracing.js:11:26)
2025-04-14 09:47:19:     at Module._compile (node:internal/modules/cjs/loader:1364:14)
2025-04-14 09:47:19:     at Module._extensions..js (node:internal/modules/cjs/loader:1422:10)
2025-04-14 09:47:19:     at Module.load (node:internal/modules/cjs/loader:1203:32)
2025-04-14 09:47:19:     at Module._load (node:internal/modules/cjs/loader:1019:12)
2025-04-14 09:47:19:     at Module.require (node:internal/modules/cjs/loader:1231:19)
2025-04-14 09:47:19:     at Hook._require.Module.require (/nix/store/shfv23xyd45wxv8w4ax04abmvmf1m78w-pm2-5.4.2/lib/node_modules/pm2/node_modules/require-in-the-middle/index.js:101:39)
2025-04-14 09:47:19:     at require (node:internal/modules/helpers:177:18)
2025-04-14 09:47:19:     at Object.<anonymous> (/repo/nodejs/demo-app/app.js:1:1)
2025-04-14 09:47:19:     at Module._compile (node:internal/modules/cjs/loader:1364:14)
2025-04-14 09:47:20: TypeError: detectResourcesSync is not a function
2025-04-14 09:47:20:     at Object.<anonymous> (/repo/nodejs/demo-app/tracing.js:11:26)
2025-04-14 09:47:20:     at Module._compile (node:internal/modules/cjs/loader:1364:14)
2025-04-14 09:47:20:     at Module._extensions..js (node:internal/modules/cjs/loader:1422:10)
2025-04-14 09:47:20:     at Module.load (node:internal/modules/cjs/loader:1203:32)
2025-04-14 09:47:20:     at Module._load (node:internal/modules/cjs/loader:1019:12)
2025-04-14 09:47:20:     at Module.require (node:internal/modules/cjs/loader:1231:19)
2025-04-14 09:47:20:     at Hook._require.Module.require (/nix/store/shfv23xyd45wxv8w4ax04abmvmf1m78w-pm2-5.4.2/lib/node_modules/pm2/node_modules/require-in-the-middle/index.js:101:39)
2025-04-14 09:47:20:     at require (node:internal/modules/helpers:177:18)
2025-04-14 09:47:20:     at Object.<anonymous> (/repo/nodejs/demo-app/app.js:1:1)
2025-04-14 09:47:20:     at Module._compile (node:internal/modules/cjs/loader:1364:14)
2025-04-14 09:47:20: TypeError: detectResourcesSync is not a function
2025-04-14 09:47:20:     at Object.<anonymous> (/repo/nodejs/demo-app/tracing.js:11:26)
2025-04-14 09:47:20:     at Module._compile (node:internal/modules/cjs/loader:1364:14)
2025-04-14 09:47:20:     at Module._extensions..js (node:internal/modules/cjs/loader:1422:10)
2025-04-14 09:47:20:     at Module.load (node:internal/modules/cjs/loader:1203:32)
2025-04-14 09:47:20:     at Module._load (node:internal/modules/cjs/loader:1019:12)
2025-04-14 09:47:20:     at Module.require (node:internal/modules/cjs/loader:1231:19)
2025-04-14 09:47:20:     at Hook._require.Module.require (/nix/store/shfv23xyd45wxv8w4ax04abmvmf1m78w-pm2-5.4.2/lib/node_modules/pm2/node_modules/require-in-the-middle/index.js:101:39)
2025-04-14 09:47:20:     at require (node:internal/modules/helpers:177:18)
2025-04-14 09:47:20:     at Object.<anonymous> (/repo/nodejs/demo-app/app.js:1:1)
2025-04-14 09:47:20:     at Module._compile (node:internal/modules/cjs/loader:1364:14)
2025-04-14 09:47:20: TypeError: detectResourcesSync is not a function
2025-04-14 09:47:20:     at Object.<anonymous> (/repo/nodejs/demo-app/tracing.js:11:26)
2025-04-14 09:47:20:     at Module._compile (node:internal/modules/cjs/loader:1364:14)
2025-04-14 09:47:20:     at Module._extensions..js (node:internal/modules/cjs/loader:1422:10)
2025-04-14 09:47:20:     at Module.load (node:internal/modules/cjs/loader:1203:32)
2025-04-14 09:47:20:     at Module._load (node:internal/modules/cjs/loader:1019:12)
2025-04-14 09:47:20:     at Module.require (node:internal/modules/cjs/loader:1231:19)
2025-04-14 09:47:20:     at Hook._require.Module.require (/nix/store/shfv23xyd45wxv8w4ax04abmvmf1m78w-pm2-5.4.2/lib/node_modules/pm2/node_modules/require-in-the-middle/index.js:101:39)
2025-04-14 09:47:20:     at require (node:internal/modules/helpers:177:18)
2025-04-14 09:47:20:     at Object.<anonymous> (/repo/nodejs/demo-app/app.js:1:1)
2025-04-14 09:47:20:     at Module._compile (node:internal/modules/cjs/loader:1364:14)
2025-04-14 09:47:20: TypeError: detectResourcesSync is not a function
2025-04-14 09:47:20:     at Object.<anonymous> (/repo/nodejs/demo-app/tracing.js:11:26)
2025-04-14 09:47:20:     at Module._compile (node:internal/modules/cjs/loader:1364:14)
2025-04-14 09:47:20:     at Module._extensions..js (node:internal/modules/cjs/loader:1422:10)
2025-04-14 09:47:20:     at Module.load (node:internal/modules/cjs/loader:1203:32)
2025-04-14 09:47:20:     at Module._load (node:internal/modules/cjs/loader:1019:12)
2025-04-14 09:47:20:     at Module.require (node:internal/modules/cjs/loader:1231:19)
2025-04-14 09:47:20:     at Hook._require.Module.require (/nix/store/shfv23xyd45wxv8w4ax04abmvmf1m78w-pm2-5.4.2/lib/node_modules/pm2/node_modules/require-in-the-middle/index.js:101:39)
2025-04-14 09:47:20:     at require (node:internal/modules/helpers:177:18)
2025-04-14 09:47:20:     at Object.<anonymous> (/repo/nodejs/demo-app/app.js:1:1)
2025-04-14 09:47:20:     at Module._compile (node:internal/modules/cjs/loader:1364:14)
2025-04-14 09:47:20: TypeError: detectResourcesSync is not a function
2025-04-14 09:47:20:     at Object.<anonymous> (/repo/nodejs/demo-app/tracing.js:11:26)
2025-04-14 09:47:20:     at Module._compile (node:internal/modules/cjs/loader:1364:14)
2025-04-14 09:47:20:     at Module._extensions..js (node:internal/modules/cjs/loader:1422:10)
2025-04-14 09:47:20:     at Module.load (node:internal/modules/cjs/loader:1203:32)
2025-04-14 09:47:20:     at Module._load (node:internal/modules/cjs/loader:1019:12)
2025-04-14 09:47:20:     at Module.require (node:internal/modules/cjs/loader:1231:19)
2025-04-14 09:47:20:     at Hook._require.Module.require (/nix/store/shfv23xyd45wxv8w4ax04abmvmf1m78w-pm2-5.4.2/lib/node_modules/pm2/node_modules/require-in-the-middle/index.js:101:39)
2025-04-14 09:47:20:     at require (node:internal/modules/helpers:177:18)
2025-04-14 09:47:20:     at Object.<anonymous> (/repo/nodejs/demo-app/app.js:1:1)
2025-04-14 09:47:20:     at Module._compile (node:internal/modules/cjs/loader:1364:14)
2025-04-14 09:47:21: TypeError: detectResourcesSync is not a function
2025-04-14 09:47:21:     at Object.<anonymous> (/repo/nodejs/demo-app/tracing.js:11:26)
2025-04-14 09:47:21:     at Module._compile (node:internal/modules/cjs/loader:1364:14)
2025-04-14 09:47:21:     at Module._extensions..js (node:internal/modules/cjs/loader:1422:10)
2025-04-14 09:47:21:     at Module.load (node:internal/modules/cjs/loader:1203:32)
2025-04-14 09:47:21:     at Module._load (node:internal/modules/cjs/loader:1019:12)
2025-04-14 09:47:21:     at Module.require (node:internal/modules/cjs/loader:1231:19)
2025-04-14 09:47:21:     at Hook._require.Module.require (/nix/store/shfv23xyd45wxv8w4ax04abmvmf1m78w-pm2-5.4.2/lib/node_modules/pm2/node_modules/require-in-the-middle/index.js:101:39)
2025-04-14 09:47:21:     at require (node:internal/modules/helpers:177:18)
2025-04-14 09:47:21:     at Object.<anonymous> (/repo/nodejs/demo-app/app.js:1:1)
2025-04-14 09:47:21:     at Module._compile (node:internal/modules/cjs/loader:1364:14)
2025-04-14 09:47:21: TypeError: detectResourcesSync is not a function
2025-04-14 09:47:21:     at Object.<anonymous> (/repo/nodejs/demo-app/tracing.js:11:26)
2025-04-14 09:47:21:     at Module._compile (node:internal/modules/cjs/loader:1364:14)
2025-04-14 09:47:21:     at Module._extensions..js (node:internal/modules/cjs/loader:1422:10)
2025-04-14 09:47:21:     at Module.load (node:internal/modules/cjs/loader:1203:32)
2025-04-14 09:47:21:     at Module._load (node:internal/modules/cjs/loader:1019:12)
2025-04-14 09:47:21:     at Module.require (node:internal/modules/cjs/loader:1231:19)
2025-04-14 09:47:21:     at Hook._require.Module.require (/nix/store/shfv23xyd45wxv8w4ax04abmvmf1m78w-pm2-5.4.2/lib/node_modules/pm2/node_modules/require-in-the-middle/index.js:101:39)
2025-04-14 09:47:21:     at require (node:internal/modules/helpers:177:18)
2025-04-14 09:47:21:     at Object.<anonymous> (/repo/nodejs/demo-app/app.js:1:1)
2025-04-14 09:47:21:     at Module._compile (node:internal/modules/cjs/loader:1364:14)
2025-04-14 09:47:21: TypeError: detectResourcesSync is not a function
2025-04-14 09:47:21:     at Object.<anonymous> (/repo/nodejs/demo-app/tracing.js:11:26)
2025-04-14 09:47:21:     at Module._compile (node:internal/modules/cjs/loader:1364:14)
2025-04-14 09:47:21:     at Module._extensions..js (node:internal/modules/cjs/loader:1422:10)
2025-04-14 09:47:21:     at Module.load (node:internal/modules/cjs/loader:1203:32)
2025-04-14 09:47:21:     at Module._load (node:internal/modules/cjs/loader:1019:12)
2025-04-14 09:47:21:     at Module.require (node:internal/modules/cjs/loader:1231:19)
2025-04-14 09:47:21:     at Hook._require.Module.require (/nix/store/shfv23xyd45wxv8w4ax04abmvmf1m78w-pm2-5.4.2/lib/node_modules/pm2/node_modules/require-in-the-middle/index.js:101:39)
2025-04-14 09:47:21:     at require (node:internal/modules/helpers:177:18)
2025-04-14 09:47:21:     at Object.<anonymous> (/repo/nodejs/demo-app/app.js:1:1)
2025-04-14 09:47:21:     at Module._compile (node:internal/modules/cjs/loader:1364:14)
2025-04-14 09:47:21: TypeError: detectResourcesSync is not a function
2025-04-14 09:47:21:     at Object.<anonymous> (/repo/nodejs/demo-app/tracing.js:11:26)
2025-04-14 09:47:21:     at Module._compile (node:internal/modules/cjs/loader:1364:14)
2025-04-14 09:47:21:     at Module._extensions..js (node:internal/modules/cjs/loader:1422:10)
2025-04-14 09:47:21:     at Module.load (node:internal/modules/cjs/loader:1203:32)
2025-04-14 09:47:21:     at Module._load (node:internal/modules/cjs/loader:1019:12)
2025-04-14 09:47:21:     at Module.require (node:internal/modules/cjs/loader:1231:19)
2025-04-14 09:47:21:     at Hook._require.Module.require (/nix/store/shfv23xyd45wxv8w4ax04abmvmf1m78w-pm2-5.4.2/lib/node_modules/pm2/node_modules/require-in-the-middle/index.js:101:39)
2025-04-14 09:47:21:     at require (node:internal/modules/helpers:177:18)
2025-04-14 09:47:21:     at Object.<anonymous> (/repo/nodejs/demo-app/app.js:1:1)
2025-04-14 09:47:21:     at Module._compile (node:internal/modules/cjs/loader:1364:14)
2025-04-14 09:47:22: TypeError: detectResourcesSync is not a function
2025-04-14 09:47:22:     at Object.<anonymous> (/repo/nodejs/demo-app/tracing.js:11:26)
2025-04-14 09:47:22:     at Module._compile (node:internal/modules/cjs/loader:1364:14)
2025-04-14 09:47:22:     at Module._extensions..js (node:internal/modules/cjs/loader:1422:10)
2025-04-14 09:47:22:     at Module.load (node:internal/modules/cjs/loader:1203:32)
2025-04-14 09:47:22:     at Module._load (node:internal/modules/cjs/loader:1019:12)
2025-04-14 09:47:22:     at Module.require (node:internal/modules/cjs/loader:1231:19)
2025-04-14 09:47:22:     at Hook._require.Module.require (/nix/store/shfv23xyd45wxv8w4ax04abmvmf1m78w-pm2-5.4.2/lib/node_modules/pm2/node_modules/require-in-the-middle/index.js:101:39)
2025-04-14 09:47:22:     at require (node:internal/modules/helpers:177:18)
2025-04-14 09:47:22:     at Object.<anonymous> (/repo/nodejs/demo-app/app.js:1:1)
2025-04-14 09:47:22:     at Module._compile (node:internal/modules/cjs/loader:1364:14)
2025-04-14 09:47:22: TypeError: detectResourcesSync is not a function
2025-04-14 09:47:22:     at Object.<anonymous> (/repo/nodejs/demo-app/tracing.js:11:26)
2025-04-14 09:47:22:     at Module._compile (node:internal/modules/cjs/loader:1364:14)
2025-04-14 09:47:22:     at Module._extensions..js (node:internal/modules/cjs/loader:1422:10)
2025-04-14 09:47:22:     at Module.load (node:internal/modules/cjs/loader:1203:32)
2025-04-14 09:47:22:     at Module._load (node:internal/modules/cjs/loader:1019:12)
2025-04-14 09:47:22:     at Module.require (node:internal/modules/cjs/loader:1231:19)
2025-04-14 09:47:22:     at Hook._require.Module.require (/nix/store/shfv23xyd45wxv8w4ax04abmvmf1m78w-pm2-5.4.2/lib/node_modules/pm2/node_modules/require-in-the-middle/index.js:101:39)
2025-04-14 09:47:22:     at require (node:internal/modules/helpers:177:18)
2025-04-14 09:47:22:     at Object.<anonymous> (/repo/nodejs/demo-app/app.js:1:1)
2025-04-14 09:47:22:     at Module._compile (node:internal/modules/cjs/loader:1364:14)
2025-04-14 09:47:22: TypeError: detectResourcesSync is not a function
2025-04-14 09:47:22:     at Object.<anonymous> (/repo/nodejs/demo-app/tracing.js:11:26)
2025-04-14 09:47:22:     at Module._compile (node:internal/modules/cjs/loader:1364:14)
2025-04-14 09:47:22:     at Module._extensions..js (node:internal/modules/cjs/loader:1422:10)
2025-04-14 09:47:22:     at Module.load (node:internal/modules/cjs/loader:1203:32)
2025-04-14 09:47:22:     at Module._load (node:internal/modules/cjs/loader:1019:12)
2025-04-14 09:47:22:     at Module.require (node:internal/modules/cjs/loader:1231:19)
2025-04-14 09:47:22:     at Hook._require.Module.require (/nix/store/shfv23xyd45wxv8w4ax04abmvmf1m78w-pm2-5.4.2/lib/node_modules/pm2/node_modules/require-in-the-middle/index.js:101:39)
2025-04-14 09:47:22:     at require (node:internal/modules/helpers:177:18)
2025-04-14 09:47:22:     at Object.<anonymous> (/repo/nodejs/demo-app/app.js:1:1)
2025-04-14 09:47:22:     at Module._compile (node:internal/modules/cjs/loader:1364:14)
2025-04-14 09:47:22: TypeError: detectResourcesSync is not a function
2025-04-14 09:47:22:     at Object.<anonymous> (/repo/nodejs/demo-app/tracing.js:11:26)
2025-04-14 09:47:22:     at Module._compile (node:internal/modules/cjs/loader:1364:14)
2025-04-14 09:47:22:     at Module._extensions..js (node:internal/modules/cjs/loader:1422:10)
2025-04-14 09:47:22:     at Module.load (node:internal/modules/cjs/loader:1203:32)
2025-04-14 09:47:22:     at Module._load (node:internal/modules/cjs/loader:1019:12)
2025-04-14 09:47:22:     at Module.require (node:internal/modules/cjs/loader:1231:19)
2025-04-14 09:47:22:     at Hook._require.Module.require (/nix/store/shfv23xyd45wxv8w4ax04abmvmf1m78w-pm2-5.4.2/lib/node_modules/pm2/node_modules/require-in-the-middle/index.js:101:39)
2025-04-14 09:47:22:     at require (node:internal/modules/helpers:177:18)
2025-04-14 09:47:22:     at Object.<anonymous> (/repo/nodejs/demo-app/app.js:1:1)
2025-04-14 09:47:22:     at Module._compile (node:internal/modules/cjs/loader:1364:14)
2025-04-14 09:47:22: TypeError: detectResourcesSync is not a function
2025-04-14 09:47:22:     at Object.<anonymous> (/repo/nodejs/demo-app/tracing.js:11:26)
2025-04-14 09:47:22:     at Module._compile (node:internal/modules/cjs/loader:1364:14)
2025-04-14 09:47:22:     at Module._extensions..js (node:internal/modules/cjs/loader:1422:10)
2025-04-14 09:47:22:     at Module.load (node:internal/modules/cjs/loader:1203:32)
2025-04-14 09:47:22:     at Module._load (node:internal/modules/cjs/loader:1019:12)
2025-04-14 09:47:22:     at Module.require (node:internal/modules/cjs/loader:1231:19)
2025-04-14 09:47:22:     at Hook._require.Module.require (/nix/store/shfv23xyd45wxv8w4ax04abmvmf1m78w-pm2-5.4.2/lib/node_modules/pm2/node_modules/require-in-the-middle/index.js:101:39)
2025-04-14 09:47:22:     at require (node:internal/modules/helpers:177:18)
2025-04-14 09:47:22:     at Object.<anonymous> (/repo/nodejs/demo-app/app.js:1:1)
2025-04-14 09:47:22:     at Module._compile (node:internal/modules/cjs/loader:1364:14)
2025-04-14 09:47:22: TypeError: detectResourcesSync is not a function
2025-04-14 09:47:22:     at Object.<anonymous> (/repo/nodejs/demo-app/tracing.js:11:26)
2025-04-14 09:47:22:     at Module._compile (node:internal/modules/cjs/loader:1364:14)
2025-04-14 09:47:22:     at Module._extensions..js (node:internal/modules/cjs/loader:1422:10)
2025-04-14 09:47:22:     at Module.load (node:internal/modules/cjs/loader:1203:32)
2025-04-14 09:47:22:     at Module._load (node:internal/modules/cjs/loader:1019:12)
2025-04-14 09:47:22:     at Module.require (node:internal/modules/cjs/loader:1231:19)
2025-04-14 09:47:22:     at Hook._require.Module.require (/nix/store/shfv23xyd45wxv8w4ax04abmvmf1m78w-pm2-5.4.2/lib/node_modules/pm2/node_modules/require-in-the-middle/index.js:101:39)
2025-04-14 09:47:22:     at require (node:internal/modules/helpers:177:18)
2025-04-14 09:47:22:     at Object.<anonymous> (/repo/nodejs/demo-app/app.js:1:1)
2025-04-14 09:47:22:     at Module._compile (node:internal/modules/cjs/loader:1364:14)
2025-04-14 09:48:05: TypeError: detectResourcesSync is not a function
2025-04-14 09:48:05:     at Object.<anonymous> (/repo/nodejs/demo-app/tracing.js:11:26)
2025-04-14 09:48:05:     at Module._compile (node:internal/modules/cjs/loader:1364:14)
2025-04-14 09:48:05:     at Module._extensions..js (node:internal/modules/cjs/loader:1422:10)
2025-04-14 09:48:05:     at Module.load (node:internal/modules/cjs/loader:1203:32)
2025-04-14 09:48:05:     at Module._load (node:internal/modules/cjs/loader:1019:12)
2025-04-14 09:48:05:     at Module.require (node:internal/modules/cjs/loader:1231:19)
2025-04-14 09:48:05:     at Hook._require.Module.require (/nix/store/shfv23xyd45wxv8w4ax04abmvmf1m78w-pm2-5.4.2/lib/node_modules/pm2/node_modules/require-in-the-middle/index.js:101:39)
2025-04-14 09:48:05:     at require (node:internal/modules/helpers:177:18)
2025-04-14 09:48:05:     at Object.<anonymous> (/repo/nodejs/demo-app/app.js:1:1)
2025-04-14 09:48:05:     at Module._compile (node:internal/modules/cjs/loader:1364:14)
2025-04-14 09:48:06: TypeError: detectResourcesSync is not a function
2025-04-14 09:48:06:     at Object.<anonymous> (/repo/nodejs/demo-app/tracing.js:11:26)
2025-04-14 09:48:06:     at Module._compile (node:internal/modules/cjs/loader:1364:14)
2025-04-14 09:48:06:     at Module._extensions..js (node:internal/modules/cjs/loader:1422:10)
2025-04-14 09:48:06:     at Module.load (node:internal/modules/cjs/loader:1203:32)
2025-04-14 09:48:06:     at Module._load (node:internal/modules/cjs/loader:1019:12)
2025-04-14 09:48:06:     at Module.require (node:internal/modules/cjs/loader:1231:19)
2025-04-14 09:48:06:     at Hook._require.Module.require (/nix/store/shfv23xyd45wxv8w4ax04abmvmf1m78w-pm2-5.4.2/lib/node_modules/pm2/node_modules/require-in-the-middle/index.js:101:39)
2025-04-14 09:48:06:     at require (node:internal/modules/helpers:177:18)
2025-04-14 09:48:06:     at Object.<anonymous> (/repo/nodejs/demo-app/app.js:1:1)
2025-04-14 09:48:06:     at Module._compile (node:internal/modules/cjs/loader:1364:14)
2025-04-14 09:48:06: TypeError: detectResourcesSync is not a function
2025-04-14 09:48:06:     at Object.<anonymous> (/repo/nodejs/demo-app/tracing.js:11:26)
2025-04-14 09:48:06:     at Module._compile (node:internal/modules/cjs/loader:1364:14)
2025-04-14 09:48:06:     at Module._extensions..js (node:internal/modules/cjs/loader:1422:10)
2025-04-14 09:48:06:     at Module.load (node:internal/modules/cjs/loader:1203:32)
2025-04-14 09:48:06:     at Module._load (node:internal/modules/cjs/loader:1019:12)
2025-04-14 09:48:06:     at Module.require (node:internal/modules/cjs/loader:1231:19)
2025-04-14 09:48:06:     at Hook._require.Module.require (/nix/store/shfv23xyd45wxv8w4ax04abmvmf1m78w-pm2-5.4.2/lib/node_modules/pm2/node_modules/require-in-the-middle/index.js:101:39)
2025-04-14 09:48:06:     at require (node:internal/modules/helpers:177:18)
2025-04-14 09:48:06:     at Object.<anonymous> (/repo/nodejs/demo-app/app.js:1:1)
2025-04-14 09:48:06:     at Module._compile (node:internal/modules/cjs/loader:1364:14)
2025-04-14 09:48:07: TypeError: detectResourcesSync is not a function
2025-04-14 09:48:07:     at Object.<anonymous> (/repo/nodejs/demo-app/tracing.js:11:26)
2025-04-14 09:48:07:     at Module._compile (node:internal/modules/cjs/loader:1364:14)
2025-04-14 09:48:07:     at Module._extensions..js (node:internal/modules/cjs/loader:1422:10)
2025-04-14 09:48:07:     at Module.load (node:internal/modules/cjs/loader:1203:32)
2025-04-14 09:48:07:     at Module._load (node:internal/modules/cjs/loader:1019:12)
2025-04-14 09:48:07:     at Module.require (node:internal/modules/cjs/loader:1231:19)
2025-04-14 09:48:07:     at Hook._require.Module.require (/nix/store/shfv23xyd45wxv8w4ax04abmvmf1m78w-pm2-5.4.2/lib/node_modules/pm2/node_modules/require-in-the-middle/index.js:101:39)
2025-04-14 09:48:07:     at require (node:internal/modules/helpers:177:18)
2025-04-14 09:48:07:     at Object.<anonymous> (/repo/nodejs/demo-app/app.js:1:1)
2025-04-14 09:48:07:     at Module._compile (node:internal/modules/cjs/loader:1364:14)
2025-04-14 09:48:08: TypeError: detectResourcesSync is not a function
2025-04-14 09:48:08:     at Object.<anonymous> (/repo/nodejs/demo-app/tracing.js:11:26)
2025-04-14 09:48:08:     at Module._compile (node:internal/modules/cjs/loader:1364:14)
2025-04-14 09:48:08:     at Module._extensions..js (node:internal/modules/cjs/loader:1422:10)
2025-04-14 09:48:08:     at Module.load (node:internal/modules/cjs/loader:1203:32)
2025-04-14 09:48:08:     at Module._load (node:internal/modules/cjs/loader:1019:12)
2025-04-14 09:48:08:     at Module.require (node:internal/modules/cjs/loader:1231:19)
2025-04-14 09:48:08:     at Hook._require.Module.require (/nix/store/shfv23xyd45wxv8w4ax04abmvmf1m78w-pm2-5.4.2/lib/node_modules/pm2/node_modules/require-in-the-middle/index.js:101:39)
2025-04-14 09:48:08:     at require (node:internal/modules/helpers:177:18)
2025-04-14 09:48:08:     at Object.<anonymous> (/repo/nodejs/demo-app/app.js:1:1)
2025-04-14 09:48:08:     at Module._compile (node:internal/modules/cjs/loader:1364:14)
2025-04-14 09:48:09: TypeError: detectResourcesSync is not a function
2025-04-14 09:48:09:     at Object.<anonymous> (/repo/nodejs/demo-app/tracing.js:11:26)
2025-04-14 09:48:09:     at Module._compile (node:internal/modules/cjs/loader:1364:14)
2025-04-14 09:48:09:     at Module._extensions..js (node:internal/modules/cjs/loader:1422:10)
2025-04-14 09:48:09:     at Module.load (node:internal/modules/cjs/loader:1203:32)
2025-04-14 09:48:09:     at Module._load (node:internal/modules/cjs/loader:1019:12)
2025-04-14 09:48:09:     at Module.require (node:internal/modules/cjs/loader:1231:19)
2025-04-14 09:48:09:     at Hook._require.Module.require (/nix/store/shfv23xyd45wxv8w4ax04abmvmf1m78w-pm2-5.4.2/lib/node_modules/pm2/node_modules/require-in-the-middle/index.js:101:39)
2025-04-14 09:48:09:     at require (node:internal/modules/helpers:177:18)
2025-04-14 09:48:09:     at Object.<anonymous> (/repo/nodejs/demo-app/app.js:1:1)
2025-04-14 09:48:09:     at Module._compile (node:internal/modules/cjs/loader:1364:14)
2025-04-14 09:48:09: TypeError: detectResourcesSync is not a function
2025-04-14 09:48:09:     at Object.<anonymous> (/repo/nodejs/demo-app/tracing.js:11:26)
2025-04-14 09:48:09:     at Module._compile (node:internal/modules/cjs/loader:1364:14)
2025-04-14 09:48:09:     at Module._extensions..js (node:internal/modules/cjs/loader:1422:10)
2025-04-14 09:48:09:     at Module.load (node:internal/modules/cjs/loader:1203:32)
2025-04-14 09:48:09:     at Module._load (node:internal/modules/cjs/loader:1019:12)
2025-04-14 09:48:09:     at Module.require (node:internal/modules/cjs/loader:1231:19)
2025-04-14 09:48:09:     at Hook._require.Module.require (/nix/store/shfv23xyd45wxv8w4ax04abmvmf1m78w-pm2-5.4.2/lib/node_modules/pm2/node_modules/require-in-the-middle/index.js:101:39)
2025-04-14 09:48:09:     at require (node:internal/modules/helpers:177:18)
2025-04-14 09:48:09:     at Object.<anonymous> (/repo/nodejs/demo-app/app.js:1:1)
2025-04-14 09:48:09:     at Module._compile (node:internal/modules/cjs/loader:1364:14)
2025-04-14 09:48:10: TypeError: detectResourcesSync is not a function
2025-04-14 09:48:10:     at Object.<anonymous> (/repo/nodejs/demo-app/tracing.js:11:26)
2025-04-14 09:48:10:     at Module._compile (node:internal/modules/cjs/loader:1364:14)
2025-04-14 09:48:10:     at Module._extensions..js (node:internal/modules/cjs/loader:1422:10)
2025-04-14 09:48:10:     at Module.load (node:internal/modules/cjs/loader:1203:32)
2025-04-14 09:48:10:     at Module._load (node:internal/modules/cjs/loader:1019:12)
2025-04-14 09:48:10:     at Module.require (node:internal/modules/cjs/loader:1231:19)
2025-04-14 09:48:10:     at Hook._require.Module.require (/nix/store/shfv23xyd45wxv8w4ax04abmvmf1m78w-pm2-5.4.2/lib/node_modules/pm2/node_modules/require-in-the-middle/index.js:101:39)
2025-04-14 09:48:10:     at require (node:internal/modules/helpers:177:18)
2025-04-14 09:48:10:     at Object.<anonymous> (/repo/nodejs/demo-app/app.js:1:1)
2025-04-14 09:48:10:     at Module._compile (node:internal/modules/cjs/loader:1364:14)
2025-04-14 09:48:11: TypeError: detectResourcesSync is not a function
2025-04-14 09:48:11:     at Object.<anonymous> (/repo/nodejs/demo-app/tracing.js:11:26)
2025-04-14 09:48:11:     at Module._compile (node:internal/modules/cjs/loader:1364:14)
2025-04-14 09:48:11:     at Module._extensions..js (node:internal/modules/cjs/loader:1422:10)
2025-04-14 09:48:11:     at Module.load (node:internal/modules/cjs/loader:1203:32)
2025-04-14 09:48:11:     at Module._load (node:internal/modules/cjs/loader:1019:12)
2025-04-14 09:48:11:     at Module.require (node:internal/modules/cjs/loader:1231:19)
2025-04-14 09:48:11:     at Hook._require.Module.require (/nix/store/shfv23xyd45wxv8w4ax04abmvmf1m78w-pm2-5.4.2/lib/node_modules/pm2/node_modules/require-in-the-middle/index.js:101:39)
2025-04-14 09:48:11:     at require (node:internal/modules/helpers:177:18)
2025-04-14 09:48:11:     at Object.<anonymous> (/repo/nodejs/demo-app/app.js:1:1)
2025-04-14 09:48:11:     at Module._compile (node:internal/modules/cjs/loader:1364:14)
2025-04-14 09:48:11: TypeError: detectResourcesSync is not a function
2025-04-14 09:48:11:     at Object.<anonymous> (/repo/nodejs/demo-app/tracing.js:11:26)
2025-04-14 09:48:11:     at Module._compile (node:internal/modules/cjs/loader:1364:14)
2025-04-14 09:48:11:     at Module._extensions..js (node:internal/modules/cjs/loader:1422:10)
2025-04-14 09:48:11:     at Module.load (node:internal/modules/cjs/loader:1203:32)
2025-04-14 09:48:11:     at Module._load (node:internal/modules/cjs/loader:1019:12)
2025-04-14 09:48:11:     at Module.require (node:internal/modules/cjs/loader:1231:19)
2025-04-14 09:48:11:     at Hook._require.Module.require (/nix/store/shfv23xyd45wxv8w4ax04abmvmf1m78w-pm2-5.4.2/lib/node_modules/pm2/node_modules/require-in-the-middle/index.js:101:39)
2025-04-14 09:48:11:     at require (node:internal/modules/helpers:177:18)
2025-04-14 09:48:11:     at Object.<anonymous> (/repo/nodejs/demo-app/app.js:1:1)
2025-04-14 09:48:11:     at Module._compile (node:internal/modules/cjs/loader:1364:14)
2025-04-14 09:48:12: TypeError: detectResourcesSync is not a function
2025-04-14 09:48:12:     at Object.<anonymous> (/repo/nodejs/demo-app/tracing.js:11:26)
2025-04-14 09:48:12:     at Module._compile (node:internal/modules/cjs/loader:1364:14)
2025-04-14 09:48:12:     at Module._extensions..js (node:internal/modules/cjs/loader:1422:10)
2025-04-14 09:48:12:     at Module.load (node:internal/modules/cjs/loader:1203:32)
2025-04-14 09:48:12:     at Module._load (node:internal/modules/cjs/loader:1019:12)
2025-04-14 09:48:12:     at Module.require (node:internal/modules/cjs/loader:1231:19)
2025-04-14 09:48:12:     at Hook._require.Module.require (/nix/store/shfv23xyd45wxv8w4ax04abmvmf1m78w-pm2-5.4.2/lib/node_modules/pm2/node_modules/require-in-the-middle/index.js:101:39)
2025-04-14 09:48:12:     at require (node:internal/modules/helpers:177:18)
2025-04-14 09:48:12:     at Object.<anonymous> (/repo/nodejs/demo-app/app.js:1:1)
2025-04-14 09:48:12:     at Module._compile (node:internal/modules/cjs/loader:1364:14)
2025-04-14 09:48:13: TypeError: detectResourcesSync is not a function
2025-04-14 09:48:13:     at Object.<anonymous> (/repo/nodejs/demo-app/tracing.js:11:26)
2025-04-14 09:48:13:     at Module._compile (node:internal/modules/cjs/loader:1364:14)
2025-04-14 09:48:13:     at Module._extensions..js (node:internal/modules/cjs/loader:1422:10)
2025-04-14 09:48:13:     at Module.load (node:internal/modules/cjs/loader:1203:32)
2025-04-14 09:48:13:     at Module._load (node:internal/modules/cjs/loader:1019:12)
2025-04-14 09:48:13:     at Module.require (node:internal/modules/cjs/loader:1231:19)
2025-04-14 09:48:13:     at Hook._require.Module.require (/nix/store/shfv23xyd45wxv8w4ax04abmvmf1m78w-pm2-5.4.2/lib/node_modules/pm2/node_modules/require-in-the-middle/index.js:101:39)
2025-04-14 09:48:13:     at require (node:internal/modules/helpers:177:18)
2025-04-14 09:48:13:     at Object.<anonymous> (/repo/nodejs/demo-app/app.js:1:1)
2025-04-14 09:48:13:     at Module._compile (node:internal/modules/cjs/loader:1364:14)
2025-04-14 09:48:13: TypeError: detectResourcesSync is not a function
2025-04-14 09:48:13:     at Object.<anonymous> (/repo/nodejs/demo-app/tracing.js:11:26)
2025-04-14 09:48:13:     at Module._compile (node:internal/modules/cjs/loader:1364:14)
2025-04-14 09:48:13:     at Module._extensions..js (node:internal/modules/cjs/loader:1422:10)
2025-04-14 09:48:13:     at Module.load (node:internal/modules/cjs/loader:1203:32)
2025-04-14 09:48:13:     at Module._load (node:internal/modules/cjs/loader:1019:12)
2025-04-14 09:48:13:     at Module.require (node:internal/modules/cjs/loader:1231:19)
2025-04-14 09:48:13:     at Hook._require.Module.require (/nix/store/shfv23xyd45wxv8w4ax04abmvmf1m78w-pm2-5.4.2/lib/node_modules/pm2/node_modules/require-in-the-middle/index.js:101:39)
2025-04-14 09:48:13:     at require (node:internal/modules/helpers:177:18)
2025-04-14 09:48:13:     at Object.<anonymous> (/repo/nodejs/demo-app/app.js:1:1)
2025-04-14 09:48:13:     at Module._compile (node:internal/modules/cjs/loader:1364:14)
2025-04-14 09:48:14: TypeError: detectResourcesSync is not a function
2025-04-14 09:48:14:     at Object.<anonymous> (/repo/nodejs/demo-app/tracing.js:11:26)
2025-04-14 09:48:14:     at Module._compile (node:internal/modules/cjs/loader:1364:14)
2025-04-14 09:48:14:     at Module._extensions..js (node:internal/modules/cjs/loader:1422:10)
2025-04-14 09:48:14:     at Module.load (node:internal/modules/cjs/loader:1203:32)
2025-04-14 09:48:14:     at Module._load (node:internal/modules/cjs/loader:1019:12)
2025-04-14 09:48:14:     at Module.require (node:internal/modules/cjs/loader:1231:19)
2025-04-14 09:48:14:     at Hook._require.Module.require (/nix/store/shfv23xyd45wxv8w4ax04abmvmf1m78w-pm2-5.4.2/lib/node_modules/pm2/node_modules/require-in-the-middle/index.js:101:39)
2025-04-14 09:48:14:     at require (node:internal/modules/helpers:177:18)
2025-04-14 09:48:14:     at Object.<anonymous> (/repo/nodejs/demo-app/app.js:1:1)
2025-04-14 09:48:14:     at Module._compile (node:internal/modules/cjs/loader:1364:14)
2025-04-14 09:48:14: TypeError: detectResourcesSync is not a function
2025-04-14 09:48:14:     at Object.<anonymous> (/repo/nodejs/demo-app/tracing.js:11:26)
2025-04-14 09:48:14:     at Module._compile (node:internal/modules/cjs/loader:1364:14)
2025-04-14 09:48:14:     at Module._extensions..js (node:internal/modules/cjs/loader:1422:10)
2025-04-14 09:48:14:     at Module.load (node:internal/modules/cjs/loader:1203:32)
2025-04-14 09:48:14:     at Module._load (node:internal/modules/cjs/loader:1019:12)
2025-04-14 09:48:14:     at Module.require (node:internal/modules/cjs/loader:1231:19)
2025-04-14 09:48:14:     at Hook._require.Module.require (/nix/store/shfv23xyd45wxv8w4ax04abmvmf1m78w-pm2-5.4.2/lib/node_modules/pm2/node_modules/require-in-the-middle/index.js:101:39)
2025-04-14 09:48:14:     at require (node:internal/modules/helpers:177:18)
2025-04-14 09:48:14:     at Object.<anonymous> (/repo/nodejs/demo-app/app.js:1:1)
2025-04-14 09:48:14:     at Module._compile (node:internal/modules/cjs/loader:1364:14)
2025-04-14 09:48:14: TypeError: detectResourcesSync is not a function
2025-04-14 09:48:14:     at Object.<anonymous> (/repo/nodejs/demo-app/tracing.js:11:26)
2025-04-14 09:48:14:     at Module._compile (node:internal/modules/cjs/loader:1364:14)
2025-04-14 09:48:14:     at Module._extensions..js (node:internal/modules/cjs/loader:1422:10)
2025-04-14 09:48:14:     at Module.load (node:internal/modules/cjs/loader:1203:32)
2025-04-14 09:48:14:     at Module._load (node:internal/modules/cjs/loader:1019:12)
2025-04-14 09:48:14:     at Module.require (node:internal/modules/cjs/loader:1231:19)
2025-04-14 09:48:14:     at Hook._require.Module.require (/nix/store/shfv23xyd45wxv8w4ax04abmvmf1m78w-pm2-5.4.2/lib/node_modules/pm2/node_modules/require-in-the-middle/index.js:101:39)
2025-04-14 09:48:14:     at require (node:internal/modules/helpers:177:18)
2025-04-14 09:48:14:     at Object.<anonymous> (/repo/nodejs/demo-app/app.js:1:1)
2025-04-14 09:48:14:     at Module._compile (node:internal/modules/cjs/loader:1364:14)
2025-04-14 09:49:31: TypeError: Resource is not a constructor
2025-04-14 09:49:31:     at Object.<anonymous> (/repo/nodejs/demo-app/tracing.js:12:13)
2025-04-14 09:49:31:     at Module._compile (node:internal/modules/cjs/loader:1364:14)
2025-04-14 09:49:31:     at Module._extensions..js (node:internal/modules/cjs/loader:1422:10)
2025-04-14 09:49:31:     at Module.load (node:internal/modules/cjs/loader:1203:32)
2025-04-14 09:49:31:     at Module._load (node:internal/modules/cjs/loader:1019:12)
2025-04-14 09:49:31:     at Module.require (node:internal/modules/cjs/loader:1231:19)
2025-04-14 09:49:31:     at Hook._require.Module.require (/nix/store/shfv23xyd45wxv8w4ax04abmvmf1m78w-pm2-5.4.2/lib/node_modules/pm2/node_modules/require-in-the-middle/index.js:101:39)
2025-04-14 09:49:31:     at require (node:internal/modules/helpers:177:18)
2025-04-14 09:49:31:     at Object.<anonymous> (/repo/nodejs/demo-app/app.js:1:1)
2025-04-14 09:49:31:     at Module._compile (node:internal/modules/cjs/loader:1364:14)
2025-04-14 09:49:31: TypeError: Resource is not a constructor
2025-04-14 09:49:31:     at Object.<anonymous> (/repo/nodejs/demo-app/tracing.js:12:13)
2025-04-14 09:49:31:     at Module._compile (node:internal/modules/cjs/loader:1364:14)
2025-04-14 09:49:31:     at Module._extensions..js (node:internal/modules/cjs/loader:1422:10)
2025-04-14 09:49:31:     at Module.load (node:internal/modules/cjs/loader:1203:32)
2025-04-14 09:49:31:     at Module._load (node:internal/modules/cjs/loader:1019:12)
2025-04-14 09:49:31:     at Module.require (node:internal/modules/cjs/loader:1231:19)
2025-04-14 09:49:31:     at Hook._require.Module.require (/nix/store/shfv23xyd45wxv8w4ax04abmvmf1m78w-pm2-5.4.2/lib/node_modules/pm2/node_modules/require-in-the-middle/index.js:101:39)
2025-04-14 09:49:31:     at require (node:internal/modules/helpers:177:18)
2025-04-14 09:49:31:     at Object.<anonymous> (/repo/nodejs/demo-app/app.js:1:1)
2025-04-14 09:49:31:     at Module._compile (node:internal/modules/cjs/loader:1364:14)
2025-04-14 09:49:32: TypeError: Resource is not a constructor
2025-04-14 09:49:32:     at Object.<anonymous> (/repo/nodejs/demo-app/tracing.js:12:13)
2025-04-14 09:49:32:     at Module._compile (node:internal/modules/cjs/loader:1364:14)
2025-04-14 09:49:32:     at Module._extensions..js (node:internal/modules/cjs/loader:1422:10)
2025-04-14 09:49:32:     at Module.load (node:internal/modules/cjs/loader:1203:32)
2025-04-14 09:49:32:     at Module._load (node:internal/modules/cjs/loader:1019:12)
2025-04-14 09:49:32:     at Module.require (node:internal/modules/cjs/loader:1231:19)
2025-04-14 09:49:32:     at Hook._require.Module.require (/nix/store/shfv23xyd45wxv8w4ax04abmvmf1m78w-pm2-5.4.2/lib/node_modules/pm2/node_modules/require-in-the-middle/index.js:101:39)
2025-04-14 09:49:32:     at require (node:internal/modules/helpers:177:18)
2025-04-14 09:49:32:     at Object.<anonymous> (/repo/nodejs/demo-app/app.js:1:1)
2025-04-14 09:49:32:     at Module._compile (node:internal/modules/cjs/loader:1364:14)
2025-04-14 09:49:32: TypeError: Resource is not a constructor
2025-04-14 09:49:32:     at Object.<anonymous> (/repo/nodejs/demo-app/tracing.js:12:13)
2025-04-14 09:49:32:     at Module._compile (node:internal/modules/cjs/loader:1364:14)
2025-04-14 09:49:32:     at Module._extensions..js (node:internal/modules/cjs/loader:1422:10)
2025-04-14 09:49:32:     at Module.load (node:internal/modules/cjs/loader:1203:32)
2025-04-14 09:49:32:     at Module._load (node:internal/modules/cjs/loader:1019:12)
2025-04-14 09:49:32:     at Module.require (node:internal/modules/cjs/loader:1231:19)
2025-04-14 09:49:32:     at Hook._require.Module.require (/nix/store/shfv23xyd45wxv8w4ax04abmvmf1m78w-pm2-5.4.2/lib/node_modules/pm2/node_modules/require-in-the-middle/index.js:101:39)
2025-04-14 09:49:32:     at require (node:internal/modules/helpers:177:18)
2025-04-14 09:49:32:     at Object.<anonymous> (/repo/nodejs/demo-app/app.js:1:1)
2025-04-14 09:49:32:     at Module._compile (node:internal/modules/cjs/loader:1364:14)
2025-04-14 09:49:32: TypeError: Resource is not a constructor
2025-04-14 09:49:32:     at Object.<anonymous> (/repo/nodejs/demo-app/tracing.js:12:13)
2025-04-14 09:49:32:     at Module._compile (node:internal/modules/cjs/loader:1364:14)
2025-04-14 09:49:32:     at Module._extensions..js (node:internal/modules/cjs/loader:1422:10)
2025-04-14 09:49:32:     at Module.load (node:internal/modules/cjs/loader:1203:32)
2025-04-14 09:49:32:     at Module._load (node:internal/modules/cjs/loader:1019:12)
2025-04-14 09:49:32:     at Module.require (node:internal/modules/cjs/loader:1231:19)
2025-04-14 09:49:32:     at Hook._require.Module.require (/nix/store/shfv23xyd45wxv8w4ax04abmvmf1m78w-pm2-5.4.2/lib/node_modules/pm2/node_modules/require-in-the-middle/index.js:101:39)
2025-04-14 09:49:32:     at require (node:internal/modules/helpers:177:18)
2025-04-14 09:49:32:     at Object.<anonymous> (/repo/nodejs/demo-app/app.js:1:1)
2025-04-14 09:49:32:     at Module._compile (node:internal/modules/cjs/loader:1364:14)
2025-04-14 09:49:33: TypeError: Resource is not a constructor
2025-04-14 09:49:33:     at Object.<anonymous> (/repo/nodejs/demo-app/tracing.js:12:13)
2025-04-14 09:49:33:     at Module._compile (node:internal/modules/cjs/loader:1364:14)
2025-04-14 09:49:33:     at Module._extensions..js (node:internal/modules/cjs/loader:1422:10)
2025-04-14 09:49:33:     at Module.load (node:internal/modules/cjs/loader:1203:32)
2025-04-14 09:49:33:     at Module._load (node:internal/modules/cjs/loader:1019:12)
2025-04-14 09:49:33:     at Module.require (node:internal/modules/cjs/loader:1231:19)
2025-04-14 09:49:33:     at Hook._require.Module.require (/nix/store/shfv23xyd45wxv8w4ax04abmvmf1m78w-pm2-5.4.2/lib/node_modules/pm2/node_modules/require-in-the-middle/index.js:101:39)
2025-04-14 09:49:33:     at require (node:internal/modules/helpers:177:18)
2025-04-14 09:49:33:     at Object.<anonymous> (/repo/nodejs/demo-app/app.js:1:1)
2025-04-14 09:49:33:     at Module._compile (node:internal/modules/cjs/loader:1364:14)
2025-04-14 09:49:33: TypeError: Resource is not a constructor
2025-04-14 09:49:33:     at Object.<anonymous> (/repo/nodejs/demo-app/tracing.js:12:13)
2025-04-14 09:49:33:     at Module._compile (node:internal/modules/cjs/loader:1364:14)
2025-04-14 09:49:33:     at Module._extensions..js (node:internal/modules/cjs/loader:1422:10)
2025-04-14 09:49:33:     at Module.load (node:internal/modules/cjs/loader:1203:32)
2025-04-14 09:49:33:     at Module._load (node:internal/modules/cjs/loader:1019:12)
2025-04-14 09:49:33:     at Module.require (node:internal/modules/cjs/loader:1231:19)
2025-04-14 09:49:33:     at Hook._require.Module.require (/nix/store/shfv23xyd45wxv8w4ax04abmvmf1m78w-pm2-5.4.2/lib/node_modules/pm2/node_modules/require-in-the-middle/index.js:101:39)
2025-04-14 09:49:33:     at require (node:internal/modules/helpers:177:18)
2025-04-14 09:49:33:     at Object.<anonymous> (/repo/nodejs/demo-app/app.js:1:1)
2025-04-14 09:49:33:     at Module._compile (node:internal/modules/cjs/loader:1364:14)
2025-04-14 09:49:33: TypeError: Resource is not a constructor
2025-04-14 09:49:33:     at Object.<anonymous> (/repo/nodejs/demo-app/tracing.js:12:13)
2025-04-14 09:49:33:     at Module._compile (node:internal/modules/cjs/loader:1364:14)
2025-04-14 09:49:33:     at Module._extensions..js (node:internal/modules/cjs/loader:1422:10)
2025-04-14 09:49:33:     at Module.load (node:internal/modules/cjs/loader:1203:32)
2025-04-14 09:49:33:     at Module._load (node:internal/modules/cjs/loader:1019:12)
2025-04-14 09:49:33:     at Module.require (node:internal/modules/cjs/loader:1231:19)
2025-04-14 09:49:33:     at Hook._require.Module.require (/nix/store/shfv23xyd45wxv8w4ax04abmvmf1m78w-pm2-5.4.2/lib/node_modules/pm2/node_modules/require-in-the-middle/index.js:101:39)
2025-04-14 09:49:33:     at require (node:internal/modules/helpers:177:18)
2025-04-14 09:49:33:     at Object.<anonymous> (/repo/nodejs/demo-app/app.js:1:1)
2025-04-14 09:49:33:     at Module._compile (node:internal/modules/cjs/loader:1364:14)
2025-04-14 09:49:34: TypeError: Resource is not a constructor
2025-04-14 09:49:34:     at Object.<anonymous> (/repo/nodejs/demo-app/tracing.js:12:13)
2025-04-14 09:49:34:     at Module._compile (node:internal/modules/cjs/loader:1364:14)
2025-04-14 09:49:34:     at Module._extensions..js (node:internal/modules/cjs/loader:1422:10)
2025-04-14 09:49:34:     at Module.load (node:internal/modules/cjs/loader:1203:32)
2025-04-14 09:49:34:     at Module._load (node:internal/modules/cjs/loader:1019:12)
2025-04-14 09:49:34:     at Module.require (node:internal/modules/cjs/loader:1231:19)
2025-04-14 09:49:34:     at Hook._require.Module.require (/nix/store/shfv23xyd45wxv8w4ax04abmvmf1m78w-pm2-5.4.2/lib/node_modules/pm2/node_modules/require-in-the-middle/index.js:101:39)
2025-04-14 09:49:34:     at require (node:internal/modules/helpers:177:18)
2025-04-14 09:49:34:     at Object.<anonymous> (/repo/nodejs/demo-app/app.js:1:1)
2025-04-14 09:49:34:     at Module._compile (node:internal/modules/cjs/loader:1364:14)
2025-04-14 09:49:34: TypeError: Resource is not a constructor
2025-04-14 09:49:34:     at Object.<anonymous> (/repo/nodejs/demo-app/tracing.js:12:13)
2025-04-14 09:49:34:     at Module._compile (node:internal/modules/cjs/loader:1364:14)
2025-04-14 09:49:34:     at Module._extensions..js (node:internal/modules/cjs/loader:1422:10)
2025-04-14 09:49:34:     at Module.load (node:internal/modules/cjs/loader:1203:32)
2025-04-14 09:49:34:     at Module._load (node:internal/modules/cjs/loader:1019:12)
2025-04-14 09:49:34:     at Module.require (node:internal/modules/cjs/loader:1231:19)
2025-04-14 09:49:34:     at Hook._require.Module.require (/nix/store/shfv23xyd45wxv8w4ax04abmvmf1m78w-pm2-5.4.2/lib/node_modules/pm2/node_modules/require-in-the-middle/index.js:101:39)
2025-04-14 09:49:34:     at require (node:internal/modules/helpers:177:18)
2025-04-14 09:49:34:     at Object.<anonymous> (/repo/nodejs/demo-app/app.js:1:1)
2025-04-14 09:49:34:     at Module._compile (node:internal/modules/cjs/loader:1364:14)
2025-04-14 09:49:34: TypeError: Resource is not a constructor
2025-04-14 09:49:34:     at Object.<anonymous> (/repo/nodejs/demo-app/tracing.js:12:13)
2025-04-14 09:49:34:     at Module._compile (node:internal/modules/cjs/loader:1364:14)
2025-04-14 09:49:34:     at Module._extensions..js (node:internal/modules/cjs/loader:1422:10)
2025-04-14 09:49:34:     at Module.load (node:internal/modules/cjs/loader:1203:32)
2025-04-14 09:49:34:     at Module._load (node:internal/modules/cjs/loader:1019:12)
2025-04-14 09:49:34:     at Module.require (node:internal/modules/cjs/loader:1231:19)
2025-04-14 09:49:34:     at Hook._require.Module.require (/nix/store/shfv23xyd45wxv8w4ax04abmvmf1m78w-pm2-5.4.2/lib/node_modules/pm2/node_modules/require-in-the-middle/index.js:101:39)
2025-04-14 09:49:34:     at require (node:internal/modules/helpers:177:18)
2025-04-14 09:49:34:     at Object.<anonymous> (/repo/nodejs/demo-app/app.js:1:1)
2025-04-14 09:49:34:     at Module._compile (node:internal/modules/cjs/loader:1364:14)
2025-04-14 09:49:35: TypeError: Resource is not a constructor
2025-04-14 09:49:35:     at Object.<anonymous> (/repo/nodejs/demo-app/tracing.js:12:13)
2025-04-14 09:49:35:     at Module._compile (node:internal/modules/cjs/loader:1364:14)
2025-04-14 09:49:35:     at Module._extensions..js (node:internal/modules/cjs/loader:1422:10)
2025-04-14 09:49:35:     at Module.load (node:internal/modules/cjs/loader:1203:32)
2025-04-14 09:49:35:     at Module._load (node:internal/modules/cjs/loader:1019:12)
2025-04-14 09:49:35:     at Module.require (node:internal/modules/cjs/loader:1231:19)
2025-04-14 09:49:35:     at Hook._require.Module.require (/nix/store/shfv23xyd45wxv8w4ax04abmvmf1m78w-pm2-5.4.2/lib/node_modules/pm2/node_modules/require-in-the-middle/index.js:101:39)
2025-04-14 09:49:35:     at require (node:internal/modules/helpers:177:18)
2025-04-14 09:49:35:     at Object.<anonymous> (/repo/nodejs/demo-app/app.js:1:1)
2025-04-14 09:49:35:     at Module._compile (node:internal/modules/cjs/loader:1364:14)
2025-04-14 09:49:35: TypeError: Resource is not a constructor
2025-04-14 09:49:35:     at Object.<anonymous> (/repo/nodejs/demo-app/tracing.js:12:13)
2025-04-14 09:49:35:     at Module._compile (node:internal/modules/cjs/loader:1364:14)
2025-04-14 09:49:35:     at Module._extensions..js (node:internal/modules/cjs/loader:1422:10)
2025-04-14 09:49:35:     at Module.load (node:internal/modules/cjs/loader:1203:32)
2025-04-14 09:49:35:     at Module._load (node:internal/modules/cjs/loader:1019:12)
2025-04-14 09:49:35:     at Module.require (node:internal/modules/cjs/loader:1231:19)
2025-04-14 09:49:35:     at Hook._require.Module.require (/nix/store/shfv23xyd45wxv8w4ax04abmvmf1m78w-pm2-5.4.2/lib/node_modules/pm2/node_modules/require-in-the-middle/index.js:101:39)
2025-04-14 09:49:35:     at require (node:internal/modules/helpers:177:18)
2025-04-14 09:49:35:     at Object.<anonymous> (/repo/nodejs/demo-app/app.js:1:1)
2025-04-14 09:49:35:     at Module._compile (node:internal/modules/cjs/loader:1364:14)
2025-04-14 09:49:35: TypeError: Resource is not a constructor
2025-04-14 09:49:35:     at Object.<anonymous> (/repo/nodejs/demo-app/tracing.js:12:13)
2025-04-14 09:49:35:     at Module._compile (node:internal/modules/cjs/loader:1364:14)
2025-04-14 09:49:35:     at Module._extensions..js (node:internal/modules/cjs/loader:1422:10)
2025-04-14 09:49:35:     at Module.load (node:internal/modules/cjs/loader:1203:32)
2025-04-14 09:49:35:     at Module._load (node:internal/modules/cjs/loader:1019:12)
2025-04-14 09:49:35:     at Module.require (node:internal/modules/cjs/loader:1231:19)
2025-04-14 09:49:35:     at Hook._require.Module.require (/nix/store/shfv23xyd45wxv8w4ax04abmvmf1m78w-pm2-5.4.2/lib/node_modules/pm2/node_modules/require-in-the-middle/index.js:101:39)
2025-04-14 09:49:35:     at require (node:internal/modules/helpers:177:18)
2025-04-14 09:49:35:     at Object.<anonymous> (/repo/nodejs/demo-app/app.js:1:1)
2025-04-14 09:49:35:     at Module._compile (node:internal/modules/cjs/loader:1364:14)
2025-04-14 09:49:35: TypeError: Resource is not a constructor
2025-04-14 09:49:35:     at Object.<anonymous> (/repo/nodejs/demo-app/tracing.js:12:13)
2025-04-14 09:49:35:     at Module._compile (node:internal/modules/cjs/loader:1364:14)
2025-04-14 09:49:35:     at Module._extensions..js (node:internal/modules/cjs/loader:1422:10)
2025-04-14 09:49:35:     at Module.load (node:internal/modules/cjs/loader:1203:32)
2025-04-14 09:49:35:     at Module._load (node:internal/modules/cjs/loader:1019:12)
2025-04-14 09:49:35:     at Module.require (node:internal/modules/cjs/loader:1231:19)
2025-04-14 09:49:35:     at Hook._require.Module.require (/nix/store/shfv23xyd45wxv8w4ax04abmvmf1m78w-pm2-5.4.2/lib/node_modules/pm2/node_modules/require-in-the-middle/index.js:101:39)
2025-04-14 09:49:35:     at require (node:internal/modules/helpers:177:18)
2025-04-14 09:49:35:     at Object.<anonymous> (/repo/nodejs/demo-app/app.js:1:1)
2025-04-14 09:49:35:     at Module._compile (node:internal/modules/cjs/loader:1364:14)
2025-04-14 09:49:40: TypeError: Resource is not a constructor
2025-04-14 09:49:40:     at Object.<anonymous> (/repo/nodejs/demo-app/tracing.js:12:13)
2025-04-14 09:49:40:     at Module._compile (node:internal/modules/cjs/loader:1364:14)
2025-04-14 09:49:40:     at Module._extensions..js (node:internal/modules/cjs/loader:1422:10)
2025-04-14 09:49:40:     at Module.load (node:internal/modules/cjs/loader:1203:32)
2025-04-14 09:49:40:     at Module._load (node:internal/modules/cjs/loader:1019:12)
2025-04-14 09:49:40:     at Module.require (node:internal/modules/cjs/loader:1231:19)
2025-04-14 09:49:40:     at Hook._require.Module.require (/nix/store/shfv23xyd45wxv8w4ax04abmvmf1m78w-pm2-5.4.2/lib/node_modules/pm2/node_modules/require-in-the-middle/index.js:101:39)
2025-04-14 09:49:40:     at require (node:internal/modules/helpers:177:18)
2025-04-14 09:49:40:     at Object.<anonymous> (/repo/nodejs/demo-app/app.js:1:1)
2025-04-14 09:49:40:     at Module._compile (node:internal/modules/cjs/loader:1364:14)
2025-04-14 09:49:41: TypeError: Resource is not a constructor
2025-04-14 09:49:41:     at Object.<anonymous> (/repo/nodejs/demo-app/tracing.js:12:13)
2025-04-14 09:49:41:     at Module._compile (node:internal/modules/cjs/loader:1364:14)
2025-04-14 09:49:41:     at Module._extensions..js (node:internal/modules/cjs/loader:1422:10)
2025-04-14 09:49:41:     at Module.load (node:internal/modules/cjs/loader:1203:32)
2025-04-14 09:49:41:     at Module._load (node:internal/modules/cjs/loader:1019:12)
2025-04-14 09:49:41:     at Module.require (node:internal/modules/cjs/loader:1231:19)
2025-04-14 09:49:41:     at Hook._require.Module.require (/nix/store/shfv23xyd45wxv8w4ax04abmvmf1m78w-pm2-5.4.2/lib/node_modules/pm2/node_modules/require-in-the-middle/index.js:101:39)
2025-04-14 09:49:41:     at require (node:internal/modules/helpers:177:18)
2025-04-14 09:49:41:     at Object.<anonymous> (/repo/nodejs/demo-app/app.js:1:1)
2025-04-14 09:49:41:     at Module._compile (node:internal/modules/cjs/loader:1364:14)
2025-04-14 09:49:41: TypeError: Resource is not a constructor
2025-04-14 09:49:41:     at Object.<anonymous> (/repo/nodejs/demo-app/tracing.js:12:13)
2025-04-14 09:49:41:     at Module._compile (node:internal/modules/cjs/loader:1364:14)
2025-04-14 09:49:41:     at Module._extensions..js (node:internal/modules/cjs/loader:1422:10)
2025-04-14 09:49:41:     at Module.load (node:internal/modules/cjs/loader:1203:32)
2025-04-14 09:49:41:     at Module._load (node:internal/modules/cjs/loader:1019:12)
2025-04-14 09:49:41:     at Module.require (node:internal/modules/cjs/loader:1231:19)
2025-04-14 09:49:41:     at Hook._require.Module.require (/nix/store/shfv23xyd45wxv8w4ax04abmvmf1m78w-pm2-5.4.2/lib/node_modules/pm2/node_modules/require-in-the-middle/index.js:101:39)
2025-04-14 09:49:41:     at require (node:internal/modules/helpers:177:18)
2025-04-14 09:49:41:     at Object.<anonymous> (/repo/nodejs/demo-app/app.js:1:1)
2025-04-14 09:49:41:     at Module._compile (node:internal/modules/cjs/loader:1364:14)
2025-04-14 09:49:41: TypeError: Resource is not a constructor
2025-04-14 09:49:41:     at Object.<anonymous> (/repo/nodejs/demo-app/tracing.js:12:13)
2025-04-14 09:49:41:     at Module._compile (node:internal/modules/cjs/loader:1364:14)
2025-04-14 09:49:41:     at Module._extensions..js (node:internal/modules/cjs/loader:1422:10)
2025-04-14 09:49:41:     at Module.load (node:internal/modules/cjs/loader:1203:32)
2025-04-14 09:49:41:     at Module._load (node:internal/modules/cjs/loader:1019:12)
2025-04-14 09:49:41:     at Module.require (node:internal/modules/cjs/loader:1231:19)
2025-04-14 09:49:41:     at Hook._require.Module.require (/nix/store/shfv23xyd45wxv8w4ax04abmvmf1m78w-pm2-5.4.2/lib/node_modules/pm2/node_modules/require-in-the-middle/index.js:101:39)
2025-04-14 09:49:41:     at require (node:internal/modules/helpers:177:18)
2025-04-14 09:49:41:     at Object.<anonymous> (/repo/nodejs/demo-app/app.js:1:1)
2025-04-14 09:49:41:     at Module._compile (node:internal/modules/cjs/loader:1364:14)
2025-04-14 09:49:42: TypeError: Resource is not a constructor
2025-04-14 09:49:42:     at Object.<anonymous> (/repo/nodejs/demo-app/tracing.js:12:13)
2025-04-14 09:49:42:     at Module._compile (node:internal/modules/cjs/loader:1364:14)
2025-04-14 09:49:42:     at Module._extensions..js (node:internal/modules/cjs/loader:1422:10)
2025-04-14 09:49:42:     at Module.load (node:internal/modules/cjs/loader:1203:32)
2025-04-14 09:49:42:     at Module._load (node:internal/modules/cjs/loader:1019:12)
2025-04-14 09:49:42:     at Module.require (node:internal/modules/cjs/loader:1231:19)
2025-04-14 09:49:42:     at Hook._require.Module.require (/nix/store/shfv23xyd45wxv8w4ax04abmvmf1m78w-pm2-5.4.2/lib/node_modules/pm2/node_modules/require-in-the-middle/index.js:101:39)
2025-04-14 09:49:42:     at require (node:internal/modules/helpers:177:18)
2025-04-14 09:49:42:     at Object.<anonymous> (/repo/nodejs/demo-app/app.js:1:1)
2025-04-14 09:49:42:     at Module._compile (node:internal/modules/cjs/loader:1364:14)
2025-04-14 09:49:42: TypeError: Resource is not a constructor
2025-04-14 09:49:42:     at Object.<anonymous> (/repo/nodejs/demo-app/tracing.js:12:13)
2025-04-14 09:49:42:     at Module._compile (node:internal/modules/cjs/loader:1364:14)
2025-04-14 09:49:42:     at Module._extensions..js (node:internal/modules/cjs/loader:1422:10)
2025-04-14 09:49:42:     at Module.load (node:internal/modules/cjs/loader:1203:32)
2025-04-14 09:49:42:     at Module._load (node:internal/modules/cjs/loader:1019:12)
2025-04-14 09:49:42:     at Module.require (node:internal/modules/cjs/loader:1231:19)
2025-04-14 09:49:42:     at Hook._require.Module.require (/nix/store/shfv23xyd45wxv8w4ax04abmvmf1m78w-pm2-5.4.2/lib/node_modules/pm2/node_modules/require-in-the-middle/index.js:101:39)
2025-04-14 09:49:42:     at require (node:internal/modules/helpers:177:18)
2025-04-14 09:49:42:     at Object.<anonymous> (/repo/nodejs/demo-app/app.js:1:1)
2025-04-14 09:49:42:     at Module._compile (node:internal/modules/cjs/loader:1364:14)
2025-04-14 09:49:43: TypeError: Resource is not a constructor
2025-04-14 09:49:43:     at Object.<anonymous> (/repo/nodejs/demo-app/tracing.js:12:13)
2025-04-14 09:49:43:     at Module._compile (node:internal/modules/cjs/loader:1364:14)
2025-04-14 09:49:43:     at Module._extensions..js (node:internal/modules/cjs/loader:1422:10)
2025-04-14 09:49:43:     at Module.load (node:internal/modules/cjs/loader:1203:32)
2025-04-14 09:49:43:     at Module._load (node:internal/modules/cjs/loader:1019:12)
2025-04-14 09:49:43:     at Module.require (node:internal/modules/cjs/loader:1231:19)
2025-04-14 09:49:43:     at Hook._require.Module.require (/nix/store/shfv23xyd45wxv8w4ax04abmvmf1m78w-pm2-5.4.2/lib/node_modules/pm2/node_modules/require-in-the-middle/index.js:101:39)
2025-04-14 09:49:43:     at require (node:internal/modules/helpers:177:18)
2025-04-14 09:49:43:     at Object.<anonymous> (/repo/nodejs/demo-app/app.js:1:1)
2025-04-14 09:49:43:     at Module._compile (node:internal/modules/cjs/loader:1364:14)
2025-04-14 09:49:43: TypeError: Resource is not a constructor
2025-04-14 09:49:43:     at Object.<anonymous> (/repo/nodejs/demo-app/tracing.js:12:13)
2025-04-14 09:49:43:     at Module._compile (node:internal/modules/cjs/loader:1364:14)
2025-04-14 09:49:43:     at Module._extensions..js (node:internal/modules/cjs/loader:1422:10)
2025-04-14 09:49:43:     at Module.load (node:internal/modules/cjs/loader:1203:32)
2025-04-14 09:49:43:     at Module._load (node:internal/modules/cjs/loader:1019:12)
2025-04-14 09:49:43:     at Module.require (node:internal/modules/cjs/loader:1231:19)
2025-04-14 09:49:43:     at Hook._require.Module.require (/nix/store/shfv23xyd45wxv8w4ax04abmvmf1m78w-pm2-5.4.2/lib/node_modules/pm2/node_modules/require-in-the-middle/index.js:101:39)
2025-04-14 09:49:43:     at require (node:internal/modules/helpers:177:18)
2025-04-14 09:49:43:     at Object.<anonymous> (/repo/nodejs/demo-app/app.js:1:1)
2025-04-14 09:49:43:     at Module._compile (node:internal/modules/cjs/loader:1364:14)
2025-04-14 09:49:43: TypeError: Resource is not a constructor
2025-04-14 09:49:43:     at Object.<anonymous> (/repo/nodejs/demo-app/tracing.js:12:13)
2025-04-14 09:49:43:     at Module._compile (node:internal/modules/cjs/loader:1364:14)
2025-04-14 09:49:43:     at Module._extensions..js (node:internal/modules/cjs/loader:1422:10)
2025-04-14 09:49:43:     at Module.load (node:internal/modules/cjs/loader:1203:32)
2025-04-14 09:49:43:     at Module._load (node:internal/modules/cjs/loader:1019:12)
2025-04-14 09:49:43:     at Module.require (node:internal/modules/cjs/loader:1231:19)
2025-04-14 09:49:43:     at Hook._require.Module.require (/nix/store/shfv23xyd45wxv8w4ax04abmvmf1m78w-pm2-5.4.2/lib/node_modules/pm2/node_modules/require-in-the-middle/index.js:101:39)
2025-04-14 09:49:43:     at require (node:internal/modules/helpers:177:18)
2025-04-14 09:49:43:     at Object.<anonymous> (/repo/nodejs/demo-app/app.js:1:1)
2025-04-14 09:49:43:     at Module._compile (node:internal/modules/cjs/loader:1364:14)
2025-04-14 09:49:44: TypeError: Resource is not a constructor
2025-04-14 09:49:44:     at Object.<anonymous> (/repo/nodejs/demo-app/tracing.js:12:13)
2025-04-14 09:49:44:     at Module._compile (node:internal/modules/cjs/loader:1364:14)
2025-04-14 09:49:44:     at Module._extensions..js (node:internal/modules/cjs/loader:1422:10)
2025-04-14 09:49:44:     at Module.load (node:internal/modules/cjs/loader:1203:32)
2025-04-14 09:49:44:     at Module._load (node:internal/modules/cjs/loader:1019:12)
2025-04-14 09:49:44:     at Module.require (node:internal/modules/cjs/loader:1231:19)
2025-04-14 09:49:44:     at Hook._require.Module.require (/nix/store/shfv23xyd45wxv8w4ax04abmvmf1m78w-pm2-5.4.2/lib/node_modules/pm2/node_modules/require-in-the-middle/index.js:101:39)
2025-04-14 09:49:44:     at require (node:internal/modules/helpers:177:18)
2025-04-14 09:49:44:     at Object.<anonymous> (/repo/nodejs/demo-app/app.js:1:1)
2025-04-14 09:49:44:     at Module._compile (node:internal/modules/cjs/loader:1364:14)
2025-04-14 09:49:44: TypeError: Resource is not a constructor
2025-04-14 09:49:44:     at Object.<anonymous> (/repo/nodejs/demo-app/tracing.js:12:13)
2025-04-14 09:49:44:     at Module._compile (node:internal/modules/cjs/loader:1364:14)
2025-04-14 09:49:44:     at Module._extensions..js (node:internal/modules/cjs/loader:1422:10)
2025-04-14 09:49:44:     at Module.load (node:internal/modules/cjs/loader:1203:32)
2025-04-14 09:49:44:     at Module._load (node:internal/modules/cjs/loader:1019:12)
2025-04-14 09:49:44:     at Module.require (node:internal/modules/cjs/loader:1231:19)
2025-04-14 09:49:44:     at Hook._require.Module.require (/nix/store/shfv23xyd45wxv8w4ax04abmvmf1m78w-pm2-5.4.2/lib/node_modules/pm2/node_modules/require-in-the-middle/index.js:101:39)
2025-04-14 09:49:44:     at require (node:internal/modules/helpers:177:18)
2025-04-14 09:49:44:     at Object.<anonymous> (/repo/nodejs/demo-app/app.js:1:1)
2025-04-14 09:49:44:     at Module._compile (node:internal/modules/cjs/loader:1364:14)
2025-04-14 09:49:44: TypeError: Resource is not a constructor
2025-04-14 09:49:44:     at Object.<anonymous> (/repo/nodejs/demo-app/tracing.js:12:13)
2025-04-14 09:49:44:     at Module._compile (node:internal/modules/cjs/loader:1364:14)
2025-04-14 09:49:44:     at Module._extensions..js (node:internal/modules/cjs/loader:1422:10)
2025-04-14 09:49:44:     at Module.load (node:internal/modules/cjs/loader:1203:32)
2025-04-14 09:49:44:     at Module._load (node:internal/modules/cjs/loader:1019:12)
2025-04-14 09:49:44:     at Module.require (node:internal/modules/cjs/loader:1231:19)
2025-04-14 09:49:44:     at Hook._require.Module.require (/nix/store/shfv23xyd45wxv8w4ax04abmvmf1m78w-pm2-5.4.2/lib/node_modules/pm2/node_modules/require-in-the-middle/index.js:101:39)
2025-04-14 09:49:44:     at require (node:internal/modules/helpers:177:18)
2025-04-14 09:49:44:     at Object.<anonymous> (/repo/nodejs/demo-app/app.js:1:1)
2025-04-14 09:49:44:     at Module._compile (node:internal/modules/cjs/loader:1364:14)
2025-04-14 09:49:45: TypeError: Resource is not a constructor
2025-04-14 09:49:45:     at Object.<anonymous> (/repo/nodejs/demo-app/tracing.js:12:13)
2025-04-14 09:49:45:     at Module._compile (node:internal/modules/cjs/loader:1364:14)
2025-04-14 09:49:45:     at Module._extensions..js (node:internal/modules/cjs/loader:1422:10)
2025-04-14 09:49:45:     at Module.load (node:internal/modules/cjs/loader:1203:32)
2025-04-14 09:49:45:     at Module._load (node:internal/modules/cjs/loader:1019:12)
2025-04-14 09:49:45:     at Module.require (node:internal/modules/cjs/loader:1231:19)
2025-04-14 09:49:45:     at Hook._require.Module.require (/nix/store/shfv23xyd45wxv8w4ax04abmvmf1m78w-pm2-5.4.2/lib/node_modules/pm2/node_modules/require-in-the-middle/index.js:101:39)
2025-04-14 09:49:45:     at require (node:internal/modules/helpers:177:18)
2025-04-14 09:49:45:     at Object.<anonymous> (/repo/nodejs/demo-app/app.js:1:1)
2025-04-14 09:49:45:     at Module._compile (node:internal/modules/cjs/loader:1364:14)
2025-04-14 09:49:45: TypeError: Resource is not a constructor
2025-04-14 09:49:45:     at Object.<anonymous> (/repo/nodejs/demo-app/tracing.js:12:13)
2025-04-14 09:49:45:     at Module._compile (node:internal/modules/cjs/loader:1364:14)
2025-04-14 09:49:45:     at Module._extensions..js (node:internal/modules/cjs/loader:1422:10)
2025-04-14 09:49:45:     at Module.load (node:internal/modules/cjs/loader:1203:32)
2025-04-14 09:49:45:     at Module._load (node:internal/modules/cjs/loader:1019:12)
2025-04-14 09:49:45:     at Module.require (node:internal/modules/cjs/loader:1231:19)
2025-04-14 09:49:45:     at Hook._require.Module.require (/nix/store/shfv23xyd45wxv8w4ax04abmvmf1m78w-pm2-5.4.2/lib/node_modules/pm2/node_modules/require-in-the-middle/index.js:101:39)
2025-04-14 09:49:45:     at require (node:internal/modules/helpers:177:18)
2025-04-14 09:49:45:     at Object.<anonymous> (/repo/nodejs/demo-app/app.js:1:1)
2025-04-14 09:49:45:     at Module._compile (node:internal/modules/cjs/loader:1364:14)
2025-04-14 09:49:45: TypeError: Resource is not a constructor
2025-04-14 09:49:45:     at Object.<anonymous> (/repo/nodejs/demo-app/tracing.js:12:13)
2025-04-14 09:49:45:     at Module._compile (node:internal/modules/cjs/loader:1364:14)
2025-04-14 09:49:45:     at Module._extensions..js (node:internal/modules/cjs/loader:1422:10)
2025-04-14 09:49:45:     at Module.load (node:internal/modules/cjs/loader:1203:32)
2025-04-14 09:49:45:     at Module._load (node:internal/modules/cjs/loader:1019:12)
2025-04-14 09:49:45:     at Module.require (node:internal/modules/cjs/loader:1231:19)
2025-04-14 09:49:45:     at Hook._require.Module.require (/nix/store/shfv23xyd45wxv8w4ax04abmvmf1m78w-pm2-5.4.2/lib/node_modules/pm2/node_modules/require-in-the-middle/index.js:101:39)
2025-04-14 09:49:45:     at require (node:internal/modules/helpers:177:18)
2025-04-14 09:49:45:     at Object.<anonymous> (/repo/nodejs/demo-app/app.js:1:1)
2025-04-14 09:49:45:     at Module._compile (node:internal/modules/cjs/loader:1364:14)
2025-04-14 09:49:45: TypeError: Resource is not a constructor
2025-04-14 09:49:45:     at Object.<anonymous> (/repo/nodejs/demo-app/tracing.js:12:13)
2025-04-14 09:49:45:     at Module._compile (node:internal/modules/cjs/loader:1364:14)
2025-04-14 09:49:45:     at Module._extensions..js (node:internal/modules/cjs/loader:1422:10)
2025-04-14 09:49:45:     at Module.load (node:internal/modules/cjs/loader:1203:32)
2025-04-14 09:49:45:     at Module._load (node:internal/modules/cjs/loader:1019:12)
2025-04-14 09:49:45:     at Module.require (node:internal/modules/cjs/loader:1231:19)
2025-04-14 09:49:45:     at Hook._require.Module.require (/nix/store/shfv23xyd45wxv8w4ax04abmvmf1m78w-pm2-5.4.2/lib/node_modules/pm2/node_modules/require-in-the-middle/index.js:101:39)
2025-04-14 09:49:45:     at require (node:internal/modules/helpers:177:18)
2025-04-14 09:49:45:     at Object.<anonymous> (/repo/nodejs/demo-app/app.js:1:1)
2025-04-14 09:49:45:     at Module._compile (node:internal/modules/cjs/loader:1364:14)
2025-04-14 09:49:52: TypeError: Resource is not a constructor
2025-04-14 09:49:52:     at Object.<anonymous> (/repo/nodejs/demo-app/tracing.js:12:13)
2025-04-14 09:49:52:     at Module._compile (node:internal/modules/cjs/loader:1364:14)
2025-04-14 09:49:52:     at Module._extensions..js (node:internal/modules/cjs/loader:1422:10)
2025-04-14 09:49:52:     at Module.load (node:internal/modules/cjs/loader:1203:32)
2025-04-14 09:49:52:     at Module._load (node:internal/modules/cjs/loader:1019:12)
2025-04-14 09:49:52:     at Module.require (node:internal/modules/cjs/loader:1231:19)
2025-04-14 09:49:52:     at Hook._require.Module.require (/nix/store/shfv23xyd45wxv8w4ax04abmvmf1m78w-pm2-5.4.2/lib/node_modules/pm2/node_modules/require-in-the-middle/index.js:101:39)
2025-04-14 09:49:52:     at require (node:internal/modules/helpers:177:18)
2025-04-14 09:49:52:     at Object.<anonymous> (/repo/nodejs/demo-app/app.js:1:1)
2025-04-14 09:49:52:     at Module._compile (node:internal/modules/cjs/loader:1364:14)
2025-04-14 09:49:46: TypeError: Resource is not a constructor
2025-04-14 09:49:46:     at Object.<anonymous> (/repo/nodejs/demo-app/tracing.js:12:13)
2025-04-14 09:49:46:     at Module._compile (node:internal/modules/cjs/loader:1364:14)
2025-04-14 09:49:46:     at Module._extensions..js (node:internal/modules/cjs/loader:1422:10)
2025-04-14 09:49:46:     at Module.load (node:internal/modules/cjs/loader:1203:32)
2025-04-14 09:49:46:     at Module._load (node:internal/modules/cjs/loader:1019:12)
2025-04-14 09:49:46:     at Module.require (node:internal/modules/cjs/loader:1231:19)
2025-04-14 09:49:46:     at Hook._require.Module.require (/nix/store/shfv23xyd45wxv8w4ax04abmvmf1m78w-pm2-5.4.2/lib/node_modules/pm2/node_modules/require-in-the-middle/index.js:101:39)
2025-04-14 09:49:46:     at require (node:internal/modules/helpers:177:18)
2025-04-14 09:49:46:     at Object.<anonymous> (/repo/nodejs/demo-app/app.js:1:1)
2025-04-14 09:49:46:     at Module._compile (node:internal/modules/cjs/loader:1364:14)
2025-04-14 09:49:46: TypeError: Resource is not a constructor
2025-04-14 09:49:46:     at Object.<anonymous> (/repo/nodejs/demo-app/tracing.js:12:13)
2025-04-14 09:49:46:     at Module._compile (node:internal/modules/cjs/loader:1364:14)
2025-04-14 09:49:46:     at Module._extensions..js (node:internal/modules/cjs/loader:1422:10)
2025-04-14 09:49:46:     at Module.load (node:internal/modules/cjs/loader:1203:32)
2025-04-14 09:49:46:     at Module._load (node:internal/modules/cjs/loader:1019:12)
2025-04-14 09:49:46:     at Module.require (node:internal/modules/cjs/loader:1231:19)
2025-04-14 09:49:46:     at Hook._require.Module.require (/nix/store/shfv23xyd45wxv8w4ax04abmvmf1m78w-pm2-5.4.2/lib/node_modules/pm2/node_modules/require-in-the-middle/index.js:101:39)
2025-04-14 09:49:46:     at require (node:internal/modules/helpers:177:18)
2025-04-14 09:49:46:     at Object.<anonymous> (/repo/nodejs/demo-app/app.js:1:1)
2025-04-14 09:49:46:     at Module._compile (node:internal/modules/cjs/loader:1364:14)
2025-04-14 09:49:47: TypeError: Resource is not a constructor
2025-04-14 09:49:47:     at Object.<anonymous> (/repo/nodejs/demo-app/tracing.js:12:13)
2025-04-14 09:49:47:     at Module._compile (node:internal/modules/cjs/loader:1364:14)
2025-04-14 09:49:47:     at Module._extensions..js (node:internal/modules/cjs/loader:1422:10)
2025-04-14 09:49:47:     at Module.load (node:internal/modules/cjs/loader:1203:32)
2025-04-14 09:49:47:     at Module._load (node:internal/modules/cjs/loader:1019:12)
2025-04-14 09:49:47:     at Module.require (node:internal/modules/cjs/loader:1231:19)
2025-04-14 09:49:47:     at Hook._require.Module.require (/nix/store/shfv23xyd45wxv8w4ax04abmvmf1m78w-pm2-5.4.2/lib/node_modules/pm2/node_modules/require-in-the-middle/index.js:101:39)
2025-04-14 09:49:47:     at require (node:internal/modules/helpers:177:18)
2025-04-14 09:49:47:     at Object.<anonymous> (/repo/nodejs/demo-app/app.js:1:1)
2025-04-14 09:49:47:     at Module._compile (node:internal/modules/cjs/loader:1364:14)
2025-04-14 09:49:47: TypeError: Resource is not a constructor
2025-04-14 09:49:47:     at Object.<anonymous> (/repo/nodejs/demo-app/tracing.js:12:13)
2025-04-14 09:49:47:     at Module._compile (node:internal/modules/cjs/loader:1364:14)
2025-04-14 09:49:47:     at Module._extensions..js (node:internal/modules/cjs/loader:1422:10)
2025-04-14 09:49:47:     at Module.load (node:internal/modules/cjs/loader:1203:32)
2025-04-14 09:49:47:     at Module._load (node:internal/modules/cjs/loader:1019:12)
2025-04-14 09:49:47:     at Module.require (node:internal/modules/cjs/loader:1231:19)
2025-04-14 09:49:47:     at Hook._require.Module.require (/nix/store/shfv23xyd45wxv8w4ax04abmvmf1m78w-pm2-5.4.2/lib/node_modules/pm2/node_modules/require-in-the-middle/index.js:101:39)
2025-04-14 09:49:47:     at require (node:internal/modules/helpers:177:18)
2025-04-14 09:49:47:     at Object.<anonymous> (/repo/nodejs/demo-app/app.js:1:1)
2025-04-14 09:49:47:     at Module._compile (node:internal/modules/cjs/loader:1364:14)
2025-04-14 09:52:22: TypeError: Resource is not a constructor
2025-04-14 09:52:22:     at Object.<anonymous> (/repo/nodejs/demo-app/tracing.js:12:13)
2025-04-14 09:52:22:     at Module._compile (node:internal/modules/cjs/loader:1364:14)
2025-04-14 09:52:22:     at Module._extensions..js (node:internal/modules/cjs/loader:1422:10)
2025-04-14 09:52:22:     at Module.load (node:internal/modules/cjs/loader:1203:32)
2025-04-14 09:52:22:     at Module._load (node:internal/modules/cjs/loader:1019:12)
2025-04-14 09:52:22:     at Module.require (node:internal/modules/cjs/loader:1231:19)
2025-04-14 09:52:22:     at Hook._require.Module.require (/nix/store/shfv23xyd45wxv8w4ax04abmvmf1m78w-pm2-5.4.2/lib/node_modules/pm2/node_modules/require-in-the-middle/index.js:101:39)
2025-04-14 09:52:22:     at require (node:internal/modules/helpers:177:18)
2025-04-14 09:52:22:     at Object.<anonymous> (/repo/nodejs/demo-app/app.js:1:1)
2025-04-14 09:52:22:     at Module._compile (node:internal/modules/cjs/loader:1364:14)
2025-04-14 09:52:23: TypeError: Resource is not a constructor
2025-04-14 09:52:23:     at Object.<anonymous> (/repo/nodejs/demo-app/tracing.js:12:13)
2025-04-14 09:52:23:     at Module._compile (node:internal/modules/cjs/loader:1364:14)
2025-04-14 09:52:23:     at Module._extensions..js (node:internal/modules/cjs/loader:1422:10)
2025-04-14 09:52:23:     at Module.load (node:internal/modules/cjs/loader:1203:32)
2025-04-14 09:52:23:     at Module._load (node:internal/modules/cjs/loader:1019:12)
2025-04-14 09:52:23:     at Module.require (node:internal/modules/cjs/loader:1231:19)
2025-04-14 09:52:23:     at Hook._require.Module.require (/nix/store/shfv23xyd45wxv8w4ax04abmvmf1m78w-pm2-5.4.2/lib/node_modules/pm2/node_modules/require-in-the-middle/index.js:101:39)
2025-04-14 09:52:23:     at require (node:internal/modules/helpers:177:18)
2025-04-14 09:52:23:     at Object.<anonymous> (/repo/nodejs/demo-app/app.js:1:1)
2025-04-14 09:52:23:     at Module._compile (node:internal/modules/cjs/loader:1364:14)
2025-04-14 09:52:23: TypeError: Resource is not a constructor
2025-04-14 09:52:23:     at Object.<anonymous> (/repo/nodejs/demo-app/tracing.js:12:13)
2025-04-14 09:52:23:     at Module._compile (node:internal/modules/cjs/loader:1364:14)
2025-04-14 09:52:23:     at Module._extensions..js (node:internal/modules/cjs/loader:1422:10)
2025-04-14 09:52:23:     at Module.load (node:internal/modules/cjs/loader:1203:32)
2025-04-14 09:52:23:     at Module._load (node:internal/modules/cjs/loader:1019:12)
2025-04-14 09:52:23:     at Module.require (node:internal/modules/cjs/loader:1231:19)
2025-04-14 09:52:23:     at Hook._require.Module.require (/nix/store/shfv23xyd45wxv8w4ax04abmvmf1m78w-pm2-5.4.2/lib/node_modules/pm2/node_modules/require-in-the-middle/index.js:101:39)
2025-04-14 09:52:23:     at require (node:internal/modules/helpers:177:18)
2025-04-14 09:52:23:     at Object.<anonymous> (/repo/nodejs/demo-app/app.js:1:1)
2025-04-14 09:52:23:     at Module._compile (node:internal/modules/cjs/loader:1364:14)
2025-04-14 09:52:24: TypeError: Resource is not a constructor
2025-04-14 09:52:24:     at Object.<anonymous> (/repo/nodejs/demo-app/tracing.js:12:13)
2025-04-14 09:52:24:     at Module._compile (node:internal/modules/cjs/loader:1364:14)
2025-04-14 09:52:24:     at Module._extensions..js (node:internal/modules/cjs/loader:1422:10)
2025-04-14 09:52:24:     at Module.load (node:internal/modules/cjs/loader:1203:32)
2025-04-14 09:52:24:     at Module._load (node:internal/modules/cjs/loader:1019:12)
2025-04-14 09:52:24:     at Module.require (node:internal/modules/cjs/loader:1231:19)
2025-04-14 09:52:24:     at Hook._require.Module.require (/nix/store/shfv23xyd45wxv8w4ax04abmvmf1m78w-pm2-5.4.2/lib/node_modules/pm2/node_modules/require-in-the-middle/index.js:101:39)
2025-04-14 09:52:24:     at require (node:internal/modules/helpers:177:18)
2025-04-14 09:52:24:     at Object.<anonymous> (/repo/nodejs/demo-app/app.js:1:1)
2025-04-14 09:52:24:     at Module._compile (node:internal/modules/cjs/loader:1364:14)
2025-04-14 09:52:25: TypeError: Resource is not a constructor
2025-04-14 09:52:25:     at Object.<anonymous> (/repo/nodejs/demo-app/tracing.js:12:13)
2025-04-14 09:52:25:     at Module._compile (node:internal/modules/cjs/loader:1364:14)
2025-04-14 09:52:25:     at Module._extensions..js (node:internal/modules/cjs/loader:1422:10)
2025-04-14 09:52:25:     at Module.load (node:internal/modules/cjs/loader:1203:32)
2025-04-14 09:52:25:     at Module._load (node:internal/modules/cjs/loader:1019:12)
2025-04-14 09:52:25:     at Module.require (node:internal/modules/cjs/loader:1231:19)
2025-04-14 09:52:25:     at Hook._require.Module.require (/nix/store/shfv23xyd45wxv8w4ax04abmvmf1m78w-pm2-5.4.2/lib/node_modules/pm2/node_modules/require-in-the-middle/index.js:101:39)
2025-04-14 09:52:25:     at require (node:internal/modules/helpers:177:18)
2025-04-14 09:52:25:     at Object.<anonymous> (/repo/nodejs/demo-app/app.js:1:1)
2025-04-14 09:52:25:     at Module._compile (node:internal/modules/cjs/loader:1364:14)
2025-04-14 09:52:25: TypeError: Resource is not a constructor
2025-04-14 09:52:25:     at Object.<anonymous> (/repo/nodejs/demo-app/tracing.js:12:13)
2025-04-14 09:52:25:     at Module._compile (node:internal/modules/cjs/loader:1364:14)
2025-04-14 09:52:25:     at Module._extensions..js (node:internal/modules/cjs/loader:1422:10)
2025-04-14 09:52:25:     at Module.load (node:internal/modules/cjs/loader:1203:32)
2025-04-14 09:52:25:     at Module._load (node:internal/modules/cjs/loader:1019:12)
2025-04-14 09:52:25:     at Module.require (node:internal/modules/cjs/loader:1231:19)
2025-04-14 09:52:25:     at Hook._require.Module.require (/nix/store/shfv23xyd45wxv8w4ax04abmvmf1m78w-pm2-5.4.2/lib/node_modules/pm2/node_modules/require-in-the-middle/index.js:101:39)
2025-04-14 09:52:25:     at require (node:internal/modules/helpers:177:18)
2025-04-14 09:52:25:     at Object.<anonymous> (/repo/nodejs/demo-app/app.js:1:1)
2025-04-14 09:52:25:     at Module._compile (node:internal/modules/cjs/loader:1364:14)
2025-04-14 09:52:25: TypeError: Resource is not a constructor
2025-04-14 09:52:25:     at Object.<anonymous> (/repo/nodejs/demo-app/tracing.js:12:13)
2025-04-14 09:52:25:     at Module._compile (node:internal/modules/cjs/loader:1364:14)
2025-04-14 09:52:25:     at Module._extensions..js (node:internal/modules/cjs/loader:1422:10)
2025-04-14 09:52:25:     at Module.load (node:internal/modules/cjs/loader:1203:32)
2025-04-14 09:52:25:     at Module._load (node:internal/modules/cjs/loader:1019:12)
2025-04-14 09:52:25:     at Module.require (node:internal/modules/cjs/loader:1231:19)
2025-04-14 09:52:25:     at Hook._require.Module.require (/nix/store/shfv23xyd45wxv8w4ax04abmvmf1m78w-pm2-5.4.2/lib/node_modules/pm2/node_modules/require-in-the-middle/index.js:101:39)
2025-04-14 09:52:25:     at require (node:internal/modules/helpers:177:18)
2025-04-14 09:52:25:     at Object.<anonymous> (/repo/nodejs/demo-app/app.js:1:1)
2025-04-14 09:52:25:     at Module._compile (node:internal/modules/cjs/loader:1364:14)
2025-04-14 09:52:26: TypeError: Resource is not a constructor
2025-04-14 09:52:26:     at Object.<anonymous> (/repo/nodejs/demo-app/tracing.js:12:13)
2025-04-14 09:52:26:     at Module._compile (node:internal/modules/cjs/loader:1364:14)
2025-04-14 09:52:26:     at Module._extensions..js (node:internal/modules/cjs/loader:1422:10)
2025-04-14 09:52:26:     at Module.load (node:internal/modules/cjs/loader:1203:32)
2025-04-14 09:52:26:     at Module._load (node:internal/modules/cjs/loader:1019:12)
2025-04-14 09:52:26:     at Module.require (node:internal/modules/cjs/loader:1231:19)
2025-04-14 09:52:26:     at Hook._require.Module.require (/nix/store/shfv23xyd45wxv8w4ax04abmvmf1m78w-pm2-5.4.2/lib/node_modules/pm2/node_modules/require-in-the-middle/index.js:101:39)
2025-04-14 09:52:26:     at require (node:internal/modules/helpers:177:18)
2025-04-14 09:52:26:     at Object.<anonymous> (/repo/nodejs/demo-app/app.js:1:1)
2025-04-14 09:52:26:     at Module._compile (node:internal/modules/cjs/loader:1364:14)
2025-04-14 09:52:26: TypeError: Resource is not a constructor
2025-04-14 09:52:26:     at Object.<anonymous> (/repo/nodejs/demo-app/tracing.js:12:13)
2025-04-14 09:52:26:     at Module._compile (node:internal/modules/cjs/loader:1364:14)
2025-04-14 09:52:26:     at Module._extensions..js (node:internal/modules/cjs/loader:1422:10)
2025-04-14 09:52:26:     at Module.load (node:internal/modules/cjs/loader:1203:32)
2025-04-14 09:52:26:     at Module._load (node:internal/modules/cjs/loader:1019:12)
2025-04-14 09:52:26:     at Module.require (node:internal/modules/cjs/loader:1231:19)
2025-04-14 09:52:26:     at Hook._require.Module.require (/nix/store/shfv23xyd45wxv8w4ax04abmvmf1m78w-pm2-5.4.2/lib/node_modules/pm2/node_modules/require-in-the-middle/index.js:101:39)
2025-04-14 09:52:26:     at require (node:internal/modules/helpers:177:18)
2025-04-14 09:52:26:     at Object.<anonymous> (/repo/nodejs/demo-app/app.js:1:1)
2025-04-14 09:52:26:     at Module._compile (node:internal/modules/cjs/loader:1364:14)
2025-04-14 09:52:27: TypeError: Resource is not a constructor
2025-04-14 09:52:27:     at Object.<anonymous> (/repo/nodejs/demo-app/tracing.js:12:13)
2025-04-14 09:52:27:     at Module._compile (node:internal/modules/cjs/loader:1364:14)
2025-04-14 09:52:27:     at Module._extensions..js (node:internal/modules/cjs/loader:1422:10)
2025-04-14 09:52:27:     at Module.load (node:internal/modules/cjs/loader:1203:32)
2025-04-14 09:52:27:     at Module._load (node:internal/modules/cjs/loader:1019:12)
2025-04-14 09:52:27:     at Module.require (node:internal/modules/cjs/loader:1231:19)
2025-04-14 09:52:27:     at Hook._require.Module.require (/nix/store/shfv23xyd45wxv8w4ax04abmvmf1m78w-pm2-5.4.2/lib/node_modules/pm2/node_modules/require-in-the-middle/index.js:101:39)
2025-04-14 09:52:27:     at require (node:internal/modules/helpers:177:18)
2025-04-14 09:52:27:     at Object.<anonymous> (/repo/nodejs/demo-app/app.js:1:1)
2025-04-14 09:52:27:     at Module._compile (node:internal/modules/cjs/loader:1364:14)
2025-04-14 09:52:27: TypeError: Resource is not a constructor
2025-04-14 09:52:27:     at Object.<anonymous> (/repo/nodejs/demo-app/tracing.js:12:13)
2025-04-14 09:52:27:     at Module._compile (node:internal/modules/cjs/loader:1364:14)
2025-04-14 09:52:27:     at Module._extensions..js (node:internal/modules/cjs/loader:1422:10)
2025-04-14 09:52:27:     at Module.load (node:internal/modules/cjs/loader:1203:32)
2025-04-14 09:52:27:     at Module._load (node:internal/modules/cjs/loader:1019:12)
2025-04-14 09:52:27:     at Module.require (node:internal/modules/cjs/loader:1231:19)
2025-04-14 09:52:27:     at Hook._require.Module.require (/nix/store/shfv23xyd45wxv8w4ax04abmvmf1m78w-pm2-5.4.2/lib/node_modules/pm2/node_modules/require-in-the-middle/index.js:101:39)
2025-04-14 09:52:27:     at require (node:internal/modules/helpers:177:18)
2025-04-14 09:52:27:     at Object.<anonymous> (/repo/nodejs/demo-app/app.js:1:1)
2025-04-14 09:52:27:     at Module._compile (node:internal/modules/cjs/loader:1364:14)
2025-04-14 09:52:28: TypeError: Resource is not a constructor
2025-04-14 09:52:28:     at Object.<anonymous> (/repo/nodejs/demo-app/tracing.js:12:13)
2025-04-14 09:52:28:     at Module._compile (node:internal/modules/cjs/loader:1364:14)
2025-04-14 09:52:28:     at Module._extensions..js (node:internal/modules/cjs/loader:1422:10)
2025-04-14 09:52:28:     at Module.load (node:internal/modules/cjs/loader:1203:32)
2025-04-14 09:52:28:     at Module._load (node:internal/modules/cjs/loader:1019:12)
2025-04-14 09:52:28:     at Module.require (node:internal/modules/cjs/loader:1231:19)
2025-04-14 09:52:28:     at Hook._require.Module.require (/nix/store/shfv23xyd45wxv8w4ax04abmvmf1m78w-pm2-5.4.2/lib/node_modules/pm2/node_modules/require-in-the-middle/index.js:101:39)
2025-04-14 09:52:28:     at require (node:internal/modules/helpers:177:18)
2025-04-14 09:52:28:     at Object.<anonymous> (/repo/nodejs/demo-app/app.js:1:1)
2025-04-14 09:52:28:     at Module._compile (node:internal/modules/cjs/loader:1364:14)
2025-04-14 09:52:29: TypeError: Resource is not a constructor
2025-04-14 09:52:29:     at Object.<anonymous> (/repo/nodejs/demo-app/tracing.js:12:13)
2025-04-14 09:52:29:     at Module._compile (node:internal/modules/cjs/loader:1364:14)
2025-04-14 09:52:29:     at Module._extensions..js (node:internal/modules/cjs/loader:1422:10)
2025-04-14 09:52:29:     at Module.load (node:internal/modules/cjs/loader:1203:32)
2025-04-14 09:52:29:     at Module._load (node:internal/modules/cjs/loader:1019:12)
2025-04-14 09:52:29:     at Module.require (node:internal/modules/cjs/loader:1231:19)
2025-04-14 09:52:29:     at Hook._require.Module.require (/nix/store/shfv23xyd45wxv8w4ax04abmvmf1m78w-pm2-5.4.2/lib/node_modules/pm2/node_modules/require-in-the-middle/index.js:101:39)
2025-04-14 09:52:29:     at require (node:internal/modules/helpers:177:18)
2025-04-14 09:52:29:     at Object.<anonymous> (/repo/nodejs/demo-app/app.js:1:1)
2025-04-14 09:52:29:     at Module._compile (node:internal/modules/cjs/loader:1364:14)
2025-04-14 09:52:31: TypeError: Resource is not a constructor
2025-04-14 09:52:31:     at Object.<anonymous> (/repo/nodejs/demo-app/app.js:15:13)
2025-04-14 09:52:31:     at Module._compile (node:internal/modules/cjs/loader:1364:14)
2025-04-14 09:52:31:     at Module._extensions..js (node:internal/modules/cjs/loader:1422:10)
2025-04-14 09:52:31:     at Module.load (node:internal/modules/cjs/loader:1203:32)
2025-04-14 09:52:31:     at Module._load (node:internal/modules/cjs/loader:1019:12)
2025-04-14 09:52:31:     at Object.<anonymous> (/nix/store/shfv23xyd45wxv8w4ax04abmvmf1m78w-pm2-5.4.2/lib/node_modules/pm2/lib/ProcessContainerFork.js:33:23)
2025-04-14 09:52:31:     at Module._compile (node:internal/modules/cjs/loader:1364:14)
2025-04-14 09:52:31:     at Module._extensions..js (node:internal/modules/cjs/loader:1422:10)
2025-04-14 09:52:31:     at Module.load (node:internal/modules/cjs/loader:1203:32)
2025-04-14 09:52:31:     at Module._load (node:internal/modules/cjs/loader:1019:12)
2025-04-14 09:52:32: TypeError: Resource is not a constructor
2025-04-14 09:52:32:     at Object.<anonymous> (/repo/nodejs/demo-app/app.js:15:13)
2025-04-14 09:52:32:     at Module._compile (node:internal/modules/cjs/loader:1364:14)
2025-04-14 09:52:32:     at Module._extensions..js (node:internal/modules/cjs/loader:1422:10)
2025-04-14 09:52:32:     at Module.load (node:internal/modules/cjs/loader:1203:32)
2025-04-14 09:52:32:     at Module._load (node:internal/modules/cjs/loader:1019:12)
2025-04-14 09:52:32:     at Object.<anonymous> (/nix/store/shfv23xyd45wxv8w4ax04abmvmf1m78w-pm2-5.4.2/lib/node_modules/pm2/lib/ProcessContainerFork.js:33:23)
2025-04-14 09:52:32:     at Module._compile (node:internal/modules/cjs/loader:1364:14)
2025-04-14 09:52:32:     at Module._extensions..js (node:internal/modules/cjs/loader:1422:10)
2025-04-14 09:52:32:     at Module.load (node:internal/modules/cjs/loader:1203:32)
2025-04-14 09:52:32:     at Module._load (node:internal/modules/cjs/loader:1019:12)
2025-04-14 09:52:33: TypeError: Resource is not a constructor
2025-04-14 09:52:33:     at Object.<anonymous> (/repo/nodejs/demo-app/app.js:15:13)
2025-04-14 09:52:33:     at Module._compile (node:internal/modules/cjs/loader:1364:14)
2025-04-14 09:52:33:     at Module._extensions..js (node:internal/modules/cjs/loader:1422:10)
2025-04-14 09:52:33:     at Module.load (node:internal/modules/cjs/loader:1203:32)
2025-04-14 09:52:33:     at Module._load (node:internal/modules/cjs/loader:1019:12)
2025-04-14 09:52:33:     at Object.<anonymous> (/nix/store/shfv23xyd45wxv8w4ax04abmvmf1m78w-pm2-5.4.2/lib/node_modules/pm2/lib/ProcessContainerFork.js:33:23)
2025-04-14 09:52:33:     at Module._compile (node:internal/modules/cjs/loader:1364:14)
2025-04-14 09:52:33:     at Module._extensions..js (node:internal/modules/cjs/loader:1422:10)
2025-04-14 09:52:33:     at Module.load (node:internal/modules/cjs/loader:1203:32)
2025-04-14 09:52:33:     at Module._load (node:internal/modules/cjs/loader:1019:12)
2025-04-14 09:52:34: TypeError: Resource is not a constructor
2025-04-14 09:52:34:     at Object.<anonymous> (/repo/nodejs/demo-app/app.js:15:13)
2025-04-14 09:52:34:     at Module._compile (node:internal/modules/cjs/loader:1364:14)
2025-04-14 09:52:34:     at Module._extensions..js (node:internal/modules/cjs/loader:1422:10)
2025-04-14 09:52:34:     at Module.load (node:internal/modules/cjs/loader:1203:32)
2025-04-14 09:52:34:     at Module._load (node:internal/modules/cjs/loader:1019:12)
2025-04-14 09:52:34:     at Object.<anonymous> (/nix/store/shfv23xyd45wxv8w4ax04abmvmf1m78w-pm2-5.4.2/lib/node_modules/pm2/lib/ProcessContainerFork.js:33:23)
2025-04-14 09:52:34:     at Module._compile (node:internal/modules/cjs/loader:1364:14)
2025-04-14 09:52:34:     at Module._extensions..js (node:internal/modules/cjs/loader:1422:10)
2025-04-14 09:52:34:     at Module.load (node:internal/modules/cjs/loader:1203:32)
2025-04-14 09:52:34:     at Module._load (node:internal/modules/cjs/loader:1019:12)
2025-04-14 09:52:34: TypeError: Resource is not a constructor
2025-04-14 09:52:34:     at Object.<anonymous> (/repo/nodejs/demo-app/app.js:15:13)
2025-04-14 09:52:34:     at Module._compile (node:internal/modules/cjs/loader:1364:14)
2025-04-14 09:52:34:     at Module._extensions..js (node:internal/modules/cjs/loader:1422:10)
2025-04-14 09:52:34:     at Module.load (node:internal/modules/cjs/loader:1203:32)
2025-04-14 09:52:34:     at Module._load (node:internal/modules/cjs/loader:1019:12)
2025-04-14 09:52:34:     at Object.<anonymous> (/nix/store/shfv23xyd45wxv8w4ax04abmvmf1m78w-pm2-5.4.2/lib/node_modules/pm2/lib/ProcessContainerFork.js:33:23)
2025-04-14 09:52:34:     at Module._compile (node:internal/modules/cjs/loader:1364:14)
2025-04-14 09:52:34:     at Module._extensions..js (node:internal/modules/cjs/loader:1422:10)
2025-04-14 09:52:34:     at Module.load (node:internal/modules/cjs/loader:1203:32)
2025-04-14 09:52:34:     at Module._load (node:internal/modules/cjs/loader:1019:12)
2025-04-14 09:52:34: TypeError: Resource is not a constructor
2025-04-14 09:52:34:     at Object.<anonymous> (/repo/nodejs/demo-app/app.js:15:13)
2025-04-14 09:52:34:     at Module._compile (node:internal/modules/cjs/loader:1364:14)
2025-04-14 09:52:34:     at Module._extensions..js (node:internal/modules/cjs/loader:1422:10)
2025-04-14 09:52:34:     at Module.load (node:internal/modules/cjs/loader:1203:32)
2025-04-14 09:52:34:     at Module._load (node:internal/modules/cjs/loader:1019:12)
2025-04-14 09:52:34:     at Object.<anonymous> (/nix/store/shfv23xyd45wxv8w4ax04abmvmf1m78w-pm2-5.4.2/lib/node_modules/pm2/lib/ProcessContainerFork.js:33:23)
2025-04-14 09:52:34:     at Module._compile (node:internal/modules/cjs/loader:1364:14)
2025-04-14 09:52:34:     at Module._extensions..js (node:internal/modules/cjs/loader:1422:10)
2025-04-14 09:52:34:     at Module.load (node:internal/modules/cjs/loader:1203:32)
2025-04-14 09:52:34:     at Module._load (node:internal/modules/cjs/loader:1019:12)
2025-04-14 09:52:35: TypeError: Resource is not a constructor
2025-04-14 09:52:35:     at Object.<anonymous> (/repo/nodejs/demo-app/app.js:15:13)
2025-04-14 09:52:35:     at Module._compile (node:internal/modules/cjs/loader:1364:14)
2025-04-14 09:52:35:     at Module._extensions..js (node:internal/modules/cjs/loader:1422:10)
2025-04-14 09:52:35:     at Module.load (node:internal/modules/cjs/loader:1203:32)
2025-04-14 09:52:35:     at Module._load (node:internal/modules/cjs/loader:1019:12)
2025-04-14 09:52:35:     at Object.<anonymous> (/nix/store/shfv23xyd45wxv8w4ax04abmvmf1m78w-pm2-5.4.2/lib/node_modules/pm2/lib/ProcessContainerFork.js:33:23)
2025-04-14 09:52:35:     at Module._compile (node:internal/modules/cjs/loader:1364:14)
2025-04-14 09:52:35:     at Module._extensions..js (node:internal/modules/cjs/loader:1422:10)
2025-04-14 09:52:35:     at Module.load (node:internal/modules/cjs/loader:1203:32)
2025-04-14 09:52:35:     at Module._load (node:internal/modules/cjs/loader:1019:12)
2025-04-14 09:52:35: TypeError: Resource is not a constructor
2025-04-14 09:52:35:     at Object.<anonymous> (/repo/nodejs/demo-app/app.js:15:13)
2025-04-14 09:52:35:     at Module._compile (node:internal/modules/cjs/loader:1364:14)
2025-04-14 09:52:35:     at Module._extensions..js (node:internal/modules/cjs/loader:1422:10)
2025-04-14 09:52:35:     at Module.load (node:internal/modules/cjs/loader:1203:32)
2025-04-14 09:52:35:     at Module._load (node:internal/modules/cjs/loader:1019:12)
2025-04-14 09:52:35:     at Object.<anonymous> (/nix/store/shfv23xyd45wxv8w4ax04abmvmf1m78w-pm2-5.4.2/lib/node_modules/pm2/lib/ProcessContainerFork.js:33:23)
2025-04-14 09:52:35:     at Module._compile (node:internal/modules/cjs/loader:1364:14)
2025-04-14 09:52:35:     at Module._extensions..js (node:internal/modules/cjs/loader:1422:10)
2025-04-14 09:52:35:     at Module.load (node:internal/modules/cjs/loader:1203:32)
2025-04-14 09:52:35:     at Module._load (node:internal/modules/cjs/loader:1019:12)
2025-04-14 09:52:36: TypeError: Resource is not a constructor
2025-04-14 09:52:36:     at Object.<anonymous> (/repo/nodejs/demo-app/app.js:15:13)
2025-04-14 09:52:36:     at Module._compile (node:internal/modules/cjs/loader:1364:14)
2025-04-14 09:52:36:     at Module._extensions..js (node:internal/modules/cjs/loader:1422:10)
2025-04-14 09:52:36:     at Module.load (node:internal/modules/cjs/loader:1203:32)
2025-04-14 09:52:36:     at Module._load (node:internal/modules/cjs/loader:1019:12)
2025-04-14 09:52:36:     at Object.<anonymous> (/nix/store/shfv23xyd45wxv8w4ax04abmvmf1m78w-pm2-5.4.2/lib/node_modules/pm2/lib/ProcessContainerFork.js:33:23)
2025-04-14 09:52:36:     at Module._compile (node:internal/modules/cjs/loader:1364:14)
2025-04-14 09:52:36:     at Module._extensions..js (node:internal/modules/cjs/loader:1422:10)
2025-04-14 09:52:36:     at Module.load (node:internal/modules/cjs/loader:1203:32)
2025-04-14 09:52:36:     at Module._load (node:internal/modules/cjs/loader:1019:12)
2025-04-14 09:52:36: TypeError: Resource is not a constructor
2025-04-14 09:52:36:     at Object.<anonymous> (/repo/nodejs/demo-app/app.js:15:13)
2025-04-14 09:52:36:     at Module._compile (node:internal/modules/cjs/loader:1364:14)
2025-04-14 09:52:36:     at Module._extensions..js (node:internal/modules/cjs/loader:1422:10)
2025-04-14 09:52:36:     at Module.load (node:internal/modules/cjs/loader:1203:32)
2025-04-14 09:52:36:     at Module._load (node:internal/modules/cjs/loader:1019:12)
2025-04-14 09:52:36:     at Object.<anonymous> (/nix/store/shfv23xyd45wxv8w4ax04abmvmf1m78w-pm2-5.4.2/lib/node_modules/pm2/lib/ProcessContainerFork.js:33:23)
2025-04-14 09:52:36:     at Module._compile (node:internal/modules/cjs/loader:1364:14)
2025-04-14 09:52:36:     at Module._extensions..js (node:internal/modules/cjs/loader:1422:10)
2025-04-14 09:52:36:     at Module.load (node:internal/modules/cjs/loader:1203:32)
2025-04-14 09:52:36:     at Module._load (node:internal/modules/cjs/loader:1019:12)
2025-04-14 09:52:36: TypeError: Resource is not a constructor
2025-04-14 09:52:36:     at Object.<anonymous> (/repo/nodejs/demo-app/app.js:15:13)
2025-04-14 09:52:36:     at Module._compile (node:internal/modules/cjs/loader:1364:14)
2025-04-14 09:52:36:     at Module._extensions..js (node:internal/modules/cjs/loader:1422:10)
2025-04-14 09:52:36:     at Module.load (node:internal/modules/cjs/loader:1203:32)
2025-04-14 09:52:36:     at Module._load (node:internal/modules/cjs/loader:1019:12)
2025-04-14 09:52:36:     at Object.<anonymous> (/nix/store/shfv23xyd45wxv8w4ax04abmvmf1m78w-pm2-5.4.2/lib/node_modules/pm2/lib/ProcessContainerFork.js:33:23)
2025-04-14 09:52:36:     at Module._compile (node:internal/modules/cjs/loader:1364:14)
2025-04-14 09:52:36:     at Module._extensions..js (node:internal/modules/cjs/loader:1422:10)
2025-04-14 09:52:36:     at Module.load (node:internal/modules/cjs/loader:1203:32)
2025-04-14 09:52:36:     at Module._load (node:internal/modules/cjs/loader:1019:12)
2025-04-14 09:52:37: TypeError: Resource is not a constructor
2025-04-14 09:52:37:     at Object.<anonymous> (/repo/nodejs/demo-app/app.js:15:13)
2025-04-14 09:52:37:     at Module._compile (node:internal/modules/cjs/loader:1364:14)
2025-04-14 09:52:37:     at Module._extensions..js (node:internal/modules/cjs/loader:1422:10)
2025-04-14 09:52:37:     at Module.load (node:internal/modules/cjs/loader:1203:32)
2025-04-14 09:52:37:     at Module._load (node:internal/modules/cjs/loader:1019:12)
2025-04-14 09:52:37:     at Object.<anonymous> (/nix/store/shfv23xyd45wxv8w4ax04abmvmf1m78w-pm2-5.4.2/lib/node_modules/pm2/lib/ProcessContainerFork.js:33:23)
2025-04-14 09:52:37:     at Module._compile (node:internal/modules/cjs/loader:1364:14)
2025-04-14 09:52:37:     at Module._extensions..js (node:internal/modules/cjs/loader:1422:10)
2025-04-14 09:52:37:     at Module.load (node:internal/modules/cjs/loader:1203:32)
2025-04-14 09:52:37:     at Module._load (node:internal/modules/cjs/loader:1019:12)
2025-04-14 09:52:37: TypeError: Resource is not a constructor
2025-04-14 09:52:37:     at Object.<anonymous> (/repo/nodejs/demo-app/app.js:15:13)
2025-04-14 09:52:37:     at Module._compile (node:internal/modules/cjs/loader:1364:14)
2025-04-14 09:52:37:     at Module._extensions..js (node:internal/modules/cjs/loader:1422:10)
2025-04-14 09:52:37:     at Module.load (node:internal/modules/cjs/loader:1203:32)
2025-04-14 09:52:37:     at Module._load (node:internal/modules/cjs/loader:1019:12)
2025-04-14 09:52:37:     at Object.<anonymous> (/nix/store/shfv23xyd45wxv8w4ax04abmvmf1m78w-pm2-5.4.2/lib/node_modules/pm2/lib/ProcessContainerFork.js:33:23)
2025-04-14 09:52:37:     at Module._compile (node:internal/modules/cjs/loader:1364:14)
2025-04-14 09:52:37:     at Module._extensions..js (node:internal/modules/cjs/loader:1422:10)
2025-04-14 09:52:37:     at Module.load (node:internal/modules/cjs/loader:1203:32)
2025-04-14 09:52:37:     at Module._load (node:internal/modules/cjs/loader:1019:12)
2025-04-14 09:52:37: TypeError: Resource is not a constructor
2025-04-14 09:52:37:     at Object.<anonymous> (/repo/nodejs/demo-app/app.js:15:13)
2025-04-14 09:52:37:     at Module._compile (node:internal/modules/cjs/loader:1364:14)
2025-04-14 09:52:37:     at Module._extensions..js (node:internal/modules/cjs/loader:1422:10)
2025-04-14 09:52:37:     at Module.load (node:internal/modules/cjs/loader:1203:32)
2025-04-14 09:52:37:     at Module._load (node:internal/modules/cjs/loader:1019:12)
2025-04-14 09:52:37:     at Object.<anonymous> (/nix/store/shfv23xyd45wxv8w4ax04abmvmf1m78w-pm2-5.4.2/lib/node_modules/pm2/lib/ProcessContainerFork.js:33:23)
2025-04-14 09:52:37:     at Module._compile (node:internal/modules/cjs/loader:1364:14)
2025-04-14 09:52:37:     at Module._extensions..js (node:internal/modules/cjs/loader:1422:10)
2025-04-14 09:52:37:     at Module.load (node:internal/modules/cjs/loader:1203:32)
2025-04-14 09:52:37:     at Module._load (node:internal/modules/cjs/loader:1019:12)
2025-04-14 09:52:38: TypeError: Resource is not a constructor
2025-04-14 09:52:38:     at Object.<anonymous> (/repo/nodejs/demo-app/app.js:15:13)
2025-04-14 09:52:38:     at Module._compile (node:internal/modules/cjs/loader:1364:14)
2025-04-14 09:52:38:     at Module._extensions..js (node:internal/modules/cjs/loader:1422:10)
2025-04-14 09:52:38:     at Module.load (node:internal/modules/cjs/loader:1203:32)
2025-04-14 09:52:38:     at Module._load (node:internal/modules/cjs/loader:1019:12)
2025-04-14 09:52:38:     at Object.<anonymous> (/nix/store/shfv23xyd45wxv8w4ax04abmvmf1m78w-pm2-5.4.2/lib/node_modules/pm2/lib/ProcessContainerFork.js:33:23)
2025-04-14 09:52:38:     at Module._compile (node:internal/modules/cjs/loader:1364:14)
2025-04-14 09:52:38:     at Module._extensions..js (node:internal/modules/cjs/loader:1422:10)
2025-04-14 09:52:38:     at Module.load (node:internal/modules/cjs/loader:1203:32)
2025-04-14 09:52:38:     at Module._load (node:internal/modules/cjs/loader:1019:12)
2025-04-14 09:52:38: TypeError: Resource is not a constructor
2025-04-14 09:52:38:     at Object.<anonymous> (/repo/nodejs/demo-app/app.js:15:13)
2025-04-14 09:52:38:     at Module._compile (node:internal/modules/cjs/loader:1364:14)
2025-04-14 09:52:38:     at Module._extensions..js (node:internal/modules/cjs/loader:1422:10)
2025-04-14 09:52:38:     at Module.load (node:internal/modules/cjs/loader:1203:32)
2025-04-14 09:52:38:     at Module._load (node:internal/modules/cjs/loader:1019:12)
2025-04-14 09:52:38:     at Object.<anonymous> (/nix/store/shfv23xyd45wxv8w4ax04abmvmf1m78w-pm2-5.4.2/lib/node_modules/pm2/lib/ProcessContainerFork.js:33:23)
2025-04-14 09:52:38:     at Module._compile (node:internal/modules/cjs/loader:1364:14)
2025-04-14 09:52:38:     at Module._extensions..js (node:internal/modules/cjs/loader:1422:10)
2025-04-14 09:52:38:     at Module.load (node:internal/modules/cjs/loader:1203:32)
2025-04-14 09:52:38:     at Module._load (node:internal/modules/cjs/loader:1019:12)
2025-04-14 09:52:38: TypeError: Resource is not a constructor
2025-04-14 09:52:38:     at Object.<anonymous> (/repo/nodejs/demo-app/app.js:15:13)
2025-04-14 09:52:38:     at Module._compile (node:internal/modules/cjs/loader:1364:14)
2025-04-14 09:52:38:     at Module._extensions..js (node:internal/modules/cjs/loader:1422:10)
2025-04-14 09:52:38:     at Module.load (node:internal/modules/cjs/loader:1203:32)
2025-04-14 09:52:38:     at Module._load (node:internal/modules/cjs/loader:1019:12)
2025-04-14 09:52:38:     at Object.<anonymous> (/nix/store/shfv23xyd45wxv8w4ax04abmvmf1m78w-pm2-5.4.2/lib/node_modules/pm2/lib/ProcessContainerFork.js:33:23)
2025-04-14 09:52:38:     at Module._compile (node:internal/modules/cjs/loader:1364:14)
2025-04-14 09:52:38:     at Module._extensions..js (node:internal/modules/cjs/loader:1422:10)
2025-04-14 09:52:38:     at Module.load (node:internal/modules/cjs/loader:1203:32)
2025-04-14 09:52:38:     at Module._load (node:internal/modules/cjs/loader:1019:12)
2025-04-14 09:53:12: TypeError: Resource is not a constructor
2025-04-14 09:53:12:     at Object.<anonymous> (/repo/nodejs/demo-app/app.js:15:13)
2025-04-14 09:53:12:     at Module._compile (node:internal/modules/cjs/loader:1364:14)
2025-04-14 09:53:12:     at Module._extensions..js (node:internal/modules/cjs/loader:1422:10)
2025-04-14 09:53:12:     at Module.load (node:internal/modules/cjs/loader:1203:32)
2025-04-14 09:53:12:     at Module._load (node:internal/modules/cjs/loader:1019:12)
2025-04-14 09:53:12:     at Object.<anonymous> (/nix/store/shfv23xyd45wxv8w4ax04abmvmf1m78w-pm2-5.4.2/lib/node_modules/pm2/lib/ProcessContainerFork.js:33:23)
2025-04-14 09:53:12:     at Module._compile (node:internal/modules/cjs/loader:1364:14)
2025-04-14 09:53:12:     at Module._extensions..js (node:internal/modules/cjs/loader:1422:10)
2025-04-14 09:53:12:     at Module.load (node:internal/modules/cjs/loader:1203:32)
2025-04-14 09:53:12:     at Module._load (node:internal/modules/cjs/loader:1019:12)
2025-04-14 09:53:13: TypeError: Resource is not a constructor
2025-04-14 09:53:13:     at Object.<anonymous> (/repo/nodejs/demo-app/app.js:15:13)
2025-04-14 09:53:13:     at Module._compile (node:internal/modules/cjs/loader:1364:14)
2025-04-14 09:53:13:     at Module._extensions..js (node:internal/modules/cjs/loader:1422:10)
2025-04-14 09:53:13:     at Module.load (node:internal/modules/cjs/loader:1203:32)
2025-04-14 09:53:13:     at Module._load (node:internal/modules/cjs/loader:1019:12)
2025-04-14 09:53:13:     at Object.<anonymous> (/nix/store/shfv23xyd45wxv8w4ax04abmvmf1m78w-pm2-5.4.2/lib/node_modules/pm2/lib/ProcessContainerFork.js:33:23)
2025-04-14 09:53:13:     at Module._compile (node:internal/modules/cjs/loader:1364:14)
2025-04-14 09:53:13:     at Module._extensions..js (node:internal/modules/cjs/loader:1422:10)
2025-04-14 09:53:13:     at Module.load (node:internal/modules/cjs/loader:1203:32)
2025-04-14 09:53:13:     at Module._load (node:internal/modules/cjs/loader:1019:12)
2025-04-14 09:53:13: TypeError: Resource is not a constructor
2025-04-14 09:53:13:     at Object.<anonymous> (/repo/nodejs/demo-app/app.js:15:13)
2025-04-14 09:53:13:     at Module._compile (node:internal/modules/cjs/loader:1364:14)
2025-04-14 09:53:13:     at Module._extensions..js (node:internal/modules/cjs/loader:1422:10)
2025-04-14 09:53:13:     at Module.load (node:internal/modules/cjs/loader:1203:32)
2025-04-14 09:53:13:     at Module._load (node:internal/modules/cjs/loader:1019:12)
2025-04-14 09:53:13:     at Object.<anonymous> (/nix/store/shfv23xyd45wxv8w4ax04abmvmf1m78w-pm2-5.4.2/lib/node_modules/pm2/lib/ProcessContainerFork.js:33:23)
2025-04-14 09:53:13:     at Module._compile (node:internal/modules/cjs/loader:1364:14)
2025-04-14 09:53:13:     at Module._extensions..js (node:internal/modules/cjs/loader:1422:10)
2025-04-14 09:53:13:     at Module.load (node:internal/modules/cjs/loader:1203:32)
2025-04-14 09:53:13:     at Module._load (node:internal/modules/cjs/loader:1019:12)
2025-04-14 09:53:13: TypeError: Resource is not a constructor
2025-04-14 09:53:13:     at Object.<anonymous> (/repo/nodejs/demo-app/app.js:15:13)
2025-04-14 09:53:13:     at Module._compile (node:internal/modules/cjs/loader:1364:14)
2025-04-14 09:53:13:     at Module._extensions..js (node:internal/modules/cjs/loader:1422:10)
2025-04-14 09:53:13:     at Module.load (node:internal/modules/cjs/loader:1203:32)
2025-04-14 09:53:13:     at Module._load (node:internal/modules/cjs/loader:1019:12)
2025-04-14 09:53:13:     at Object.<anonymous> (/nix/store/shfv23xyd45wxv8w4ax04abmvmf1m78w-pm2-5.4.2/lib/node_modules/pm2/lib/ProcessContainerFork.js:33:23)
2025-04-14 09:53:13:     at Module._compile (node:internal/modules/cjs/loader:1364:14)
2025-04-14 09:53:13:     at Module._extensions..js (node:internal/modules/cjs/loader:1422:10)
2025-04-14 09:53:13:     at Module.load (node:internal/modules/cjs/loader:1203:32)
2025-04-14 09:53:13:     at Module._load (node:internal/modules/cjs/loader:1019:12)
2025-04-14 09:53:14: TypeError: Resource is not a constructor
2025-04-14 09:53:14:     at Object.<anonymous> (/repo/nodejs/demo-app/app.js:15:13)
2025-04-14 09:53:14:     at Module._compile (node:internal/modules/cjs/loader:1364:14)
2025-04-14 09:53:14:     at Module._extensions..js (node:internal/modules/cjs/loader:1422:10)
2025-04-14 09:53:14:     at Module.load (node:internal/modules/cjs/loader:1203:32)
2025-04-14 09:53:14:     at Module._load (node:internal/modules/cjs/loader:1019:12)
2025-04-14 09:53:14:     at Object.<anonymous> (/nix/store/shfv23xyd45wxv8w4ax04abmvmf1m78w-pm2-5.4.2/lib/node_modules/pm2/lib/ProcessContainerFork.js:33:23)
2025-04-14 09:53:14:     at Module._compile (node:internal/modules/cjs/loader:1364:14)
2025-04-14 09:53:14:     at Module._extensions..js (node:internal/modules/cjs/loader:1422:10)
2025-04-14 09:53:14:     at Module.load (node:internal/modules/cjs/loader:1203:32)
2025-04-14 09:53:14:     at Module._load (node:internal/modules/cjs/loader:1019:12)
2025-04-14 09:53:14: TypeError: Resource is not a constructor
2025-04-14 09:53:14:     at Object.<anonymous> (/repo/nodejs/demo-app/app.js:15:13)
2025-04-14 09:53:14:     at Module._compile (node:internal/modules/cjs/loader:1364:14)
2025-04-14 09:53:14:     at Module._extensions..js (node:internal/modules/cjs/loader:1422:10)
2025-04-14 09:53:14:     at Module.load (node:internal/modules/cjs/loader:1203:32)
2025-04-14 09:53:14:     at Module._load (node:internal/modules/cjs/loader:1019:12)
2025-04-14 09:53:14:     at Object.<anonymous> (/nix/store/shfv23xyd45wxv8w4ax04abmvmf1m78w-pm2-5.4.2/lib/node_modules/pm2/lib/ProcessContainerFork.js:33:23)
2025-04-14 09:53:14:     at Module._compile (node:internal/modules/cjs/loader:1364:14)
2025-04-14 09:53:14:     at Module._extensions..js (node:internal/modules/cjs/loader:1422:10)
2025-04-14 09:53:14:     at Module.load (node:internal/modules/cjs/loader:1203:32)
2025-04-14 09:53:14:     at Module._load (node:internal/modules/cjs/loader:1019:12)
2025-04-14 09:53:15: TypeError: Resource is not a constructor
2025-04-14 09:53:15:     at Object.<anonymous> (/repo/nodejs/demo-app/app.js:15:13)
2025-04-14 09:53:15:     at Module._compile (node:internal/modules/cjs/loader:1364:14)
2025-04-14 09:53:15:     at Module._extensions..js (node:internal/modules/cjs/loader:1422:10)
2025-04-14 09:53:15:     at Module.load (node:internal/modules/cjs/loader:1203:32)
2025-04-14 09:53:15:     at Module._load (node:internal/modules/cjs/loader:1019:12)
2025-04-14 09:53:15:     at Object.<anonymous> (/nix/store/shfv23xyd45wxv8w4ax04abmvmf1m78w-pm2-5.4.2/lib/node_modules/pm2/lib/ProcessContainerFork.js:33:23)
2025-04-14 09:53:15:     at Module._compile (node:internal/modules/cjs/loader:1364:14)
2025-04-14 09:53:15:     at Module._extensions..js (node:internal/modules/cjs/loader:1422:10)
2025-04-14 09:53:15:     at Module.load (node:internal/modules/cjs/loader:1203:32)
2025-04-14 09:53:15:     at Module._load (node:internal/modules/cjs/loader:1019:12)
2025-04-14 09:53:15: TypeError: Resource is not a constructor
2025-04-14 09:53:15:     at Object.<anonymous> (/repo/nodejs/demo-app/app.js:15:13)
2025-04-14 09:53:15:     at Module._compile (node:internal/modules/cjs/loader:1364:14)
2025-04-14 09:53:15:     at Module._extensions..js (node:internal/modules/cjs/loader:1422:10)
2025-04-14 09:53:15:     at Module.load (node:internal/modules/cjs/loader:1203:32)
2025-04-14 09:53:15:     at Module._load (node:internal/modules/cjs/loader:1019:12)
2025-04-14 09:53:15:     at Object.<anonymous> (/nix/store/shfv23xyd45wxv8w4ax04abmvmf1m78w-pm2-5.4.2/lib/node_modules/pm2/lib/ProcessContainerFork.js:33:23)
2025-04-14 09:53:15:     at Module._compile (node:internal/modules/cjs/loader:1364:14)
2025-04-14 09:53:15:     at Module._extensions..js (node:internal/modules/cjs/loader:1422:10)
2025-04-14 09:53:15:     at Module.load (node:internal/modules/cjs/loader:1203:32)
2025-04-14 09:53:15:     at Module._load (node:internal/modules/cjs/loader:1019:12)
2025-04-14 09:53:15: TypeError: Resource is not a constructor
2025-04-14 09:53:15:     at Object.<anonymous> (/repo/nodejs/demo-app/app.js:15:13)
2025-04-14 09:53:15:     at Module._compile (node:internal/modules/cjs/loader:1364:14)
2025-04-14 09:53:15:     at Module._extensions..js (node:internal/modules/cjs/loader:1422:10)
2025-04-14 09:53:15:     at Module.load (node:internal/modules/cjs/loader:1203:32)
2025-04-14 09:53:15:     at Module._load (node:internal/modules/cjs/loader:1019:12)
2025-04-14 09:53:15:     at Object.<anonymous> (/nix/store/shfv23xyd45wxv8w4ax04abmvmf1m78w-pm2-5.4.2/lib/node_modules/pm2/lib/ProcessContainerFork.js:33:23)
2025-04-14 09:53:15:     at Module._compile (node:internal/modules/cjs/loader:1364:14)
2025-04-14 09:53:15:     at Module._extensions..js (node:internal/modules/cjs/loader:1422:10)
2025-04-14 09:53:15:     at Module.load (node:internal/modules/cjs/loader:1203:32)
2025-04-14 09:53:15:     at Module._load (node:internal/modules/cjs/loader:1019:12)
2025-04-14 09:53:16: TypeError: Resource is not a constructor
2025-04-14 09:53:16:     at Object.<anonymous> (/repo/nodejs/demo-app/app.js:15:13)
2025-04-14 09:53:16:     at Module._compile (node:internal/modules/cjs/loader:1364:14)
2025-04-14 09:53:16:     at Module._extensions..js (node:internal/modules/cjs/loader:1422:10)
2025-04-14 09:53:16:     at Module.load (node:internal/modules/cjs/loader:1203:32)
2025-04-14 09:53:16:     at Module._load (node:internal/modules/cjs/loader:1019:12)
2025-04-14 09:53:16:     at Object.<anonymous> (/nix/store/shfv23xyd45wxv8w4ax04abmvmf1m78w-pm2-5.4.2/lib/node_modules/pm2/lib/ProcessContainerFork.js:33:23)
2025-04-14 09:53:16:     at Module._compile (node:internal/modules/cjs/loader:1364:14)
2025-04-14 09:53:16:     at Module._extensions..js (node:internal/modules/cjs/loader:1422:10)
2025-04-14 09:53:16:     at Module.load (node:internal/modules/cjs/loader:1203:32)
2025-04-14 09:53:16:     at Module._load (node:internal/modules/cjs/loader:1019:12)
2025-04-14 09:53:16: TypeError: Resource is not a constructor
2025-04-14 09:53:16:     at Object.<anonymous> (/repo/nodejs/demo-app/app.js:15:13)
2025-04-14 09:53:16:     at Module._compile (node:internal/modules/cjs/loader:1364:14)
2025-04-14 09:53:16:     at Module._extensions..js (node:internal/modules/cjs/loader:1422:10)
2025-04-14 09:53:16:     at Module.load (node:internal/modules/cjs/loader:1203:32)
2025-04-14 09:53:16:     at Module._load (node:internal/modules/cjs/loader:1019:12)
2025-04-14 09:53:16:     at Object.<anonymous> (/nix/store/shfv23xyd45wxv8w4ax04abmvmf1m78w-pm2-5.4.2/lib/node_modules/pm2/lib/ProcessContainerFork.js:33:23)
2025-04-14 09:53:16:     at Module._compile (node:internal/modules/cjs/loader:1364:14)
2025-04-14 09:53:16:     at Module._extensions..js (node:internal/modules/cjs/loader:1422:10)
2025-04-14 09:53:16:     at Module.load (node:internal/modules/cjs/loader:1203:32)
2025-04-14 09:53:16:     at Module._load (node:internal/modules/cjs/loader:1019:12)
2025-04-14 09:53:16: TypeError: Resource is not a constructor
2025-04-14 09:53:16:     at Object.<anonymous> (/repo/nodejs/demo-app/app.js:15:13)
2025-04-14 09:53:16:     at Module._compile (node:internal/modules/cjs/loader:1364:14)
2025-04-14 09:53:16:     at Module._extensions..js (node:internal/modules/cjs/loader:1422:10)
2025-04-14 09:53:16:     at Module.load (node:internal/modules/cjs/loader:1203:32)
2025-04-14 09:53:16:     at Module._load (node:internal/modules/cjs/loader:1019:12)
2025-04-14 09:53:16:     at Object.<anonymous> (/nix/store/shfv23xyd45wxv8w4ax04abmvmf1m78w-pm2-5.4.2/lib/node_modules/pm2/lib/ProcessContainerFork.js:33:23)
2025-04-14 09:53:16:     at Module._compile (node:internal/modules/cjs/loader:1364:14)
2025-04-14 09:53:16:     at Module._extensions..js (node:internal/modules/cjs/loader:1422:10)
2025-04-14 09:53:16:     at Module.load (node:internal/modules/cjs/loader:1203:32)
2025-04-14 09:53:16:     at Module._load (node:internal/modules/cjs/loader:1019:12)
2025-04-14 09:53:17: TypeError: Resource is not a constructor
2025-04-14 09:53:17:     at Object.<anonymous> (/repo/nodejs/demo-app/app.js:15:13)
2025-04-14 09:53:17:     at Module._compile (node:internal/modules/cjs/loader:1364:14)
2025-04-14 09:53:17:     at Module._extensions..js (node:internal/modules/cjs/loader:1422:10)
2025-04-14 09:53:17:     at Module.load (node:internal/modules/cjs/loader:1203:32)
2025-04-14 09:53:17:     at Module._load (node:internal/modules/cjs/loader:1019:12)
2025-04-14 09:53:17:     at Object.<anonymous> (/nix/store/shfv23xyd45wxv8w4ax04abmvmf1m78w-pm2-5.4.2/lib/node_modules/pm2/lib/ProcessContainerFork.js:33:23)
2025-04-14 09:53:17:     at Module._compile (node:internal/modules/cjs/loader:1364:14)
2025-04-14 09:53:17:     at Module._extensions..js (node:internal/modules/cjs/loader:1422:10)
2025-04-14 09:53:17:     at Module.load (node:internal/modules/cjs/loader:1203:32)
2025-04-14 09:53:17:     at Module._load (node:internal/modules/cjs/loader:1019:12)
2025-04-14 09:53:17: TypeError: Resource is not a constructor
2025-04-14 09:53:17:     at Object.<anonymous> (/repo/nodejs/demo-app/app.js:15:13)
2025-04-14 09:53:17:     at Module._compile (node:internal/modules/cjs/loader:1364:14)
2025-04-14 09:53:17:     at Module._extensions..js (node:internal/modules/cjs/loader:1422:10)
2025-04-14 09:53:17:     at Module.load (node:internal/modules/cjs/loader:1203:32)
2025-04-14 09:53:17:     at Module._load (node:internal/modules/cjs/loader:1019:12)
2025-04-14 09:53:17:     at Object.<anonymous> (/nix/store/shfv23xyd45wxv8w4ax04abmvmf1m78w-pm2-5.4.2/lib/node_modules/pm2/lib/ProcessContainerFork.js:33:23)
2025-04-14 09:53:17:     at Module._compile (node:internal/modules/cjs/loader:1364:14)
2025-04-14 09:53:17:     at Module._extensions..js (node:internal/modules/cjs/loader:1422:10)
2025-04-14 09:53:17:     at Module.load (node:internal/modules/cjs/loader:1203:32)
2025-04-14 09:53:17:     at Module._load (node:internal/modules/cjs/loader:1019:12)
2025-04-14 09:53:17: TypeError: Resource is not a constructor
2025-04-14 09:53:17:     at Object.<anonymous> (/repo/nodejs/demo-app/app.js:15:13)
2025-04-14 09:53:17:     at Module._compile (node:internal/modules/cjs/loader:1364:14)
2025-04-14 09:53:17:     at Module._extensions..js (node:internal/modules/cjs/loader:1422:10)
2025-04-14 09:53:17:     at Module.load (node:internal/modules/cjs/loader:1203:32)
2025-04-14 09:53:17:     at Module._load (node:internal/modules/cjs/loader:1019:12)
2025-04-14 09:53:17:     at Object.<anonymous> (/nix/store/shfv23xyd45wxv8w4ax04abmvmf1m78w-pm2-5.4.2/lib/node_modules/pm2/lib/ProcessContainerFork.js:33:23)
2025-04-14 09:53:17:     at Module._compile (node:internal/modules/cjs/loader:1364:14)
2025-04-14 09:53:17:     at Module._extensions..js (node:internal/modules/cjs/loader:1422:10)
2025-04-14 09:53:17:     at Module.load (node:internal/modules/cjs/loader:1203:32)
2025-04-14 09:53:17:     at Module._load (node:internal/modules/cjs/loader:1019:12)
2025-04-14 09:53:18: TypeError: Resource is not a constructor
2025-04-14 09:53:18:     at Object.<anonymous> (/repo/nodejs/demo-app/app.js:15:13)
2025-04-14 09:53:18:     at Module._compile (node:internal/modules/cjs/loader:1364:14)
2025-04-14 09:53:18:     at Module._extensions..js (node:internal/modules/cjs/loader:1422:10)
2025-04-14 09:53:18:     at Module.load (node:internal/modules/cjs/loader:1203:32)
2025-04-14 09:53:18:     at Module._load (node:internal/modules/cjs/loader:1019:12)
2025-04-14 09:53:18:     at Object.<anonymous> (/nix/store/shfv23xyd45wxv8w4ax04abmvmf1m78w-pm2-5.4.2/lib/node_modules/pm2/lib/ProcessContainerFork.js:33:23)
2025-04-14 09:53:18:     at Module._compile (node:internal/modules/cjs/loader:1364:14)
2025-04-14 09:53:18:     at Module._extensions..js (node:internal/modules/cjs/loader:1422:10)
2025-04-14 09:53:18:     at Module.load (node:internal/modules/cjs/loader:1203:32)
2025-04-14 09:53:18:     at Module._load (node:internal/modules/cjs/loader:1019:12)
2025-04-14 09:53:19: TypeError: Resource is not a constructor
2025-04-14 09:53:19:     at Object.<anonymous> (/repo/nodejs/demo-app/app.js:15:13)
2025-04-14 09:53:19:     at Module._compile (node:internal/modules/cjs/loader:1364:14)
2025-04-14 09:53:19:     at Module._extensions..js (node:internal/modules/cjs/loader:1422:10)
2025-04-14 09:53:19:     at Module.load (node:internal/modules/cjs/loader:1203:32)
2025-04-14 09:53:19:     at Module._load (node:internal/modules/cjs/loader:1019:12)
2025-04-14 09:53:19:     at Object.<anonymous> (/nix/store/shfv23xyd45wxv8w4ax04abmvmf1m78w-pm2-5.4.2/lib/node_modules/pm2/lib/ProcessContainerFork.js:33:23)
2025-04-14 09:53:19:     at Module._compile (node:internal/modules/cjs/loader:1364:14)
2025-04-14 09:53:19:     at Module._extensions..js (node:internal/modules/cjs/loader:1422:10)
2025-04-14 09:53:19:     at Module.load (node:internal/modules/cjs/loader:1203:32)
2025-04-14 09:53:19:     at Module._load (node:internal/modules/cjs/loader:1019:12)
2025-04-14 09:53:27: TypeError: Resource is not a constructor
2025-04-14 09:53:27:     at Object.<anonymous> (/repo/nodejs/demo-app/app.js:15:13)
2025-04-14 09:53:27:     at Module._compile (node:internal/modules/cjs/loader:1364:14)
2025-04-14 09:53:27:     at Module._extensions..js (node:internal/modules/cjs/loader:1422:10)
2025-04-14 09:53:27:     at Module.load (node:internal/modules/cjs/loader:1203:32)
2025-04-14 09:53:27:     at Module._load (node:internal/modules/cjs/loader:1019:12)
2025-04-14 09:53:27:     at Object.<anonymous> (/nix/store/shfv23xyd45wxv8w4ax04abmvmf1m78w-pm2-5.4.2/lib/node_modules/pm2/lib/ProcessContainerFork.js:33:23)
2025-04-14 09:53:27:     at Module._compile (node:internal/modules/cjs/loader:1364:14)
2025-04-14 09:53:27:     at Module._extensions..js (node:internal/modules/cjs/loader:1422:10)
2025-04-14 09:53:27:     at Module.load (node:internal/modules/cjs/loader:1203:32)
2025-04-14 09:53:27:     at Module._load (node:internal/modules/cjs/loader:1019:12)
2025-04-14 09:53:27: TypeError: Resource is not a constructor
2025-04-14 09:53:27:     at Object.<anonymous> (/repo/nodejs/demo-app/app.js:15:13)
2025-04-14 09:53:27:     at Module._compile (node:internal/modules/cjs/loader:1364:14)
2025-04-14 09:53:27:     at Module._extensions..js (node:internal/modules/cjs/loader:1422:10)
2025-04-14 09:53:27:     at Module.load (node:internal/modules/cjs/loader:1203:32)
2025-04-14 09:53:27:     at Module._load (node:internal/modules/cjs/loader:1019:12)
2025-04-14 09:53:27:     at Object.<anonymous> (/nix/store/shfv23xyd45wxv8w4ax04abmvmf1m78w-pm2-5.4.2/lib/node_modules/pm2/lib/ProcessContainerFork.js:33:23)
2025-04-14 09:53:27:     at Module._compile (node:internal/modules/cjs/loader:1364:14)
2025-04-14 09:53:27:     at Module._extensions..js (node:internal/modules/cjs/loader:1422:10)
2025-04-14 09:53:27:     at Module.load (node:internal/modules/cjs/loader:1203:32)
2025-04-14 09:53:27:     at Module._load (node:internal/modules/cjs/loader:1019:12)
2025-04-14 09:53:27: TypeError: Resource is not a constructor
2025-04-14 09:53:27:     at Object.<anonymous> (/repo/nodejs/demo-app/app.js:15:13)
2025-04-14 09:53:27:     at Module._compile (node:internal/modules/cjs/loader:1364:14)
2025-04-14 09:53:27:     at Module._extensions..js (node:internal/modules/cjs/loader:1422:10)
2025-04-14 09:53:27:     at Module.load (node:internal/modules/cjs/loader:1203:32)
2025-04-14 09:53:27:     at Module._load (node:internal/modules/cjs/loader:1019:12)
2025-04-14 09:53:27:     at Object.<anonymous> (/nix/store/shfv23xyd45wxv8w4ax04abmvmf1m78w-pm2-5.4.2/lib/node_modules/pm2/lib/ProcessContainerFork.js:33:23)
2025-04-14 09:53:27:     at Module._compile (node:internal/modules/cjs/loader:1364:14)
2025-04-14 09:53:27:     at Module._extensions..js (node:internal/modules/cjs/loader:1422:10)
2025-04-14 09:53:27:     at Module.load (node:internal/modules/cjs/loader:1203:32)
2025-04-14 09:53:27:     at Module._load (node:internal/modules/cjs/loader:1019:12)
2025-04-14 09:53:28: TypeError: Resource is not a constructor
2025-04-14 09:53:28:     at Object.<anonymous> (/repo/nodejs/demo-app/app.js:15:13)
2025-04-14 09:53:28:     at Module._compile (node:internal/modules/cjs/loader:1364:14)
2025-04-14 09:53:28:     at Module._extensions..js (node:internal/modules/cjs/loader:1422:10)
2025-04-14 09:53:28:     at Module.load (node:internal/modules/cjs/loader:1203:32)
2025-04-14 09:53:28:     at Module._load (node:internal/modules/cjs/loader:1019:12)
2025-04-14 09:53:28:     at Object.<anonymous> (/nix/store/shfv23xyd45wxv8w4ax04abmvmf1m78w-pm2-5.4.2/lib/node_modules/pm2/lib/ProcessContainerFork.js:33:23)
2025-04-14 09:53:28:     at Module._compile (node:internal/modules/cjs/loader:1364:14)
2025-04-14 09:53:28:     at Module._extensions..js (node:internal/modules/cjs/loader:1422:10)
2025-04-14 09:53:28:     at Module.load (node:internal/modules/cjs/loader:1203:32)
2025-04-14 09:53:28:     at Module._load (node:internal/modules/cjs/loader:1019:12)
2025-04-14 09:53:29: TypeError: Resource is not a constructor
2025-04-14 09:53:29:     at Object.<anonymous> (/repo/nodejs/demo-app/app.js:15:13)
2025-04-14 09:53:29:     at Module._compile (node:internal/modules/cjs/loader:1364:14)
2025-04-14 09:53:29:     at Module._extensions..js (node:internal/modules/cjs/loader:1422:10)
2025-04-14 09:53:29:     at Module.load (node:internal/modules/cjs/loader:1203:32)
2025-04-14 09:53:29:     at Module._load (node:internal/modules/cjs/loader:1019:12)
2025-04-14 09:53:29:     at Object.<anonymous> (/nix/store/shfv23xyd45wxv8w4ax04abmvmf1m78w-pm2-5.4.2/lib/node_modules/pm2/lib/ProcessContainerFork.js:33:23)
2025-04-14 09:53:29:     at Module._compile (node:internal/modules/cjs/loader:1364:14)
2025-04-14 09:53:29:     at Module._extensions..js (node:internal/modules/cjs/loader:1422:10)
2025-04-14 09:53:29:     at Module.load (node:internal/modules/cjs/loader:1203:32)
2025-04-14 09:53:29:     at Module._load (node:internal/modules/cjs/loader:1019:12)
2025-04-14 09:53:29: TypeError: Resource is not a constructor
2025-04-14 09:53:29:     at Object.<anonymous> (/repo/nodejs/demo-app/app.js:15:13)
2025-04-14 09:53:29:     at Module._compile (node:internal/modules/cjs/loader:1364:14)
2025-04-14 09:53:29:     at Module._extensions..js (node:internal/modules/cjs/loader:1422:10)
2025-04-14 09:53:29:     at Module.load (node:internal/modules/cjs/loader:1203:32)
2025-04-14 09:53:29:     at Module._load (node:internal/modules/cjs/loader:1019:12)
2025-04-14 09:53:29:     at Object.<anonymous> (/nix/store/shfv23xyd45wxv8w4ax04abmvmf1m78w-pm2-5.4.2/lib/node_modules/pm2/lib/ProcessContainerFork.js:33:23)
2025-04-14 09:53:29:     at Module._compile (node:internal/modules/cjs/loader:1364:14)
2025-04-14 09:53:29:     at Module._extensions..js (node:internal/modules/cjs/loader:1422:10)
2025-04-14 09:53:29:     at Module.load (node:internal/modules/cjs/loader:1203:32)
2025-04-14 09:53:29:     at Module._load (node:internal/modules/cjs/loader:1019:12)
2025-04-14 09:53:30: TypeError: Resource is not a constructor
2025-04-14 09:53:30:     at Object.<anonymous> (/repo/nodejs/demo-app/app.js:15:13)
2025-04-14 09:53:30:     at Module._compile (node:internal/modules/cjs/loader:1364:14)
2025-04-14 09:53:30:     at Module._extensions..js (node:internal/modules/cjs/loader:1422:10)
2025-04-14 09:53:30:     at Module.load (node:internal/modules/cjs/loader:1203:32)
2025-04-14 09:53:30:     at Module._load (node:internal/modules/cjs/loader:1019:12)
2025-04-14 09:53:30:     at Object.<anonymous> (/nix/store/shfv23xyd45wxv8w4ax04abmvmf1m78w-pm2-5.4.2/lib/node_modules/pm2/lib/ProcessContainerFork.js:33:23)
2025-04-14 09:53:30:     at Module._compile (node:internal/modules/cjs/loader:1364:14)
2025-04-14 09:53:30:     at Module._extensions..js (node:internal/modules/cjs/loader:1422:10)
2025-04-14 09:53:30:     at Module.load (node:internal/modules/cjs/loader:1203:32)
2025-04-14 09:53:30:     at Module._load (node:internal/modules/cjs/loader:1019:12)
2025-04-14 09:53:31: TypeError: Resource is not a constructor
2025-04-14 09:53:31:     at Object.<anonymous> (/repo/nodejs/demo-app/app.js:15:13)
2025-04-14 09:53:31:     at Module._compile (node:internal/modules/cjs/loader:1364:14)
2025-04-14 09:53:31:     at Module._extensions..js (node:internal/modules/cjs/loader:1422:10)
2025-04-14 09:53:31:     at Module.load (node:internal/modules/cjs/loader:1203:32)
2025-04-14 09:53:31:     at Module._load (node:internal/modules/cjs/loader:1019:12)
2025-04-14 09:53:31:     at Object.<anonymous> (/nix/store/shfv23xyd45wxv8w4ax04abmvmf1m78w-pm2-5.4.2/lib/node_modules/pm2/lib/ProcessContainerFork.js:33:23)
2025-04-14 09:53:31:     at Module._compile (node:internal/modules/cjs/loader:1364:14)
2025-04-14 09:53:31:     at Module._extensions..js (node:internal/modules/cjs/loader:1422:10)
2025-04-14 09:53:31:     at Module.load (node:internal/modules/cjs/loader:1203:32)
2025-04-14 09:53:31:     at Module._load (node:internal/modules/cjs/loader:1019:12)
2025-04-14 09:53:31: TypeError: Resource is not a constructor
2025-04-14 09:53:31:     at Object.<anonymous> (/repo/nodejs/demo-app/app.js:15:13)
2025-04-14 09:53:31:     at Module._compile (node:internal/modules/cjs/loader:1364:14)
2025-04-14 09:53:31:     at Module._extensions..js (node:internal/modules/cjs/loader:1422:10)
2025-04-14 09:53:31:     at Module.load (node:internal/modules/cjs/loader:1203:32)
2025-04-14 09:53:31:     at Module._load (node:internal/modules/cjs/loader:1019:12)
2025-04-14 09:53:31:     at Object.<anonymous> (/nix/store/shfv23xyd45wxv8w4ax04abmvmf1m78w-pm2-5.4.2/lib/node_modules/pm2/lib/ProcessContainerFork.js:33:23)
2025-04-14 09:53:31:     at Module._compile (node:internal/modules/cjs/loader:1364:14)
2025-04-14 09:53:31:     at Module._extensions..js (node:internal/modules/cjs/loader:1422:10)
2025-04-14 09:53:31:     at Module.load (node:internal/modules/cjs/loader:1203:32)
2025-04-14 09:53:31:     at Module._load (node:internal/modules/cjs/loader:1019:12)
2025-04-14 09:53:32: TypeError: Resource is not a constructor
2025-04-14 09:53:32:     at Object.<anonymous> (/repo/nodejs/demo-app/app.js:15:13)
2025-04-14 09:53:32:     at Module._compile (node:internal/modules/cjs/loader:1364:14)
2025-04-14 09:53:32:     at Module._extensions..js (node:internal/modules/cjs/loader:1422:10)
2025-04-14 09:53:32:     at Module.load (node:internal/modules/cjs/loader:1203:32)
2025-04-14 09:53:32:     at Module._load (node:internal/modules/cjs/loader:1019:12)
2025-04-14 09:53:32:     at Object.<anonymous> (/nix/store/shfv23xyd45wxv8w4ax04abmvmf1m78w-pm2-5.4.2/lib/node_modules/pm2/lib/ProcessContainerFork.js:33:23)
2025-04-14 09:53:32:     at Module._compile (node:internal/modules/cjs/loader:1364:14)
2025-04-14 09:53:32:     at Module._extensions..js (node:internal/modules/cjs/loader:1422:10)
2025-04-14 09:53:32:     at Module.load (node:internal/modules/cjs/loader:1203:32)
2025-04-14 09:53:32:     at Module._load (node:internal/modules/cjs/loader:1019:12)
2025-04-14 09:53:33: TypeError: Resource is not a constructor
2025-04-14 09:53:33:     at Object.<anonymous> (/repo/nodejs/demo-app/app.js:15:13)
2025-04-14 09:53:33:     at Module._compile (node:internal/modules/cjs/loader:1364:14)
2025-04-14 09:53:33:     at Module._extensions..js (node:internal/modules/cjs/loader:1422:10)
2025-04-14 09:53:33:     at Module.load (node:internal/modules/cjs/loader:1203:32)
2025-04-14 09:53:33:     at Module._load (node:internal/modules/cjs/loader:1019:12)
2025-04-14 09:53:33:     at Object.<anonymous> (/nix/store/shfv23xyd45wxv8w4ax04abmvmf1m78w-pm2-5.4.2/lib/node_modules/pm2/lib/ProcessContainerFork.js:33:23)
2025-04-14 09:53:33:     at Module._compile (node:internal/modules/cjs/loader:1364:14)
2025-04-14 09:53:33:     at Module._extensions..js (node:internal/modules/cjs/loader:1422:10)
2025-04-14 09:53:33:     at Module.load (node:internal/modules/cjs/loader:1203:32)
2025-04-14 09:53:33:     at Module._load (node:internal/modules/cjs/loader:1019:12)
2025-04-14 09:53:34: TypeError: Resource is not a constructor
2025-04-14 09:53:34:     at Object.<anonymous> (/repo/nodejs/demo-app/app.js:15:13)
2025-04-14 09:53:34:     at Module._compile (node:internal/modules/cjs/loader:1364:14)
2025-04-14 09:53:34:     at Module._extensions..js (node:internal/modules/cjs/loader:1422:10)
2025-04-14 09:53:34:     at Module.load (node:internal/modules/cjs/loader:1203:32)
2025-04-14 09:53:34:     at Module._load (node:internal/modules/cjs/loader:1019:12)
2025-04-14 09:53:34:     at Object.<anonymous> (/nix/store/shfv23xyd45wxv8w4ax04abmvmf1m78w-pm2-5.4.2/lib/node_modules/pm2/lib/ProcessContainerFork.js:33:23)
2025-04-14 09:53:34:     at Module._compile (node:internal/modules/cjs/loader:1364:14)
2025-04-14 09:53:34:     at Module._extensions..js (node:internal/modules/cjs/loader:1422:10)
2025-04-14 09:53:34:     at Module.load (node:internal/modules/cjs/loader:1203:32)
2025-04-14 09:53:34:     at Module._load (node:internal/modules/cjs/loader:1019:12)
2025-04-14 09:53:34: TypeError: Resource is not a constructor
2025-04-14 09:53:34:     at Object.<anonymous> (/repo/nodejs/demo-app/app.js:15:13)
2025-04-14 09:53:34:     at Module._compile (node:internal/modules/cjs/loader:1364:14)
2025-04-14 09:53:34:     at Module._extensions..js (node:internal/modules/cjs/loader:1422:10)
2025-04-14 09:53:34:     at Module.load (node:internal/modules/cjs/loader:1203:32)
2025-04-14 09:53:34:     at Module._load (node:internal/modules/cjs/loader:1019:12)
2025-04-14 09:53:34:     at Object.<anonymous> (/nix/store/shfv23xyd45wxv8w4ax04abmvmf1m78w-pm2-5.4.2/lib/node_modules/pm2/lib/ProcessContainerFork.js:33:23)
2025-04-14 09:53:34:     at Module._compile (node:internal/modules/cjs/loader:1364:14)
2025-04-14 09:53:34:     at Module._extensions..js (node:internal/modules/cjs/loader:1422:10)
2025-04-14 09:53:34:     at Module.load (node:internal/modules/cjs/loader:1203:32)
2025-04-14 09:53:34:     at Module._load (node:internal/modules/cjs/loader:1019:12)
2025-04-14 09:53:34: TypeError: Resource is not a constructor
2025-04-14 09:53:34:     at Object.<anonymous> (/repo/nodejs/demo-app/app.js:15:13)
2025-04-14 09:53:34:     at Module._compile (node:internal/modules/cjs/loader:1364:14)
2025-04-14 09:53:34:     at Module._extensions..js (node:internal/modules/cjs/loader:1422:10)
2025-04-14 09:53:34:     at Module.load (node:internal/modules/cjs/loader:1203:32)
2025-04-14 09:53:34:     at Module._load (node:internal/modules/cjs/loader:1019:12)
2025-04-14 09:53:34:     at Object.<anonymous> (/nix/store/shfv23xyd45wxv8w4ax04abmvmf1m78w-pm2-5.4.2/lib/node_modules/pm2/lib/ProcessContainerFork.js:33:23)
2025-04-14 09:53:34:     at Module._compile (node:internal/modules/cjs/loader:1364:14)
2025-04-14 09:53:34:     at Module._extensions..js (node:internal/modules/cjs/loader:1422:10)
2025-04-14 09:53:34:     at Module.load (node:internal/modules/cjs/loader:1203:32)
2025-04-14 09:53:34:     at Module._load (node:internal/modules/cjs/loader:1019:12)
2025-04-14 09:53:35: TypeError: Resource is not a constructor
2025-04-14 09:53:35:     at Object.<anonymous> (/repo/nodejs/demo-app/app.js:15:13)
2025-04-14 09:53:35:     at Module._compile (node:internal/modules/cjs/loader:1364:14)
2025-04-14 09:53:35:     at Module._extensions..js (node:internal/modules/cjs/loader:1422:10)
2025-04-14 09:53:35:     at Module.load (node:internal/modules/cjs/loader:1203:32)
2025-04-14 09:53:35:     at Module._load (node:internal/modules/cjs/loader:1019:12)
2025-04-14 09:53:35:     at Object.<anonymous> (/nix/store/shfv23xyd45wxv8w4ax04abmvmf1m78w-pm2-5.4.2/lib/node_modules/pm2/lib/ProcessContainerFork.js:33:23)
2025-04-14 09:53:35:     at Module._compile (node:internal/modules/cjs/loader:1364:14)
2025-04-14 09:53:35:     at Module._extensions..js (node:internal/modules/cjs/loader:1422:10)
2025-04-14 09:53:35:     at Module.load (node:internal/modules/cjs/loader:1203:32)
2025-04-14 09:53:35:     at Module._load (node:internal/modules/cjs/loader:1019:12)
2025-04-14 09:53:35: TypeError: Resource is not a constructor
2025-04-14 09:53:35:     at Object.<anonymous> (/repo/nodejs/demo-app/app.js:15:13)
2025-04-14 09:53:35:     at Module._compile (node:internal/modules/cjs/loader:1364:14)
2025-04-14 09:53:35:     at Module._extensions..js (node:internal/modules/cjs/loader:1422:10)
2025-04-14 09:53:35:     at Module.load (node:internal/modules/cjs/loader:1203:32)
2025-04-14 09:53:35:     at Module._load (node:internal/modules/cjs/loader:1019:12)
2025-04-14 09:53:35:     at Object.<anonymous> (/nix/store/shfv23xyd45wxv8w4ax04abmvmf1m78w-pm2-5.4.2/lib/node_modules/pm2/lib/ProcessContainerFork.js:33:23)
2025-04-14 09:53:35:     at Module._compile (node:internal/modules/cjs/loader:1364:14)
2025-04-14 09:53:35:     at Module._extensions..js (node:internal/modules/cjs/loader:1422:10)
2025-04-14 09:53:35:     at Module.load (node:internal/modules/cjs/loader:1203:32)
2025-04-14 09:53:35:     at Module._load (node:internal/modules/cjs/loader:1019:12)
2025-04-14 09:53:43: TypeError: Resource is not a constructor
2025-04-14 09:53:43:     at Object.<anonymous> (/repo/nodejs/demo-app/app.js:15:13)
2025-04-14 09:53:43:     at Module._compile (node:internal/modules/cjs/loader:1364:14)
2025-04-14 09:53:43:     at Module._extensions..js (node:internal/modules/cjs/loader:1422:10)
2025-04-14 09:53:43:     at Module.load (node:internal/modules/cjs/loader:1203:32)
2025-04-14 09:53:43:     at Module._load (node:internal/modules/cjs/loader:1019:12)
2025-04-14 09:53:43:     at Object.<anonymous> (/nix/store/shfv23xyd45wxv8w4ax04abmvmf1m78w-pm2-5.4.2/lib/node_modules/pm2/lib/ProcessContainerFork.js:33:23)
2025-04-14 09:53:43:     at Module._compile (node:internal/modules/cjs/loader:1364:14)
2025-04-14 09:53:43:     at Module._extensions..js (node:internal/modules/cjs/loader:1422:10)
2025-04-14 09:53:43:     at Module.load (node:internal/modules/cjs/loader:1203:32)
2025-04-14 09:53:43:     at Module._load (node:internal/modules/cjs/loader:1019:12)
